feed	genre	rank	name	seller	released	ratings	stars	updated	price	id
grossing	Business	1	LinkedIn: Community & Network	LinkedIn Corporation	2019-02-03	644611	4.77	2026-10-01	0.00	288429040
grossing	Business	2	Acrobat Reader: PDF Editor	Adobe Inc.	2011-10-17	657598	4.65	2026-09-21	0.00	469337564
grossing	Business	3	Intuit QuickBooks for Business	Intuit Inc.	2013-02-13	269600	4.74	2026-09-30	0.00	584606479
grossing	Business	4	iScanner: PDF Document Scanner	BPMobile	2015-09-23	1404412	4.76	2026-09-29	0.00	1040093707
grossing	Business	5	Zoom Workplace	Zoom Communications, Inc.	2012-08-15	3242948	4.66	2026-09-28	0.00	546505307
grossing	Business	6	Invoice Maker - Invoice Fly	Labhouse Mobile	2022-02-10	107810	4.76	2026-09-28	0.00	1606911248
grossing	Business	7	Invoice Maker ▸ Invoice Simple	Zenvoice Inc.	2013-09-18	122777	4.87	2026-09-23	0.00	694831622
grossing	Business	8	Scanner App - Scan PDF & Docs	TAPSUITE YAZILIM HIZMETLERI ANONIM SIRKETI	2021-12-07	36249	4.61	2026-10-03	0.00	1568660349
grossing	Business	9	FAX from iPhone: Send Doc App	Municorn Limited	2015-05-20	377373	4.78	2026-09-29	0.00	978931264
grossing	Business	10	SimplyWise: Cost Estimator	SimplyWise, Inc.	2024-09-12	37106	4.8	2026-09-24	0.00	6670619664
grossing	Business	11	Adobe Scan: PDF & Doc Scanner	Adobe Inc.	2017-05-31	1596241	4.88	2026-09-29	0.00	1199564834
grossing	Business	12	Package Tracker - pkge Mobile	DARADDO APPS	2018-07-25	19387	4.47	2026-09-09	0.00	1397865865
grossing	Business	13	Joist: Estimate Invoice Maker	Joist Software Inc.	2013-01-15	14222	4.75	2026-09-29	0.00	592163563
grossing	Business	14	Invoice Maker ▸ Estimate App	GetPaid Inc.	2017-12-07	36557	4.83	2026-09-25	0.00	1314873764
grossing	Business	15	Smart Printer App & Scan	Kain Suite Pte. Ltd.	2021-12-04	79671	4.21	2026-09-03	0.00	1597439129
grossing	Business	16	Invoice2go: Easy Invoice Maker	Invoice2go.com	2012-08-06	55923	4.85	2025-10-08	0.00	540236748
grossing	Business	17	FaxFree: Send Fax From iPhone	BPMobile	2016-09-16	173892	4.78	2026-09-17	0.00	1151406354
grossing	Business	18	Booksy Biz: Booking & Payments	Booksy	2013-10-21	14976	4.52	2026-10-01	0.00	725335996
grossing	Business	19	Tiny Scanner - PDF Scanner App	TinyWork Apps	2013-01-31	182707	4.82	2026-09-13	0.00	595563753
grossing	Business	20	Blinq: Digital Business Card	Blinq Technologies Pty Ltd	2017-12-14	131960	4.87	2026-09-27	0.00	1324102258
grossing	Business	21	Scanner Pro - Scan to PDF	Readdle Technologies Limited	2009-10-09	336282	4.87	2026-09-27	0.00	333710667
grossing	Business	22	Jobber Field Service Software	Jobber	2015-08-20	21130	4.81	2026-09-30	0.00	1014146758
grossing	Business	23	Printer App: Smart Print	Upscala Apps OU	2021-11-01	13647	4.61	2026-09-23	0.00	1585148293
grossing	Business	24	Scanner App. JPG, Photo to PDF	Municorn Limited	2018-08-24	74636	4.77	2026-09-16	0.00	1425891150
grossing	Business	25	TrapCall: Reveal No Caller ID	Mosaic S.r.l.	2014-05-21	26062	4.19	2026-08-23	0.00	877286524
grossing	Business	26	Voice Recorder — Audio Memos	PrimeForm OU	2022-12-02	3904	4.4	2026-08-31	0.00	1639516366
grossing	Business	27	Backstage - Casting Calls	Backstage LLC	2017-10-10	18830	4.73	2026-09-30	0.00	1215380527
grossing	Business	28	WhatsApp Business	WhatsApp Inc.	2019-04-04	1515881	4.68	2026-09-28	0.00	1386412985
grossing	Business	29	TapeACall: Call Recorder	Mosaic S.r.l.	2013-01-21	38267	4.32	2026-04-20	0.00	573751328
grossing	Business	30	ScanGuru: PDF Scanner App	GM UniverseApps Limited	2015-09-30	93242	4.6	2026-08-10	0.00	1040149161
grossing	Business	31	Mystro Driver: Drive & Deliver	Mystro	2021-01-28	10147	4.53	2026-10-01	0.00	1524407919
grossing	Business	32	Scanner App: Genius Scan	The Grizzly Labs	2010-06-22	1366741	4.9	2026-09-21	0.00	377672876
grossing	Business	33	Scan to PDF－Document Scanner	Scanner App PDF Tool	2021-08-05	61694	4.7	2026-08-12	0.00	1575194801
grossing	Business	34	Call Recorder for iPhone.	JatApp LLC	2020-04-20	80269	4.6	2026-10-02	0.00	1503665233
grossing	Business	35	SideShift - Earn Money	SideShift	2024-06-03	29586	4.81	2026-10-02	0.00	6481115809
grossing	Business	36	‎Smart Printer App: iPrint	Rhythmix OU	2023-06-05	15242	4.54	2026-09-18	0.00	6445919810
grossing	Business	37	Boards.com	Boards.com Ltd	2020-07-26	20461	4.82	2026-09-30	0.00	1507677341
grossing	Business	38	HoneyBook - Small Business CRM	HoneyBook Inc.	2016-09-10	16310	4.77	2026-09-29	0.00	1104772757
grossing	Business	39	PDF Editor: Read Scan Convert	Rhophi Analytics LLP	2022-09-29	7961	4.66	2026-10-01	0.00	6443583054
grossing	Business	40	Manychat	Manychat	2019-09-09	2122	4.27	2026-09-22	0.00	1460129210
grossing	Business	41	Scanner – Scan PDF, ID & Docs	Luni	2017-10-05	222762	4.73	2026-09-28	0.00	1291962681
grossing	Business	42	Smart Air Printer - AnyPrint	MobileTech OU	2025-07-31	1787	4.41	2026-09-29	0.00	6745872842
grossing	Business	43	PDF Editor ®	SMM service, s.r.o.	2020-12-17	29084	4.53	2026-07-29	0.00	1532638515
grossing	Business	44	Scan Hero: PDF Scanner	Mosaic S.r.l.	2016-02-16	242033	4.68	2026-06-08	0.00	1017261655
grossing	Business	45	Printer app ®	SMM service, s.r.o.	2020-12-30	9913	4.08	2026-06-04	0.00	1541008027
grossing	Business	46	Jotform - Form, Sign & Survey	Jotform Inc	2019-06-16	44540	4.95	2026-09-24	0.00	1391524277
grossing	Business	47	Calendly: Meeting Scheduling	Calendly	2019-04-03	55305	4.85	2026-09-28	0.00	1451094657
grossing	Business	48	Stan: Link in Bio for Creators	FindCommunity, Inc.	2024-06-12	12901	4.87	2026-06-29	0.00	6478343472
grossing	Business	49	Scan Now: PDF Document Scanner	East End Technologies Ltd.	2023-05-31	2038	4.76	2026-05-14	0.00	1666079896
grossing	Business	50	Popl: AI Lead Capture	Popl Co	2020-04-10	102653	4.82	2026-09-24	0.00	1503939262
grossing	Business	51	FAX from iPhone・Send doc・Faxer	Plekmin Trade, S.L.	2023-09-12	16664	4.76	2026-10-01	0.00	6446494282
grossing	Business	52	My Scanner: Scan to PDF & Edit	Dream App Studio UAB	2020-05-20	20206	4.71	2026-09-28	0.00	1384875146
grossing	Business	53	MobiOffice・Word Docs・Excel・PDF	MobiSystems, Inc.	2014-10-24	44671	4.71	2026-09-08	0.00	924005506
grossing	Business	54	Quo (formerly OpenPhone)	OpenPhone Technologies Inc	2017-09-22	10803	4.4	2026-09-29	0.00	1241817309
grossing	Business	55	Bakesy: Home Bakery Biz App	Bakesy	2020-07-12	7070	4.9	2026-09-30	0.00	1515139393
grossing	Business	56	TruthFinder Search	TruthFinder Inc.	2017-11-14	6278	4.54	2025-05-16	0.00	1176720873
grossing	Business	57	Actors Access	Breakdown Services, Ltd.	2019-08-30	67	2.55	2026-07-21	0.00	1210208241
grossing	Business	58	pdfFiller: edit PDF documents	airSlate, Inc.	2013-04-22	8968	4.45	2026-03-18	0.00	571613512
grossing	Business	59	Wave: Small Business Software	Wave Financial Inc	2014-06-19	6652	4.37	2026-10-03	0.00	881629660
grossing	Business	60	Scanner App: Scan Documents	UNITEMAN TECHNOLOGY (HK) LIMITED	2025-10-19	1495	4.58	2026-08-08	0.00	6753972326
grossing	Business	61	GoDaddy: Websites & Marketing	GoDaddy Mobile LLC	2012-07-05	107105	4.83	2026-09-28	0.00	535811906
grossing	Business	62	Homebase: Employee Scheduling	Pioneer Works, Inc.	2014-05-06	94629	4.78	2026-09-29	0.00	871544379
grossing	Business	63	Call Recorder iCall	AppInnovations	2019-01-23	23104	4.57	2026-09-09	0.00	1447098963
grossing	Business	64	iFax App Send Fax From iPhone	Crowded Road	2009-10-13	37433	4.55	2026-09-14	0.00	331514859
grossing	Business	65	Billdu: Invoice Estimate Maker	BILLDU LTD	2012-05-25	26195	4.82	2026-09-14	0.00	527885754
grossing	Business	66	Regrid Property App	LOVELAND Technologies	2018-03-20	8812	4.79	2026-09-17	0.00	1338927298
grossing	Business	67	Smart Printer App: Print, Scan	Appers Limited	2023-07-15	8709	4.65	2026-08-25	0.00	6450398308
grossing	Business	68	Authenticator App ⁸	Secure Shield Tech	2025-04-24	907	4.58	2026-07-14	0.00	6744388310
grossing	Business	69	Fax from iPhone: Free of ad	Must Have Apps	2017-01-26	29376	4.73	2026-09-30	0.00	1179154292
grossing	Business	70	Fax.Plus - Receive & Send Fax	Alohi	2016-11-01	12789	4.68	2026-09-30	0.00	1170782544
grossing	Business	71	Tiny Fax: Send Fax From iPhone	TinyWork Apps	2013-08-27	26443	4.69	2026-09-18	0.00	675468902
grossing	Business	72	Invoice Maker by Invoice Home	Invoice Home Inc.	2018-11-13	378	4.57	2026-09-22	0.00	1435778692
grossing	Business	73	World VPN: Secure & Good Speed	Essa Studio	2022-04-24	1833	4.63	2026-09-29	0.00	1619738336
grossing	Business	74	Climate FieldView™	The Climate Corporation	2014-01-31	177	3.4	2026-08-11	0.00	797902820
grossing	Business	75	eFax® Plus-Pro-Protect	Consensus Cloud Solutions LLC	2010-10-30	29029	4.67	2026-09-02	0.00	399922064
grossing	Business	76	Voxer Walkie Talkie Messenger	Voxer LLC	2010-06-30	1820	3.0	2026-09-21	0.00	377304531
grossing	Business	77	Trucker Path Load Board	Trucker Path Inc.	2015-12-04	2797	4.54	2026-09-28	0.00	1007287939
grossing	Business	78	FaxFlow - Send Fax from iPhone	Mobile Flow Ltd	2024-03-15	7075	4.84	2026-09-28	0.00	6479331793
grossing	Business	79	LinkedIn Sales Navigator	LinkedIn Corporation	2014-09-01	51893	4.81	2026-05-08	0.00	910768078
grossing	Business	80	eSign App: Sign PDF Documents	Municorn Limited	2023-03-29	1499	4.79	2026-09-16	0.00	6446249178
grossing	Business	81	Upwork	Upwork Global Inc.	2019-01-11	70768	4.64	2026-09-28	0.00	1446736499
grossing	Business	82	Swoopa	Market Sourcing Solutions PTY LTD	2024-01-31	550	4.39	2026-10-02	0.00	6475300269
grossing	Business	83	Acres: Land Data & Parcel Maps	AcreMaps, LLC	2022-10-04	1982	4.61	2026-09-21	0.00	1629489295
grossing	Business	84	Remote Job Search  - FlexJobs	Bold Limited	2021-01-06	5776	4.47	2026-09-07	0.00	800818884
grossing	Business	85	Camera Scanner - PDF	Position Mobile Ltd SEZC	2020-08-12	6415	4.45	2024-12-03	0.00	1522421913
grossing	Business	86	Air Printer App: Smart Print	MEASURE TECH SOCIEDAD LIMITADA	2023-09-05	1232	4.48	2026-09-09	0.00	6461213041
grossing	Business	87	VoiceNotes: Audio Recordings	MobileTech OU	2020-05-27	559	4.43	2026-09-28	0.00	1485257715
grossing	Business	88	PDF Scanner App: TapScanner	SMART MEDIA INTERNET MARKETING LTD	2018-05-30	26841	4.66	2026-09-16	0.00	1382564905
grossing	Business	89	HotSchedules	HotSchedules	2008-10-30	67306	4.6	2026-09-28	2.99	294934058
grossing	Business	90	Tiny Invoice - Invoice Maker	NEO PIXEL LABS PTE. LTD.	2013-07-29	10484	4.77	2026-08-04	0.00	679572722
grossing	Business	91	Smart Printer App for HP *	Netsis Mobile FZCO	2025-07-01	2140	3.96	2026-03-22	0.00	6747405146
grossing	Business	92	Smart Printer App & Scanner	On Hand Apps - FZCO	2020-06-12	82438	4.5	2026-03-02	0.00	1517103958
grossing	Business	93	Package Tracker － Packy	CLICKOR LTD	2024-10-28	7	3.71	2026-09-30	0.00	6737194931
grossing	Business	94	ID Scanner Professional	Muhammet Yalcın Ozdemir Halil Ibrahim Karahan Mustafa Ayten Kupertino Bilisim Yazılım K.S	2022-03-08	3337	4.58	2026-06-11	0.00	1612261125
grossing	Business	95	FreshBooks Invoicing App	FreshBooks	2016-02-29	10979	4.7	2026-09-24	0.00	1052884030
grossing	Business	96	xScan : Document Scanner App	VPN MobApps Limited	2020-05-29	31212	4.6	2026-07-31	0.00	1496800347
grossing	Business	97	TapeACall Pro: Call Recorder	Mosaic S.r.l.	2013-01-21	18451	4.52	2025-02-13	10.99	577499909
grossing	Business	98	Smart Printer App - Air Print	Maple Labs Co., Ltd	2022-01-19	12981	4.55	2026-09-08	0.00	1602635337
grossing	Business	99	Reveal No Caller ID – MaskOff	Moff Technologies LLC	2023-06-20	766	4.72	2026-09-15	0.00	6447188698
grossing	Business	100	Owll Translator:AI Voice Clone	VOCALBEATS.AI PTE. LTD.	2025-03-18	1654	4.7	2026-09-21	0.00	6742527823
grossing	Weather	1	The Weather Channel - Radar	The Weather Channel Interactive	2008-11-08	6058768	4.76	2026-09-30	0.00	295646461
grossing	Weather	2	Clime: NOAA Weather Radar Live	Mosaic S.r.l.	2013-11-25	1054324	4.47	2026-10-02	0.00	749133753
grossing	Weather	3	AccuWeather: Weather Forecast	AccuWeather International, Inc.	2008-12-21	1496313	4.59	2026-09-21	0.00	300048137
grossing	Weather	4	DeerCast-Prep. Predict. Pursue	GSM Outdoors	2018-08-24	6832	4.54	2026-09-21	0.00	1425879996
grossing	Weather	5	Windy.app — Wind, Tides, Radar	Windy Weather World Inc	2015-06-26	73045	4.69	2026-09-28	0.00	997079492
grossing	Weather	6	Surfline: Wave & Surf Reports	Surfline/Wavetrak	2010-10-12	30541	4.66	2026-10-01	0.00	393782096
grossing	Weather	7	MyRadar Accurate Weather Radar	Aviation Data Systems, Inc	2009-07-17	1084170	4.85	2026-09-21	0.00	322439990
grossing	Weather	8	NOAA Weather Radar Live Map	Lutech-DN	2024-01-09	12673	4.54	2026-09-30	0.00	6473724440
grossing	Weather	9	CARROT Weather: Alerts & Radar	Grailr LLC	2015-03-19	87406	4.7	2026-09-18	0.00	961390574
grossing	Weather	10	RainDrop - Rain Totals & Radar	Raindrop Limited Liability Company	2023-07-17	22206	4.71	2026-10-03	0.00	6450370964
grossing	Weather	11	RadarScope	Base Velocity, LLC	2019-02-12	2786	4.17	2026-09-21	9.99	288419283
grossing	Weather	12	ForeFlight Mobile EFB	ForeFlight	2009-12-16	3257	4.41	2026-09-10	0.00	333252638
grossing	Weather	13	Weather Live° - Local Forecast	Mosaic S.r.l.	2013-11-25	400330	4.62	2026-09-23	0.00	749083919
grossing	Weather	14	Windy.com	Windyty, SE	2016-10-31	79626	4.82	2026-09-14	0.00	1161387262
grossing	Weather	15	NOAA Live Weather Radar	East End Technologies Ltd.	2023-06-16	2423	4.69	2026-05-22	0.00	1666079570
grossing	Weather	16	Storm Shield	Mosaic S.r.l.	2012-05-21	113488	4.76	2025-06-21	0.00	526831380
grossing	Weather	17	Storm Radar: Weather Tracker	The Weather Channel Interactive	2017-06-15	132710	4.48	2026-09-16	0.00	1216396545
grossing	Weather	18	NOAA Radar & Weather Forecast	Position Mobile Ltd SEZC	2020-06-25	75963	4.39	2024-12-03	0.00	1520179063
grossing	Weather	19	Weather Radar - NOAA Channel	Impala Studios	2013-06-11	251971	4.58	2026-09-30	0.00	649264704
grossing	Weather	20	WeatherWise.app	Interactive Weather Limited	2024-10-16	766	4.62	2026-09-17	0.00	6736407724
grossing	Weather	21	PredictWind — Marine Forecasts	PredictWind Limited	2012-01-03	32816	4.8	2026-09-24	0.00	477048487
grossing	Weather	22	Weather Underground: Local Map	Weather Underground, LLC	2011-12-21	31704	3.91	2025-06-30	0.00	486154808
grossing	Weather	23	WeatherBug: Weather Forecast	WeatherBug	2019-02-07	2185646	4.78	2026-10-01	0.00	281940292
grossing	Weather	24	RadarOmega: Doppler Radar App	SDS Weather LLC	2019-03-14	904	3.55	2026-07-15	8.99	1439881811
grossing	Weather	25	Weather Hi-Def Radar Forecast	Maple Media Apps, LLC	2011-09-01	76673	4.58	2026-08-18	0.00	458225159
grossing	Weather	26	SKAI - NOAA Weather Radar	Tightrope Interactive, Inc.	2023-06-08	30370	4.64	2026-09-17	0.00	6448301535
grossing	Weather	27	Buoyweather - Marine Forecasts	Surfline/Wavetrak	2013-08-31	1055	4.67	2026-09-23	0.00	686664992
grossing	Weather	28	Weather on the Way	Piotr Knapczyk	2020-07-27	19863	4.75	2026-09-02	0.00	1471394318
grossing	Weather	29	SailFlow: Sailing Forecasts	WeatherFlow	2012-10-18	5814	4.74	2026-09-25	0.00	555309964
grossing	Weather	30	MyRadar Weather Radar Pro	Aviation Data Systems, Inc	2009-08-09	43016	4.84	2026-09-21	5.99	325683306
grossing	Weather	31	MoonX: Moon Calendar for Life	Vibes LLC	2019-05-08	22362	4.78	2026-10-02	0.00	1454249438
grossing	Weather	32	Precip - Rain Forecast & Alert	Precipitation Inc.	2024-04-15	6072	4.79	2026-10-03	0.00	6471449887
grossing	Weather	33	UAV Forecast	Matthew LLOYD	2015-11-18	3481	4.63	2026-09-25	0.00	1050023752
grossing	Weather	34	Weatherly:Forecast&Radar	Magic Snail	2025-12-03	94	4.56	2026-09-21	0.00	6754548876
grossing	Weather	35	The Weather Forecast App	Position Mobile Ltd SEZC	2019-06-10	50594	4.53	2024-12-03	0.00	1461065428
grossing	Weather	36	WeatherFront - Radar & Models	WeatherFront LLC	2025-05-03	452	4.78	2026-09-17	0.00	6739154126
grossing	Weather	37	(Not Boring) Weather	Not Boring Software LLC	2021-02-15	18435	4.75	2026-09-11	0.00	1531063436
grossing	Weather	38	Turbulence Forecast	PJM Media, LLC	2011-12-09	205	4.59	2026-09-14	0.00	486438834
grossing	Weather	39	Tide Guide: Charts & Tables	Condor Digital	2018-07-30	10101	4.74	2026-09-27	0.00	1406371071
grossing	Weather	40	Weather Kitty: Weather + Radar	Weather Creative Inc.	2013-07-23	65662	4.84	2026-09-26	0.00	617045654
grossing	Weather	41	FishWeather: Marine Forecasts	WeatherFlow	2012-10-10	5168	4.74	2026-09-29	0.00	555644333
grossing	Weather	42	iKitesurf: Weather & Waves	WeatherFlow	2012-10-10	1962	4.73	2026-09-26	0.00	555643284
grossing	Weather	43	Drive Weather with Live Radar	Concept Elements LLC	2018-11-16	12690	4.65	2026-09-29	0.00	1424517685
grossing	Weather	44	Tide Alert (NOAA) - Tide Chart	Rivolu LLC	2018-04-09	44627	4.8	2026-09-20	0.00	1352211125
grossing	Weather	45	OpenSnow	Cloudnine Weather, Inc.	2013-12-18	9060	4.7	2026-09-28	0.00	780890907
grossing	Weather	46	WindAlert: Wind & Weather Map	WeatherFlow	2009-06-11	4672	4.75	2026-09-28	0.00	317992025
grossing	Weather	47	National Hurricane Center Data	LW Brands, LLC	2017-10-05	75647	4.79	2026-10-03	0.00	1289108781
grossing	Weather	48	Windfinder: Wind & Weather map	Windfinder	2009-11-15	62005	4.8	2026-09-16	0.00	336829635
grossing	Weather	49	Weather Navigation for Car!	byss mobile	2023-05-20	5829	4.45	2026-09-29	0.00	1673731295
grossing	Weather	50	Garmin Pilot	Garmin DCI	2009-12-22	4138	4.7	2026-09-29	0.00	340917615
grossing	Weather	51	Weather Pro · Radar Alerts	BUCKET LIST LABS S.L.	2017-08-16	262467	4.61	2026-09-17	0.00	1137406490
grossing	Weather	52	Ventusky: Weather Forecast	Ventusky s.r.o.	2017-09-11	35272	4.81	2026-09-17	0.00	1280984498
grossing	Weather	53	Ambient Weather Network	Ambient,LLC	2018-08-29	13930	4.59	2026-06-22	0.00	1426025887
grossing	Weather	54	Nautide: Tides, Wind, Waves +	Igoox	2018-08-15	3391	4.76	2026-09-21	0.00	1413108902
grossing	Weather	55	QuakeFeed Earthquake Alerts	Artisan Global LLC	2010-11-30	100092	4.78	2026-09-05	0.00	403037266
grossing	Weather	56	FishTrack - Charts & Forecasts	Surfline/Wavetrak	2015-02-18	6255	4.64	2024-10-09	0.00	952022603
grossing	Weather	57	SPF - Tan Timer & UV Tracker	BluPalms	2025-04-17	5006	4.58	2026-08-31	0.00	6744385703
grossing	Weather	58	EverythingWeather	Cory Mottice	2025-03-03	1343	4.83	2026-09-29	0.00	6736664582
grossing	Weather	59	Storm Tracker°	Impala Studios	2014-12-16	82320	4.63	2026-09-21	0.00	945662980
grossing	Weather	60	Mountain-Forecast.com	Meteo365 Ltd.	2023-08-29	810	4.92	2026-05-13	0.00	6446204098
grossing	Weather	61	NOAA: Weather Radar & Forecast	LeoStudio Global	2024-07-04	1953	4.6	2026-08-25	0.00	6503937276
grossing	Weather	62	iWindsurf: Weather and Waves	WeatherFlow	2012-10-10	1654	4.77	2026-09-27	0.00	564865754
grossing	Weather	63	Weather ۬	Impala Studios	2018-03-22	272100	4.54	2026-05-19	0.00	1335982274
grossing	Weather	64	Zoom Earth - Weather Forecast	Neave Interactive	2023-06-27	38831	4.85	2026-09-15	0.00	1531561063
grossing	Weather	65	Weather Puppy Forecast + Radar	Weather Creative Inc.	2012-05-25	53772	4.82	2026-09-26	0.00	528732981
grossing	Weather	66	PredictCurrent	PredictWind Limited	2023-12-21	261	4.47	2026-09-22	0.00	6468610449
grossing	Weather	67	NOAA Marine Weather & Forecast	ZipoApps	2017-06-19	5046	4.55	2026-08-18	0.00	1246091778
grossing	Weather	68	Acme Weather	Acme Weather	2026-02-18	2821	4.72	2026-09-15	0.00	6742032583
grossing	Weather	69	Solunar Best Hunting Times	Fascinating Projects	2014-06-21	5757	4.65	2026-09-24	0.00	883164832
grossing	Weather	70	Zelus WBGT	Zelusports LLC	2022-04-27	56	2.8	2026-07-28	0.00	1605250081
grossing	Weather	71	Beam Tanning - Get Tan Fast	Titano Digital Teknoloji Limited Şirketi	2024-07-13	16300	4.73	2026-10-02	0.00	6532628267
grossing	Weather	72	RainViewer: Live Weather Radar	MeteoLab Inc.	2015-07-22	30787	4.55	2026-10-01	0.00	980123924
grossing	Weather	73	WindHub: Sailing Weather	Windy Weather World Inc	2020-01-24	252	4.19	2026-07-27	0.00	1495146577
grossing	Weather	74	Michigan Storm Chasers	Michigan Storm Chasers L.L.C.	2026-07-20	782	4.93	2026-10-02	0.00	6776731085
grossing	Weather	75	Venturi Sports	Clayton Selby	2025-11-21	58	5	2026-09-28	0.00	6450483725
grossing	Weather	76	Mercury Weather	Triple Glazed Studios LLC	2022-09-12	1059	4.56	2026-09-22	0.00	1621800675
grossing	Weather	77	La Crosse View	La Crosse Technology	2017-08-25	81488	4.07	2026-09-29	0.00	1006925791
grossing	Weather	78	Game Weather IRL	Firat Tekin	2026-04-29	192	3.98	2026-09-01	0.00	6757721929
grossing	Weather	79	UV Index Widget - Worldwide	Bjorn Jenssen	2016-05-03	14526	4.76	2026-09-15	0.00	1100568288
grossing	Weather	80	Aurora Forecast.	TINAC Inc.	2012-07-20	4854	4.58	2026-08-26	0.00	539875792
grossing	Weather	81	Marine Weather Forecast Pro	LW Brands, LLC	2017-01-04	16366	4.71	2026-08-08	0.00	1191010451
grossing	Weather	82	Aspen Weather App	Ryan Boudreau	2021-06-19	18	3.78	2026-09-21	0.00	1536629790
grossing	Weather	83	Turbli+	Turbli AB	2026-07-21	2	5	2026-09-29	0.00	6762553623
grossing	Weather	84	Hello Weather	Electric Dream Machine LLC	2016-01-11	9525	4.69	2026-09-14	0.00	978393692
grossing	Weather	85	StormWatch+	Cirrus Weather Solutions, LLC	2012-07-20	85	2.84	2026-10-02	0.00	524537469
grossing	Weather	86	The Moon: Calendar Moon Phases	Vitalii Gryniuk	2016-03-11	118066	4.82	2026-03-12	0.00	1077455978
grossing	Weather	87	Weather⁺	Impala Studios	2010-12-14	144634	4.57	2026-09-21	0.00	404516121
grossing	Weather	88	Weathergraph weather widget	Tomas Kafka	2020-05-14	506	4.18	2026-10-02	0.00	1501958576
grossing	Weather	89	Astrospheric	Daniel Fiordalis	2017-01-25	476	4.77	2026-08-06	0.00	1166046863
grossing	Weather	90	Aurora Forecast - Borealis Map	Appelio	2025-10-23	135	4.65	2026-04-15	0.00	6752933257
grossing	Weather	91	Sunset Predictions: Alpenglow	Andrew Yates	2016-04-19	2045	4.51	2026-09-20	0.00	978589174
grossing	Weather	92	Weather Live Radar - NOAA	lighten	2026-07-07	46	3.91	2026-09-29	0.00	6781655348
grossing	Weather	93	Temperature in Room +	Sinus Electric Ltd	2026-04-16	110	3.7	2026-08-17	0.00	6756997829
grossing	Weather	94	Moon Phases and Lunar Calendar	Kinetic Stars	2016-06-27	37551	4.87	2026-09-21	0.00	1126370589
grossing	Weather	95	AeroWeather Pro	Lakehorn AG	2010-06-30	356	3.68	2026-10-02	4.79	378120971
grossing	Weather	96	Weather +	Apptico	2020-12-01	30994	4.65	2026-09-20	0.00	1542742219
grossing	Weather	97	The Wildfire Tracker: Fire Map	Retenica SP Z.O.O	2023-06-05	180	4.52	2026-09-15	0.00	6448724524
grossing	Weather	98	Weather forecast & NOAA Radar	TMEDILAB SOFTWARE JOINT STOCK COMPANY	2018-04-06	8969	4.57	2026-09-25	0.00	1363846787
grossing	Weather	99	MOON - Current Moon Phase	MOON CALENDAR	2013-06-17	29584	4.82	2025-04-07	0.00	660036257
grossing	Weather	100	RainTotal: Virtual Rain Gauge	Kurt Higa	2026-02-09	302	4.73	2026-09-10	0.00	6758677340
grossing	Utilities	1	Cleanup: Phone Storage Cleaner	DEEP FLOW SOFTWARE SERVICES	2020-12-05	728890	4.65	2026-09-22	0.00	1510944943
grossing	Utilities	2	Blink Home Monitor	Immedia Semiconductor	2015-11-20	498879	4.74	2026-09-30	0.00	1013961111
grossing	Utilities	3	NordVPN: VPN Fast & Secure	Nordvpn S.A.	2014-12-08	706404	4.66	2026-09-30	0.00	905953485
grossing	Utilities	4	Cleaner Guru: Clean Up Storage	GM UniverseApps Limited	2019-11-06	148541	4.52	2026-08-06	0.00	1476380919
grossing	Utilities	5	TV Remote - Universal Control	EVOLLY.APP	2020-11-19	618220	4.44	2026-09-28	0.00	1539090879
grossing	Utilities	6	Norton 360 Security & VPN	Gen Digital Inc.	2018-10-02	182815	4.66	2026-09-16	0.00	1278474169
grossing	Utilities	7	Robokiller: Spam Call Blocker	Mosaic S.r.l.	2015-09-08	414339	4.5	2026-09-08	0.00	1022831885
grossing	Utilities	8	Burner: Second Phone Number	Ad Hoc Labs, Inc	2012-04-01	93904	4.69	2026-09-17	0.00	505800761
grossing	Utilities	9	ExpressVPN · Secure & Fast VPN	Express VPN	2014-08-11	419228	4.68	2026-09-28	0.00	886492891
grossing	Utilities	10	Pocket - AI Personal Assistant	Open Vision Engineering, Inc	2025-08-15	6355	4.9	2026-10-03	0.00	6746845735
grossing	Utilities	11	Authenticator ℠ App	BEGAMOB GLOBAL LIMITED	2025-11-19	5616	4.31	2026-09-23	0.00	6754900760
grossing	Utilities	12	VicoHome: Smart Home Camera	PHOTON SAIL TECHNOLOGIES PTE. LTD.	2019-09-05	114099	4.85	2026-09-23	0.00	1466734547
grossing	Utilities	13	Swipewipe: Photo Cleaner	MWM	2022-03-05	95521	4.69	2026-09-22	0.00	1583884012
grossing	Utilities	14	AI Cleaner: Clean Up Storage	GRIMLAX TRADE, S.L.	2023-10-30	209904	4.58	2026-10-01	0.00	6448330325
grossing	Utilities	15	Camtro	DigitalConverge Intellect Limited	2025-06-16	68543	4.64	2026-08-31	0.00	6745863842
grossing	Utilities	16	McAfee: Stay Secure & Private	McAfee, LLC.	2014-01-08	238668	4.72	2026-09-29	0.00	724596345
grossing	Utilities	17	Sideline: Private 2nd Number	Pinger, Inc.	2015-08-24	14780	4.37	2026-09-24	0.00	1012032539
grossing	Utilities	18	Cleaner Kit - Clean Up Storage	BPMobile	2017-01-26	351358	4.44	2026-09-30	0.00	1194582243
grossing	Utilities	19	TV Remote & Universal Control™	To Ngoc Mai	2023-08-19	148981	4.75	2026-09-30	0.00	6458692724
grossing	Utilities	20	Scan QR Code Now	Sparktonic, LLC	2024-09-16	12822	4.62	2026-10-01	0.00	6503708537
grossing	Utilities	21	Find Air - My Device Tracker	Air Apps Systems	2020-05-21	26616	4.58	2026-02-23	0.00	1507917112
grossing	Utilities	22	AT&T ActiveArmor®	AT&T Services, Inc.	2018-09-25	82389	4.5	2026-09-23	0.00	1218465964
grossing	Utilities	23	Proton VPN: Fast & Secure	Proton AG	2018-11-12	114858	4.64	2026-06-08	0.00	1437005085
grossing	Utilities	24	Universal Remote TV Control ·	BEGAMOB GLOBAL LIMITED	2021-08-30	141101	4.72	2026-08-28	0.00	1581765635
grossing	Utilities	25	Scan QR Code.	East End Technologies Ltd.	2022-11-01	15726	4.67	2026-05-14	0.00	1639136627
grossing	Utilities	26	Universal TV Remote Control＊	VISARGERD, S.L.	2024-11-19	30902	4.57	2026-09-21	0.00	6477382010
grossing	Utilities	27	DuckDuckGo, optional Duck.ai	DuckDuckGo, Inc.	2013-06-27	2406510	4.84	2026-09-28	0.00	663592361
grossing	Utilities	28	Clean Up Phone Storage: CleanX	TAPSUITE YAZILIM HIZMETLERI ANONIM SIRKETI	2021-08-27	26481	4.55	2026-10-02	0.00	1575903244
grossing	Utilities	29	Seeing	LONSEN ELECTRONICS LIMITED	2024-03-25	68027	4.65	2026-09-14	0.00	6479742882
grossing	Utilities	30	Authenticator ·	SMM service, s.r.o.	2022-02-17	26340	4.64	2026-10-01	0.00	1602061522
grossing	Utilities	31	Fonts - AI Stickers	Fonts ApS	2019-02-24	287554	4.51	2026-06-24	0.00	1454061614
grossing	Utilities	32	Case Tracker for USCIS & NVC	ImmiVision, LLC	2014-10-08	318019	4.83	2026-09-21	0.00	921827126
grossing	Utilities	33	Universal TV Remote Control・	toggle apps	2023-06-07	81325	4.75	2026-09-30	0.00	6443877058
grossing	Utilities	34	myCar: Car Widgets & Dashboard	DOFUapps	2025-11-20	12809	4.6	2026-10-01	0.00	6755033589
grossing	Utilities	35	Second Phone Number - 2Number	BPMobile	2017-06-15	134793	4.5	2026-09-15	0.00	1216135390
grossing	Utilities	36	Screen Mirroring | Cast to TV	Ozuna Limited	2024-10-11	14554	4.62	2026-09-30	0.00	6670321276
grossing	Utilities	37	Malwarebytes - Mobile Security	Malwarebytes	2018-08-06	110387	4.53	2026-09-28	0.00	1327105431
grossing	Utilities	38	Remote for Firestick · Fire TV	Netsis Mobile FZCO	2022-06-01	23828	4.32	2025-12-15	0.00	1625553531
grossing	Utilities	39	UniRemote：Universal TV Remote	Kanatom Limited	2024-08-19	7608	4.54	2026-09-23	0.00	6504182653
grossing	Utilities	40	FIXD OBD2 Scanner	FIXD Automotive Inc	2015-07-10	25833	4.61	2026-09-30	0.00	957168651
grossing	Utilities	41	Universal TV Remote ·	KRAFTWERK 9 LTD	2018-11-08	92258	4.58	2026-10-03	0.00	1439422220
grossing	Utilities	42	QR Code Reader，Barcode Scanner	Air Apps Systems	2017-04-17	72687	4.66	2026-04-08	0.00	1226650677
grossing	Utilities	43	Free VPN by Free VPN .org™	Free VPN LLC	2015-11-16	455418	4.52	2026-09-21	0.00	1050171910
grossing	Utilities	44	Authenticator© App	To Ngoc Mai	2026-04-30	764	4.6	2026-10-02	0.00	6763306820
grossing	Utilities	45	Lens Scan: Identify Anything	EvenEdge	2024-09-04	18928	4.63	2026-09-24	0.00	6560107458
grossing	Utilities	46	Kemo	NumLake Tech Limited	2019-10-23	93085	4.58	2026-08-26	0.00	1484584645
grossing	Utilities	47	Universal Remote・TV Control	Ozuna Limited	2023-09-22	10821	4.62	2026-09-30	0.00	6467252904
grossing	Utilities	48	Fieldy - AI note taker	Field Labs Inc.	2024-04-04	1272	4.67	2026-09-22	0.00	6480278540
grossing	Utilities	49	Mullvad VPN	Mullvad VPN AB	2020-04-08	1465	4.13	2026-09-08	0.00	1488466513
grossing	Utilities	50	Screen Mirroring App: Smart TV	Desidari Holding Ltd.	2023-11-23	18834	4.32	2026-09-28	0.00	6471257645
grossing	Utilities	51	QR Code Reader＊Barcode Scanner	VISARGERD, S.L.	2021-12-02	23008	4.46	2026-09-17	0.00	1584764976
grossing	Utilities	52	Construction Master Pro Calc	Calculated Industries	2010-05-05	40073	4.84	2026-09-02	0.00	370406446
grossing	Utilities	53	QR Reader for iPhone	TapMedia Ltd	2010-05-01	1437494	4.71	2026-08-25	0.00	368494609
grossing	Utilities	54	CarTV - M3U IPTV Player & Cast	Lyntra Technology Ltd	2026-08-16	3383	4.54	2026-09-30	0.00	6800211040
grossing	Utilities	55	Cleaner Neat: Clean Up Storage	Smart Tool Studio	2019-08-17	113574	4.58	2026-08-31	0.00	1463756032
grossing	Utilities	56	Hushed: US Second Phone Number	AffinityClick Inc.	2013-03-04	22820	4.58	2026-08-27	0.00	600520752
grossing	Utilities	57	Pokémon HOME	The Pokemon Company	2020-02-11	15701	3.78	2026-05-11	0.00	1485352913
grossing	Utilities	58	Gazing	WEBFRONT INNOVATIONS LIMITED	2024-10-31	2275	4.17	2026-09-28	0.00	6670186781
grossing	Utilities	59	Smart Cleaner: Free Up Storage	NAICOO PTE. LTD.	2023-05-05	20692	4.57	2026-08-28	0.00	6448222268
grossing	Utilities	60	Tape Measure™	Level Labs, LLC	2017-09-19	88983	4.43	2026-09-20	0.00	1271546805
grossing	Utilities	61	GPS Coordinates Finder: LOC8	William Ojakian	2026-02-28	222	4.65	2026-09-25	0.00	6759589628
grossing	Utilities	62	TextPort: Text Message Export	TSUBASA TECHNOLOGIES LIMITED LIABILITY COMPANY	2025-05-16	1324	4.39	2026-10-02	0.00	6745645676
grossing	Utilities	63	Print Master	PHOMEMO PTE. LTD.	2019-06-12	18950	4.83	2026-09-18	0.00	1467113436
grossing	Utilities	64	Truecaller: Premium Caller ID	True Software Scandinavia AB	2012-03-28	252372	4.45	2026-09-29	0.00	448142450
grossing	Utilities	65	Rokie - Remote for Roku Player	KRAFTWERK 9 LTD	2015-07-24	710968	4.51	2026-09-24	0.00	1016562846
grossing	Utilities	66	QR Code Reader＋Barcode Scanner	FLOOMIX LTD	2024-05-29	1178	4.49	2026-08-04	0.00	6501954960
grossing	Utilities	67	Ubox	HONGBO WANG	2019-05-23	28100	4.77	2026-09-19	0.00	1436112326
grossing	Utilities	68	Miku Baby Monitor	Miku Inc.	2019-01-12	2393	2.42	2025-03-06	0.00	1384634916
grossing	Utilities	69	Remote for Samsung TV Smart	Controlla TV LTD.	2024-02-06	13108	4.25	2025-08-20	0.00	6474010687
grossing	Utilities	70	Coin Scanner: ID Value Checker	UMI GEVES LTD	2024-08-26	1359	4.52	2026-09-17	0.00	6608977469
grossing	Utilities	71	Tape Measure & Ruler Арр	Free Style Dev LCC	2019-07-24	4435	4.2	2026-08-06	0.00	1453537222
grossing	Utilities	72	Facemoji AI Emoji Keyboard	NEXILEAP PRIVATE LIMITED	2016-04-28	495764	4.7	2026-09-27	0.00	1103138272
grossing	Utilities	73	Owll: AI Note Taker&Assistant	VOCALBEATS.AI PTE. LTD.	2023-07-18	2958	4.8	2026-09-15	0.00	6450300197
grossing	Utilities	74	Universal TV Remote™ Control	SEAMOBI TECH PTE LTD	2024-08-08	32506	4.66	2026-09-15	0.00	6553976921
grossing	Utilities	75	Screen Mirroring - TV Cast Air	EVOLLY.APP	2020-02-05	4012	3.49	2026-04-20	0.00	1494564197
grossing	Utilities	76	Car Auto Play: Connect & Sync	5SKay Software	2025-01-17	11814	4.22	2026-10-02	0.00	6740556805
grossing	Utilities	77	MonoBoost Cancel Subscriptions	Mnboost Corp	2025-01-23	5740	4.35	2026-10-02	0.00	6740202306
grossing	Utilities	78	Mr. Number Lookup & Call Block	Hiya	2015-10-29	100003	4.55	2023-07-10	0.00	1047334922
grossing	Utilities	79	Voice Recorder & Audio Editor	TapMedia Ltd	2013-08-29	452954	4.72	2025-07-19	0.00	685310398
grossing	Utilities	80	Calculator Air: AI Math Solver	Air Apps Systems	2016-11-08	83833	4.69	2025-12-12	0.00	1173365557
grossing	Utilities	81	QR Scanner Pro *	Mild	2024-07-22	1455	4.09	2026-08-06	0.00	6505138540
grossing	Utilities	82	Universal Remote TV Control	Desidari Holding Ltd.	2021-11-13	50415	4.27	2026-08-26	0.00	1591238748
grossing	Utilities	83	AI Phone:Call&Voice Translator	Second Phone Number Inc	2023-09-28	81672	4.67	2026-09-28	0.00	6465173251
grossing	Utilities	84	TV Remote Control · Universal	TrustOneApps L.L.C-FZ	2026-01-15	1163	4.29	2026-06-27	0.00	6757016336
grossing	Utilities	85	Poke Genie -Remote Raid IV PvP	Poke Genie Inc.	2016-09-08	210502	4.84	2026-09-24	0.00	1143920524
grossing	Utilities	86	VitalScan: Wellness Mirror	CyberNex Networks Limited	2026-03-24	2856	4.48	2026-07-14	0.00	6758564907
grossing	Utilities	87	VidEffect: AI Video Effects	IMAGEN PRIVATE LIMITED	2025-09-03	20	3.75	2025-09-08	0.00	6751309957
grossing	Utilities	88	TotalAV	Total Security Limited	2016-10-10	72040	4.58	2026-07-28	0.00	1130411958
grossing	Utilities	89	QR Code Master: Scan & Maker	Tiki Media LTS	2024-11-13	1838	4.4	2026-05-07	0.00	6737916371
grossing	Utilities	90	Screen Mirroring・Smart View TV	toggle apps	2021-02-17	58361	4.72	2026-09-24	0.00	1529106085
grossing	Utilities	91	Authenticator App－2FAS・MFA・OTP	FLOOMIX LTD	2024-09-03	673	4.55	2026-05-04	0.00	6636543626
grossing	Utilities	92	AllConvert: Image & Video Tool	赞 田	2023-08-11	1347	3.54	2026-09-23	0.00	6456411698
grossing	Utilities	93	LocFind: GPS Family Tracker	Princess Limited	2026-08-20	211	4.27	2026-09-05	0.00	6794248220
grossing	Utilities	94	Calculator₊	Impala Studios	2010-10-22	1732572	4.67	2026-09-17	0.00	398129933
grossing	Utilities	95	Clean Manager: Storage Cleaner	Quiet	2021-09-08	12992	4.24	2026-09-28	0.00	1579881271
grossing	Utilities	96	Love8 - App for Couples	Chongqing Daole Er Technology Co., Ltd	2023-05-08	6944	4.6	2026-09-30	0.00	6448163027
grossing	Utilities	97	Fonts Art: Cool Keyboard Maker	AIBY	2019-09-20	469783	4.6	2026-10-02	0.00	1480383173
grossing	Utilities	98	QR Code Reader ·	App Lock LLC	2017-02-08	670008	4.71	2026-09-25	0.00	1200318119
grossing	Utilities	99	Car Auto Play: Sync & Connect	Appstract Works	2025-09-29	4167	4.59	2026-09-30	0.00	6749674718
grossing	Utilities	100	IPVanish VPN: Fast & Secure	IPVanish, Inc.	2013-12-03	104316	4.55	2026-07-13	0.00	763638165
grossing	Travel	1	My Disney Experience	Disney	2012-08-02	3128817	4.68	2026-09-28	0.00	547436543
grossing	Travel	2	Flighty – Live Flight Tracker	Flighty LLC	2019-08-19	155179	4.85	2026-09-17	0.00	1358823008
grossing	Travel	3	Flightradar24 | Flight Tracker	Flightradar24 AB	2010-07-21	665947	4.84	2026-09-28	0.00	382233851
grossing	Travel	4	ATC - Live Air Traffic Radio	Enhanced Radar	2026-01-12	3802	4.68	2026-09-29	0.00	6755132266
grossing	Travel	5	Wanderlog - Travel Planner	Vacation and Travel Planner App LLC	2019-08-22	35648	4.9	2026-09-30	0.00	1476732439
grossing	Travel	6	GuideAlong | GPS Audio Tours	GyPSy Guide LLC	2021-04-06	15886	4.91	2026-05-21	0.00	1460032075
grossing	Travel	7	The Dyrt: RV & Free Camping	The Dyrt	2017-03-10	123636	4.78	2026-09-22	0.00	1187626329
grossing	Travel	8	Disneyland®	Disney	2015-08-04	1882908	4.74	2026-09-28	0.00	1022164656
grossing	Travel	9	RV LIFE - RV GPS & Campgrounds	Social Knowledge, LLC	2018-09-27	44053	4.64	2026-08-27	0.00	1275803975
grossing	Travel	10	Flight Tracker +	Impala Studios	2012-07-20	290593	4.73	2026-08-27	0.00	533365777
grossing	Travel	11	Planes Live - Flight Tracker	Mosaic S.r.l.	2016-06-16	93014	4.62	2026-09-23	0.00	1097815000
grossing	Travel	12	Going: Find Flight Deals	Scott's Cheap Flights, Inc. DBA Going	2024-03-25	5914	4.74	2026-09-28	0.00	6443738607
grossing	Travel	13	Parkwolf: National Park Guide	Parkwolf LLC	2022-04-04	8652	4.72	2026-10-03	0.00	1596595516
grossing	Travel	14	Track My Flight Now	East End Technologies Ltd.	2023-05-31	605	4.18	2026-05-14	0.00	1666079904
grossing	Travel	15	StaffTraveler	StaffTraveler Solutions B.V.	2016-06-13	6420	4.91	2026-09-24	0.00	1115912521
grossing	Travel	16	iOverlander	iOverlander, LLC	2024-06-03	7451	4.24	2026-09-28	0.00	1486556203
grossing	Travel	17	Airclub - Flight Deals	Arcadia Labs Inc.	2025-02-22	17239	4.83	2026-09-24	0.00	6740247064
grossing	Travel	18	TripIt: Travel Planner	TripIt	2009-04-10	311328	4.84	2026-09-24	0.00	311035142
grossing	Travel	19	RatePunk: Cheap Plane Tickets	Yard Venture	2022-02-18	6589	4.66	2026-09-25	0.00	1607823726
grossing	Travel	20	MarineTraffic - Ship Tracking	MarineTraffic Applications LTD	2012-10-08	64997	4.75	2026-09-26	0.00	563910324
grossing	Travel	21	AllStays Camp & RV: Camping	Allstays LLC	2010-05-13	10709	4.65	2026-09-30	0.00	370820516
grossing	Travel	22	JetBack – Flight Price Savings	JetBack Flight Tracking, LLC	2025-04-30	715	4.71	2026-09-07	0.00	6744909694
grossing	Travel	23	Camera Connect - Home Security	GeoGlobe	2023-06-20	869	2.86	2024-12-01	0.00	6450106931
grossing	Travel	24	Places: Curated Travel Guide	Raya App Inc	2023-08-24	181	4.19	2026-09-29	0.00	6446208302
grossing	Travel	25	Timeshifter	Timeshifter Inc.	2018-06-19	2648	4.66	2026-09-22	0.00	1380684374
grossing	Travel	26	VoiceMap: Audio Tours & Guides	Audio Guide	2014-06-06	3421	4.83	2026-09-28	0.00	852027939
grossing	Travel	27	nomadtable: travel friends	Nomadtable Inc.	2025-03-19	20612	4.69	2026-09-28	0.00	6736921913
grossing	Travel	28	Rhyme - Itinerary Planner	LOGOS STUDIO INC.	2025-10-28	5179	4.75	2026-09-29	0.00	6748781672
grossing	Travel	29	MAPS.ME: Offline Maps, GPS Nav	Convexity Holdings AG	2012-04-12	78402	4.68	2026-09-12	0.00	510623322
grossing	Travel	30	FlightSky: Live Plane Radar	Ocean Float Mobile	2025-10-15	2045	4.6	2026-08-31	0.00	6753592996
grossing	Travel	31	Nebuluxe	Hunan Baiting Network Technology Co., Ltd.	2025-09-22	29	1.72	2026-06-04	0.00	6752702608
grossing	Travel	32	Plane Finder ⁃ Flight Tracker	pinkfroot limited	2010-03-15	60869	4.74	2026-09-29	0.00	361273585
grossing	Travel	33	Roame - Award Travel	ROAME HOLDINGS, INC	2023-10-26	3756	4.83	2026-09-28	0.00	6466661045
grossing	Travel	34	FlightAware Flight Tracker	FlightAware	2009-06-04	387887	4.86	2026-09-25	0.00	316793974
grossing	Travel	35	Stakeout	Wildcard Software LLC	2021-09-22	6878	4.86	2026-09-01	0.00	1586225563
grossing	Travel	36	Couchsurfing: Stay, Meet, Host	CouchSurfing International Inc.	2012-06-06	9373	4.5	2026-09-25	0.00	525642917
grossing	Travel	37	Currency Converter Calculator•	INVENTO ONE PRIVATE LIMITED	2023-03-26	8295	4.5	2026-09-11	0.00	6446201532
grossing	Travel	38	Tripsy: Travel Planner	Tripsy LLC	2018-10-25	5606	4.66	2026-09-19	0.00	1429967544
grossing	Travel	39	FlyMeOut	Flymeout Inc.	2023-06-14	113	4.06	2026-09-15	0.00	6450018140
grossing	Travel	40	FlightDeck - Flight Tracker	Attracts	2026-03-01	1405	4.5	2026-08-03	0.00	6759628645
grossing	Travel	41	NOBL AIR	Nysonian Inc	2025-11-17	296	4.57	2026-09-25	0.00	6743083064
grossing	Travel	42	tripbff - travel friends	TRIPBFF LLC	2023-06-16	3916	4.7	2026-10-02	0.00	6450123749
grossing	Travel	43	Flight Tracker Airplane Radar	Oleksandr Selivanov	2023-11-29	1913	4.73	2026-09-29	0.00	6471097370
grossing	Travel	44	GPSmyCity: Walks in 1K+ Cities	GPSmyCity.com, Inc.	2011-03-28	1259	4.03	2026-09-23	0.00	417207307
grossing	Travel	45	MagicTable: Mouse Watcher	Velocity Raptor Incorporated	2022-12-11	5669	4.82	2026-05-24	0.00	1637288336
grossing	Travel	46	RV Camping Planner: Camp Route	Scate	2026-06-23	283	3.66	2026-09-30	0.00	6772989457
grossing	Travel	47	Autio: Road Trip & Travel App	AUTIO INC.	2020-08-04	4255	4.82	2026-09-25	0.00	1300494609
grossing	Travel	48	OBD Fusion	OCTech, LLC	2013-06-01	19497	4.73	2026-07-16	9.99	650684932
grossing	Travel	49	Flight Tracker: Plane Radar 24	Sofiia Mertsalova	2024-08-16	1057	4.65	2026-09-29	0.00	6608970045
grossing	Travel	50	Country Days Tracker: Bounded	Wasl Apps	2026-02-18	337	4.65	2026-09-20	0.00	6758992473
grossing	Travel	51	iTranslate Converse	Mosaic S.r.l.	2017-08-03	5331	4.25	2025-04-01	0.00	1241264761
grossing	Travel	52	Staff Airlines: Non-Rev Travel	Agat Systems SL	2020-04-04	690	4.7	2026-09-26	0.00	1493710948
grossing	Travel	53	Polarsteps	Polarsteps B.V.	2015-03-23	9691	4.88	2026-09-29	0.00	947925763
grossing	Travel	54	FerryFriend	True Course LLC	2014-09-22	2893	4.92	2026-09-22	0.00	918755226
grossing	Travel	55	AeroLOPA: Aircraft Seat Maps	AeroLOPA Ltd	2026-08-26	2	5	2026-09-24	0.00	6760207116
grossing	Travel	56	PeakFinder	PeakFinder GmbH	2010-03-12	11527	4.71	2026-10-03	4.99	357421934
grossing	Travel	57	Pin Traveler: Track Travel Map	Pin Traveler LLC	2018-08-04	8564	4.73	2026-08-03	0.00	1335839375
grossing	Travel	58	been	VINCI APPS	2013-07-30	9637	4.69	2026-09-27	0.00	680148327
grossing	Travel	59	Harvest Hosts - RV Camping	Harvest Hosts	2017-12-12	66682	4.86	2026-08-10	0.00	1321631420
grossing	Travel	60	Roam: Travel Packing Lists	Trevor Ringle	2026-08-15	11	3.91	2026-10-01	0.00	6798393574
grossing	Travel	61	Flightview - Flight Tracker	FlightView Inc.	2010-10-29	6366	3.65	2026-01-21	0.00	399057337
grossing	Travel	62	Wetolove	Henan Hounan Electronic Science & Technology Co., Ltd	2024-09-25	461	4.75	2026-09-10	0.00	6624300664
grossing	Travel	63	AmiGo Travel: Tips & Guides	Amigo Travel, Inc.	2021-10-14	1221	4.87	2026-09-28	0.00	1450827787
grossing	Travel	64	Cruce Directo Garitas	Jordan Usiel Lopez Verdugo	2023-08-23	18	3.22	2026-07-07	0.00	6446057715
grossing	Travel	65	Ultra Fast EV Charging Station	WarthogLab	2023-06-26	1496	4.51	2026-09-17	0.00	6450622635
grossing	Travel	66	SailTies: Logbook GPS Tracking	Sail Ties Ltd	2022-01-20	379	4.91	2026-08-31	0.00	1507376381
grossing	Travel	67	LiveATC Air Radio	Dave Pascoe	2009-06-09	643	3.6	2026-01-26	4.99	317809458
grossing	Travel	68	OsmAnd Maps Travel & Navigate	OsmAND B.V.	2015-04-21	5678	4.6	2026-10-02	0.00	934850257
grossing	Travel	69	SearchGWP Go Wild Pass Flights	Anthony Sarlo	2024-04-29	36	2.53	2026-04-11	0.00	6499468500
grossing	Travel	70	Travel Packing List: Bagio	Marco Pollmann	2025-07-28	155	4.67	2026-09-26	0.00	6748402670
grossing	Travel	71	AirNav Radar – Flight Tracker	AirNav Systems	2018-07-27	1286	4.7	2026-09-25	0.00	1382868950
grossing	Travel	72	Disney World Lines (TP)	TouringPlans.com	2011-01-06	4938	4.78	2026-08-10	0.00	411091283
grossing	Travel	73	WiFi Map: Free WiFi Near You	WiFi Map LLC	2012-09-20	32180	4.56	2026-07-17	0.00	548925969
grossing	Travel	74	Locationscout - Photo Spots	der-Webdesigner GmbH	2020-08-28	175	4.65	2026-08-29	0.00	1474484447
grossing	Travel	75	Plotline: Travel Map & Planner	Plotline Travel, Inc.	2026-03-17	634	4.94	2026-10-01	0.00	6759443026
grossing	Travel	76	QuickPack-Travel Packing List	Pixelbrew Studio LLC	2025-06-16	22	4.59	2026-09-26	0.00	6746818683
grossing	Travel	77	HappyCow - Vegan Food Near You	HappyCow	2011-05-12	32595	4.88	2026-08-29	4.99	435871950
grossing	Travel	78	ExploreHere - Roadtrip Guide	Wesley Vance	2020-03-24	805	4.67	2026-07-17	0.00	1485772125
grossing	Travel	79	Windrock Park	WindRock Properties, LLC	2019-04-11	9	2.44	2026-03-02	0.00	1455979312
grossing	Travel	80	Hostelworld: Hostel Travel App	Web Reservations International	2010-01-18	78444	4.89	2026-09-29	0.00	348890820
grossing	Travel	81	Aerlix	ESUBUTARIFAHIB ENUKUTASIRUN	2026-09-03	11	4.73	2026-09-18	0.00	6801041833
grossing	Travel	82	Mileage IQ	AAB Creative Studio	2025-04-10	206	4.24	2026-08-18	0.00	6744014373
grossing	Travel	83	Flight Update Pro	Silverware Software, LLC	2009-05-30	5279	4.54	2026-09-29	0.00	317703490
grossing	Travel	84	Green Book Global: Trip Safety	Green Book Global	2022-06-21	137	4.46	2026-09-02	0.00	1628299171
grossing	Travel	85	Revealed Travel Guides	WizardPublications, Inc.	2023-02-15	1069	4.57	2026-08-05	0.00	6444348575
grossing	Travel	86	seats.aero	seats.aero	2023-05-30	5897	4.69	2026-09-16	0.00	6449265212
grossing	Travel	87	TerraCam: GPS Satellite	Oanh Hoang	2025-09-16	2101	4.41	2026-01-08	0.00	6751967392
grossing	Travel	88	Mapstr – Save & Follow Places	Hulab	2014-10-19	2588	4.73	2026-09-19	0.00	917288465
grossing	Travel	89	Currency	Jeffrey Grossman	2019-02-01	78441	4.83	2025-09-19	0.00	284220417
grossing	Travel	90	Ship Tracker	Rocketech sp. z o.o.	2023-11-04	1831	4.58	2026-08-21	0.00	6471243761
grossing	Travel	91	Seanapps	My Boat Solutions	2021-09-02	74	3.97	2026-08-27	0.00	1576159846
grossing	Travel	92	RV Parky - Parks & Campgrounds	RA Outdoors, LLC, d/b/a Aspira	2013-09-12	442	3.93	2026-05-28	0.00	695969271
grossing	Travel	93	Campendium - RV & Tent Camping	Campendium, Inc.	2017-09-13	20770	4.81	2026-10-02	0.00	1191380095
grossing	Travel	94	Showaround - Find a Local	IT Benefits	2015-10-26	295	4.52	2026-07-21	0.00	1001885430
grossing	Travel	95	Whale Locator	MELONPING TECHNOLOGIES CORP	2026-04-20	16	4.44	2026-08-06	0.00	6761505286
grossing	Travel	96	Auto Allies	Auto Allies Corporation	2024-09-04	77	4.27	2026-08-08	0.00	6651302286
grossing	Travel	97	Just Ahead:Audio Travel Guides	Just Ahead	2014-04-10	341	4.66	2021-02-16	0.00	814596586
grossing	Travel	98	Outdooractive. Hike and Ride	Outdooractive AG	2018-08-17	448	4.35	2026-09-24	0.00	1364846172
grossing	Travel	99	Magic Guide for Disney World	VersaEdge Software, LLC	2010-10-22	16416	4.71	2026-08-11	0.00	365817457
grossing	Travel	100	Unit Converter - Best Unit App	Alan Mrvica	2013-03-26	196580	4.8	2025-12-02	0.00	623691968
grossing	Sports	1	GameChanger	GameChanger Media, Inc.	2017-11-15	905918	4.88	2026-09-26	0.00	1308415878
grossing	Sports	2	ESPN: Live Sports & Scores	Disney	2009-06-01	4166567	4.65	2026-09-30	0.00	317469184
grossing	Sports	3	NBA: Live Games & Scores	NBA MEDIA VENTURES, LLC	2020-10-27	94012	4.66	2026-09-25	0.00	484672289
grossing	Sports	4	MLB	MLB	2012-02-29	945884	4.69	2026-09-23	0.00	493619333
grossing	Sports	5	NFL	NFL Enterprises LLC	2010-09-09	412133	4.48	2026-09-29	0.00	389781154
grossing	Sports	6	18Birdies: Golf GPS Tracker	18Birdies LLC	2014-07-05	305002	4.92	2026-09-22	0.00	892700751
grossing	Sports	7	B1G+: Watch College Sports	Big Ten Network	2011-11-15	31	1.84	2026-09-17	0.00	474679690
grossing	Sports	8	Fishbrain - Fishing App	FishBrain	2013-02-23	74791	4.66	2026-09-21	0.00	477967747
grossing	Sports	9	Card Ladder	Ladder Studios, Inc	2021-02-02	10443	4.85	2026-09-17	0.00	1541535971
grossing	Sports	10	HuntStand: GPS Maps & Tools	GSM Outdoors	2013-12-18	58826	4.6	2026-09-22	0.00	778772892
grossing	Sports	11	FantasyPros - Fantasy Advice	Marzen Media LLC	2016-09-04	88143	4.79	2026-09-14	0.00	1141119371
grossing	Sports	12	Topps® BUNT® MLB Card Trader	The Topps Company, Inc.	2012-04-04	7760	4.52	2026-08-24	0.00	514398862
grossing	Sports	13	Willow - Watch Live Cricket	Cricket Acquisition Corporation	2010-05-19	13289	3.5	2026-09-12	0.00	370916083
grossing	Sports	14	Meet Mobile: Swim	Active Network, LLC	2011-03-01	85954	4.81	2026-09-08	0.00	422154977
grossing	Sports	15	CHSN	Chicago Sports Broadcasting LLC	2024-11-14	3689	4.31	2026-09-28	0.00	6705122525
grossing	Sports	16	Gotham Sports	Gotham Advanced Media and Entertainment, LLC	2024-10-08	9006	4.13	2026-09-21	0.00	6499055697
grossing	Sports	17	The Athletic: All Sports News	The New York Times Company	2016-09-02	235097	4.81	2026-09-29	0.00	1135216317
grossing	Sports	18	Outlier: Smart Sports Betting	Colorcast	2022-12-17	16632	4.87	2026-10-02	0.00	6443885102
grossing	Sports	19	Golfshot Golf GPS Range Finder	Golf Genius Mobile, LLC	2013-06-06	78143	4.76	2026-09-14	0.00	622851626
grossing	Sports	20	Marquee Sports Network	Marquee Sports Network	2020-02-13	1305	2.92	2026-07-06	0.00	1497058186
grossing	Sports	21	Yahoo Fantasy Sports: NFL, MLB	Yahoo	2009-09-07	941887	4.79	2026-10-03	0.00	328415391
grossing	Sports	22	Linemate: Find Your Next Bet	Linemate Inc.	2022-09-11	14322	4.85	2026-09-26	0.00	1635246793
grossing	Sports	23	Tennis Channel	Tennis Channel	2013-05-25	258	2.71	2026-08-17	0.00	651092377
grossing	Sports	24	RotoBot - AI Sports Insights	Rotobot.ai	2024-09-29	1804	4.6	2026-09-28	0.00	6502530085
grossing	Sports	25	CollX: Sports Card Scanner	CollX LLC	2022-01-10	48927	4.59	2026-09-30	0.00	1581164444
grossing	Sports	26	GHIN: Handicap Index® & GPS	United States Golf Association	2012-01-31	20637	4.76	2026-10-02	0.00	491796218
grossing	Sports	27	DIRTVision	World Racing Group	2020-10-17	4139	4.65	2026-09-21	0.00	1514512179
grossing	Sports	28	FloSports: Watch Live Sports	FloSports Inc	2016-10-07	48278	4.5	2026-09-29	0.00	1149210891
grossing	Sports	29	TeamSnap	TeamSnap, Inc.	2010-09-23	60076	4.76	2026-09-30	0.00	393048976
grossing	Sports	30	Action Network: Sports Betting	Better Collective USA, Inc.	2016-08-04	36961	4.75	2026-09-18	0.00	1083677479
grossing	Sports	31	Cricbuzz Live Cricket Scores	Cricbuzz.com	2010-03-18	36283	4.58	2026-10-02	0.00	360466413
grossing	Sports	32	Real - Sports	Real Vault, Inc.	2021-03-02	25807	4.81	2026-09-09	0.00	1514546162
grossing	Sports	33	Hudl Fan: Find. Watch. Follow.	Agile Sports Technologies, Inc.	2023-08-24	289	2.58	2026-09-30	0.00	6449098724
grossing	Sports	34	Fanatiz: Watch Live Soccer	Fanatiz SpA	2017-06-27	15	2.47	2026-09-24	0.00	1243599288
grossing	Sports	35	NFL Collect by Topps®	The Topps Company, Inc.	2012-10-17	728	4.71	2026-08-26	0.00	563027226
grossing	Sports	36	GolfLogix: 3D Golf GPS	GolfLogix, Inc.	2009-07-29	110475	4.73	2026-10-01	0.00	322399059
grossing	Sports	37	SCHN+	SCHN	2025-10-23	2587	4.73	2026-09-30	0.00	6751831152
grossing	Sports	38	UDisc Disc Golf	UDisc LLC	2016-04-01	67057	4.87	2026-10-01	0.00	1072228953
grossing	Sports	39	MyRacePass	CAVAHO LLC	2017-07-07	11865	4.82	2026-10-02	0.00	1177609994
grossing	Sports	40	Props.Cash: Prop & Pick Finder	Props.cash	2022-03-17	7859	4.84	2026-09-22	0.00	1606752641
grossing	Sports	41	Dave Campbell’s Texas Sports	Sports In Action, LLC	2011-08-05	244	1.28	2026-10-03	0.00	454252261
grossing	Sports	42	KnightTime+	Vegas Golden Knights	2023-09-19	1448	4.35	2026-08-28	0.00	6463652740
grossing	Sports	43	Cowboy+	The Cowboy Channel LLC	2020-04-30	4200	2.71	2026-03-16	0.00	1494157233
grossing	Sports	44	LUDEX Sports Card Scanner +TCG	Ludex, LLC	2022-06-08	27690	4.71	2026-09-01	0.00	1616691213
grossing	Sports	45	UFC	UFC® - The Ultimate Fighting Championship®	2012-06-29	46795	4.78	2026-09-28	0.00	534568162
grossing	Sports	46	Sports Card Scanner - Cardora	Troodon	2026-05-08	674	4.52	2026-08-29	0.00	6762001564
grossing	Sports	47	Monumental+	Monumental Sports & Entertainment	2016-02-17	3401	4.28	2026-09-30	0.00	1082655562
grossing	Sports	48	Midco Sports Plus	Midcontinent Communications Inc.	2020-12-02	23	1.96	2026-09-13	0.00	1522574425
grossing	Sports	49	Hudl	Agile Sports Technologies, Inc.	2011-02-17	16248	4.32	2026-10-02	0.00	412223222
grossing	Sports	50	Pikkit: Sports Betting Tracker	Pikkit, Inc.	2021-12-09	21568	4.87	2026-09-28	0.00	1586567110
grossing	Sports	51	TheGrint: Golf Handicap	GRINT LLC	2012-08-28	33875	4.85	2026-10-02	0.00	532085262
grossing	Sports	52	UTR Sports	UTR	2021-09-20	4371	4.63	2026-09-29	0.00	1519232627
grossing	Sports	53	BettingPros: Picks & Odds	Marzen Media LLC	2019-07-27	16126	4.78	2026-09-28	0.00	1468109182
grossing	Sports	54	Blue Tees GAME: AI Golf GPS	Blue Tees Golf	2023-06-06	26854	4.91	2026-09-21	0.00	6448720121
grossing	Sports	55	SwingU Golf GPS by Golf Genius	Swing by Swing Golf, Inc.	2009-10-16	135652	4.73	2026-09-15	0.00	332116103
grossing	Sports	56	Sports Card Scanner - StarSnap	Next Vision Limited	2025-10-24	27668	4.68	2026-09-28	0.00	6752947519
grossing	Sports	57	BallparkDJ Walkout Intros	Chad Payne	2014-09-30	26004	4.79	2026-09-27	0.00	821956884
grossing	Sports	58	Swing Coach - Golf	Swing Intelligence, Inc.	2025-03-08	3221	4.87	2026-09-14	0.00	6739074629
grossing	Sports	59	Scoreholio	Scoreholio Inc.	2018-05-26	4999	4.82	2026-09-23	0.00	1370777926
grossing	Sports	60	Rithmm: AI Sports Predictions	Rithmm Inc.	2022-09-04	1976	4.36	2026-09-11	0.00	1641010681
grossing	Sports	61	TeamSnap ONE	TeamSnap, Inc.	2025-06-12	13735	4.85	2026-09-29	0.00	6670517733
grossing	Sports	62	TOD by beIN	TOD for Advertising and Trade	2022-01-11	2425	4.32	2026-09-27	0.00	1585841527
grossing	Sports	63	WNBA: Live Games & Scores	NBA	2013-05-20	17416	4.65	2026-09-25	0.00	641992398
grossing	Sports	64	Tennis TV - Live Streaming	ATP Media Operations Ltd.	2016-12-13	14463	4.54	2026-09-29	0.00	1114471030
grossing	Sports	65	DAZN: Stream Live Sports	DAZN Limited	2018-09-11	606121	4.66	2026-09-28	0.00	1129523589
grossing	Sports	66	Hole19: Golf GPS Range Finder	Stat Track Technologies Lda.	2014-04-10	22163	4.74	2026-09-30	0.00	794462227
grossing	Sports	67	DUPR	DUPR LLC	2021-05-18	3874	4.12	2026-09-30	0.00	1567932355
grossing	Sports	68	Salt Strong: Smart Spots	Salt Strong LLC	2023-09-29	953	4.67	2026-09-28	0.00	6459022829
grossing	Sports	69	Garmin Golf	Garmin	2017-05-31	7225	4.61	2026-08-20	0.00	1192480582
grossing	Sports	70	Lanetalk Bowling	Lanetalk AB	2012-05-29	2302	3.84	2026-09-21	0.00	493763132
grossing	Sports	71	NASCAR MOBILE	NASCAR Digital Media, LLC	2012-08-30	194766	4.7	2026-09-10	0.00	552764013
grossing	Sports	72	Fantasy Footballers	Engaging Media LLC	2016-05-06	9968	4.93	2026-09-30	0.00	1108082123
grossing	Sports	73	Market Movers	Sports Card Investor, LLC	2021-05-19	1631	4.62	2026-08-26	0.00	1561027917
grossing	Sports	74	HOF: Sports Stats & Data	Hall of Fame Bets Inc.	2023-06-11	10650	4.86	2026-09-29	0.00	6449443337
grossing	Sports	75	Scuba Diving Computer Oceanic+	Huish Outdoors, LLC	2022-11-28	4680	4.4	2026-09-25	0.00	1610517133
grossing	Sports	76	NFHS Network	NFHS Network	2016-05-23	19108	4.27	2026-09-30	0.00	1116186798
grossing	Sports	77	Fishbox - Smart Fishing App	MEMS Group, Inc.	2015-01-13	38256	4.62	2026-09-23	0.00	542238652
grossing	Sports	78	MotoGP™	MOTOGP SPORTS ENTERTAINMENT GROUP, S.L.	2016-11-14	2985	4.0	2026-09-23	0.00	1157573265
grossing	Sports	79	Sports Card Scanner: SPcard	Core AI	2026-02-10	993	4.69	2026-09-30	0.00	6757358549
grossing	Sports	80	SwingVision: Tennis Pickleball	SwingVision, Inc.	2016-10-17	4917	4.71	2026-09-27	0.00	989461317
grossing	Sports	81	Blast Baseball	Blast Motion, Inc.	2014-03-09	523	3.77	2026-09-09	0.00	696974849
grossing	Sports	82	PickFinder: Data-Driven Picks	PickFinder LLC	2025-10-18	3050	4.82	2026-07-27	0.00	6751739938
grossing	Sports	83	VBTV: Live Volleyball Stream	Federation Internationale de Volleyball	2021-03-08	3346	4.78	2026-09-03	0.00	1369088371
grossing	Sports	84	Cardstock: Sports Card Scanner	Open Brace	2020-04-21	11414	4.53	2026-08-28	0.00	1508888618
grossing	Sports	85	PropGPT: AI Sports Picks	Orangutech LLC	2024-09-09	2583	4.77	2026-09-11	0.00	6645884227
grossing	Sports	86	RacinDirt TV	racindirt.com llc	2019-08-22	114	4.26	2026-08-23	0.00	1476587775
grossing	Sports	87	MyOutdoorTV: Hunt, Fish, Shoot	The Outdoor Channel	2016-06-02	2814	4.5	2026-07-20	0.00	1107319338
grossing	Sports	88	PPPoker-USA-Holdem,Omaha	GREEN SHIELD DIGITAL LIMITED	2021-03-17	498	4.81	2026-07-20	0.00	1554633611
grossing	Sports	89	Onform: Video Analysis App	OnForm, Inc.	2020-03-27	8661	4.79	2026-10-01	0.00	1490334045
grossing	Sports	90	Deep Dive - Bass Fishing App	Deep Dive Technologies LLC	2022-01-22	6750	4.68	2026-08-15	0.00	1549715715
grossing	Sports	91	rackline.ai - AI Deer Scoring	Nathan Jewell	2025-09-18	68	3.75	2026-09-15	0.00	6751832231
grossing	Sports	92	iHunter	Inside Outside Studios Inc	2012-10-23	351	4.8	2026-10-01	0.00	570558600
grossing	Sports	93	WalterPicks – Data Insights	WalterPicks LLC	2020-08-06	19850	4.77	2026-09-26	0.00	1521523140
grossing	Sports	94	GolfFix AI Golf Swing Analyzer	Moais	2022-01-17	804	4.77	2026-10-02	0.00	1586120680
grossing	Sports	95	Athletic.APP	Deker Net LLC	2020-04-05	277	3.72	2026-09-30	0.00	1482431809
grossing	Sports	96	Race Monitor	Karting Coach, Inc.	2010-12-17	179	3.35	2019-12-03	0.00	404470174
grossing	Sports	97	Sportsbox 3D Golf	SPORTSBOX.AI	2021-10-20	3681	4.87	2026-09-23	0.00	1578921026
grossing	Sports	98	Bushnell Golf Mobile	Bushnell Outdoor Products	2021-06-04	29450	4.83	2026-07-13	0.00	1537613198
grossing	Sports	99	ESPN Fantasy Sports & More	Disney	2012-09-04	2116257	4.78	2026-09-23	0.00	555376968
grossing	Sports	100	V1 Golf: Golf Swing Analyzer	Interactive Frontiers, Inc.	2010-01-20	1845	4.08	2026-09-23	0.00	349715369
grossing	Social Networking	1	Facebook	Meta Platforms, Inc.	2019-02-05	28605085	4.53	2026-09-30	0.00	284882215
grossing	Social Networking	2	Life360: Family Safety & GPS	Life360	2010-08-10	3096820	4.79	2026-10-01	0.00	384830320
grossing	Social Networking	3	Grindr - Gay Dating & Chat	Grindr LLC	2009-06-24	388277	4.45	2026-10-01	0.00	319881193
grossing	Social Networking	4	Discord - Talk, Play, Hang Out	Discord Inc.	2015-05-21	3559116	4.7	2026-09-28	0.00	985746746
grossing	Social Networking	5	Telegram Messenger	Telegram FZ-LLC	2013-08-14	281986	4.01	2026-09-12	0.00	686449807
grossing	Social Networking	6	Clapper: Video, Live, Chat	CLAPPER MEDIA GROUP INC.	2020-07-10	84505	4.64	2026-09-24	0.00	1522122685
grossing	Social Networking	7	BIGO LIVE-Live Stream, Go Live	BIGO TECHNOLOGY PTE. LTD.	2016-03-11	231428	4.48	2026-07-23	0.00	1077137248
grossing	Social Networking	8	Wizz App - chat now	VLB	2019-02-24	303662	4.19	2026-09-29	0.00	1452906710
grossing	Social Networking	9	TextNow: Call + Text Unlimited	TextNow, Inc.	2009-05-06	922840	4.78	2026-09-29	0.00	314716233
grossing	Social Networking	10	Text Me - Phone Call + Texting	TextMe, Inc.	2012-05-22	674293	4.7	2026-09-20	0.00	514485964
grossing	Social Networking	11	Taimi LGBTQ+ Dating & Chat App	Social Impact Inc.	2017-09-18	213455	4.42	2026-09-25	0.00	1282966364
grossing	Social Networking	12	Text Free: Second Phone Number	Pinger, Inc.	2010-12-14	606752	4.67	2026-09-24	0.00	399355755
grossing	Social Networking	13	Meetup: Social Events & Groups	Meetup LLC	2010-06-12	272659	4.72	2026-09-30	0.00	375990038
grossing	Social Networking	14	Marco Polo - Video Messenger	Joya Communications	2014-10-07	2161483	4.76	2026-09-28	0.00	912561374
grossing	Social Networking	15	rednote	Xingin	2013-12-04	269318	4.86	2026-10-01	0.00	741292507
grossing	Social Networking	16	SCRUFF - Gay Dating & Chat	Perry Street Software, Inc	2010-07-24	29211	4.37	2026-09-25	0.00	380015247
grossing	Social Networking	17	TopLive: Watch Live Streams	Aligosta Limited	2022-10-05	18342	4.56	2026-02-19	0.00	1598551382
grossing	Social Networking	18	Gaze: Live Video Chat App	VLMedia Inc.	2020-05-02	20715	4.41	2026-02-13	0.00	1506577189
grossing	Social Networking	19	Yubo: Chat Meet & Make Friends	Twelve APP	2015-10-11	373402	4.52	2026-09-30	0.00	1038653883
grossing	Social Networking	20	BLK: Black Singles Dating App	Affinity Apps, LLC	2017-08-07	555340	4.57	2026-10-02	0.00	1253586891
grossing	Social Networking	21	Plenty of Fish : Dating App	PlentyOfFish	2010-09-16	1808824	4.29	2026-08-18	0.00	389638243
grossing	Social Networking	22	IMVU: Fun 3D Avatar Chat Game	IMVU	2014-10-31	364569	4.6	2026-09-08	0.00	919745844
grossing	Social Networking	23	3Fun: Couples & Singles Dating	3Fun Limited	2016-10-28	149529	4.43	2026-09-23	0.00	1164067996
grossing	Social Networking	24	Poppo Live - Live Stream	Vshow PTE. LTD.	2021-01-04	1899	4.31	2026-09-22	0.00	1544908797
grossing	Social Networking	25	Match Dating App: Chat & Meet	Match Group Americas, LLC	2009-03-26	240974	3.87	2026-09-11	0.00	305939712
grossing	Social Networking	26	Waplog - Dating & Video Call	VLMedia Inc.	2013-02-04	55576	4.56	2026-02-24	0.00	557997762
grossing	Social Networking	27	Chispa: Dating App for Latinos	Affinity Apps, LLC	2017-11-16	375152	4.53	2026-10-02	0.00	1289684085
grossing	Social Networking	28	WeChat	WeChat	2011-01-20	81257	3.93	2026-09-29	0.00	414478124
grossing	Social Networking	29	Luxy - Selective Dating App	Luxy Inc.	2014-05-20	105022	4.72	2026-09-20	0.00	873518909
grossing	Social Networking	30	SUGO-Online Chat Party	MOBILE ALPHA LIMITED	2021-07-25	1392	2.93	2026-09-04	0.00	1574436604
grossing	Social Networking	31	Jack’d - Gay chat & dating	Perry Street Software, Inc	2010-01-15	5948	3.69	2026-09-25	0.00	350426804
grossing	Social Networking	32	LiveMe - Live Stream, Go live	KS Mobile, Inc.	2016-03-29	24832	3.98	2026-09-14	0.00	1089836344
grossing	Social Networking	33	Tagged Dating: Chat & Go Live!	Ifwe Inc.	2010-03-17	461296	4.48	2026-09-17	0.00	358899126
grossing	Social Networking	34	Bumpy – International Dating	Bumpy Inc.	2019-08-01	41472	4.54	2026-10-01	0.00	1455336523
grossing	Social Networking	35	Upward Dating: Meet Singles	Affinity Apps, LLC	2020-03-04	162147	4.34	2026-10-02	0.00	1499137942
grossing	Social Networking	36	Azar: Chat, Meet Friends	Hyperconnect LLC	2015-06-11	101966	4.33	2026-09-22	0.00	972558973
grossing	Social Networking	37	Dingtone: Phone Calls + Texts	Sixapps Limited	2013-02-07	30634	4.54	2021-10-23	0.00	588937297
grossing	Social Networking	38	MeetMe: Go Live & Meet People	The Meet Group Inc.	2010-05-27	373828	4.29	2026-09-30	0.00	372648912
grossing	Social Networking	39	Repost+ for Instagram .	Livintis W.L.L.	2019-08-26	163739	4.84	2026-08-31	0.00	1477820240
grossing	Social Networking	40	Reports Unfollowers Followers+	BYTECORE MOBILITY LIMITED	2020-03-06	131195	4.45	2026-09-30	0.00	1499924074
grossing	Social Networking	41	FET: Kinky BDSM Dating App	Ideawise Ltd.	2019-11-13	24701	4.32	2026-08-24	0.00	1478870872
grossing	Social Networking	42	Talkatone: WiFi Text & Calls	TALKATONE, INC.	2010-10-27	142371	4.7	2026-08-13	0.00	397648381
grossing	Social Networking	43	Hunch Dating App: Vibe & Meet	INKS TECHNOLOGY SERVICES PTE. LTD.	2022-12-20	6297	3.73	2026-10-02	0.00	6444654663
grossing	Social Networking	44	Xena - Group Voice Party	Derinfy Pte. Ltd	2024-04-25	832	4.18	2026-09-10	0.00	6478953714
grossing	Social Networking	45	Mutual LDS Dating: Meet & Date	Mutual LLC	2016-04-26	39778	4.15	2026-10-03	0.00	1084591612
grossing	Social Networking	46	Boo Dating App: Date & Friends	Boo Enterprises, Inc.	2020-02-22	210283	4.17	2026-09-29	0.00	1498407272
grossing	Social Networking	47	Reports+ for Followers Tracker	FAMEDMOBILE MARKET LIMITED	2019-11-30	33447	4.52	2026-09-28	0.00	1485509764
grossing	Social Networking	48	MICO: Make Friends, Go Live	MICO WORLD	2014-08-18	1668	3.79	2026-09-22	0.00	908023218
grossing	Social Networking	49	Rakuten Viber Messenger	Viber Media SARL.	2010-12-02	831101	4.6	2026-10-01	0.00	382617920
grossing	Social Networking	50	Positive Singles®: Herpes Date	PS Support, Inc	2018-08-12	7626	4.27	2026-09-24	0.00	1419085637
grossing	Social Networking	51	WhatsApp Messenger	WhatsApp Inc.	2009-05-03	18710778	4.68	2026-09-28	0.00	310633997
grossing	Social Networking	52	Dating.com: Global Chat & Date	Kreova Tech Llc	2015-01-02	12725	3.47	2026-10-01	0.00	945614824
grossing	Social Networking	53	Reports+ Unfollowers Follower	Deep Vision Labs	2020-08-07	493243	4.56	2026-06-27	0.00	1481469888
grossing	Social Networking	54	bubble for JYPnation	Dear U Co., Ltd.	2020-11-24	1889	4.14	2026-09-29	0.00	1538372244
grossing	Social Networking	55	Linktree: Link in Bio Creator	Linktree	2022-07-11	61685	4.82	2026-10-03	0.00	1593515263
grossing	Social Networking	56	Weverse: Connect with Artists	WEVERSE COMPANY Inc.	2019-06-14	57709	4.69	2026-09-21	0.00	1456559188
grossing	Social Networking	57	PokerBROS - Your Poker App	Thinklean Limited	2019-05-27	6950	4.5	2026-09-04	0.00	1463376042
grossing	Social Networking	58	Letterboxd	Letterboxd	2016-03-15	88337	4.82	2026-09-16	0.00	1054271011
grossing	Social Networking	59	Curvy Dating App: WooPlus	DATING OASIS LIMITED	2015-10-20	59385	4.54	2026-10-03	0.00	1011085984
grossing	Social Networking	60	GТL: Gеtting Оut Messaging	Telmate product INC.	2026-06-30	1038	4.12	2026-09-24	0.00	6783769467
grossing	Social Networking	61	YoHo - Group Voice Chat	MOBILE ALPHA LIMITED	2020-05-08	632	4.3	2026-09-22	0.00	1509635224
grossing	Social Networking	62	Coco -Live Stream, Go Live	Newell Communications LLC	2018-10-14	17400	4.31	2026-09-28	0.00	1435758172
grossing	Social Networking	63	Backbone — Next-Level Play	Backbone Labs, Inc. (US)	2020-10-19	101021	4.8	2026-09-14	0.00	1449660663
grossing	Social Networking	64	Locket Widget	Locket Labs, Inc.	2021-12-30	574166	4.76	2026-10-02	0.00	1600525061
grossing	Social Networking	65	MM: Elite Premium Dating App	MillionaireMatch Inc	2019-10-25	10473	4.35	2026-09-30	0.00	1484587490
grossing	Social Networking	66	ZEPETO: Avatar, Connect & Live	NAVER Z Corporation	2018-02-28	541464	4.65	2026-09-21	0.00	1350301428
grossing	Social Networking	67	Ashley Madison Discreet Dating	Ruby Life Inc.	2011-01-31	78357	4.05	2026-09-29	0.00	359478823
grossing	Social Networking	68	Coverstar - Positive Social	Norae Inc.	2017-03-30	217757	4.74	2026-10-02	0.00	1219890480
grossing	Social Networking	69	Zoosk - Social Dating App	Zoosk, Inc.	2010-01-11	105221	4.16	2026-08-20	0.00	349160522
grossing	Social Networking	70	Fachat: Chat & Community	静雯 关	2019-09-06	1926	4.41	2026-05-14	0.00	1475875470
grossing	Social Networking	71	Rewatch LIVE: Save Live Stream	Reactish, LLC	2024-01-29	1059	4.48	2025-08-28	0.00	6475189565
grossing	Social Networking	72	SDC Adult Dating	SDC Media Inc.	2016-06-18	13258	4.57	2026-09-17	0.00	1114616696
grossing	Social Networking	73	OurTime: Meet Singles Over 50	Match Group Americas, LLC	2015-07-31	69823	3.86	2026-09-11	0.00	1009499048
grossing	Social Networking	74	Aspect: AI-Only Social Media	Arch Platforms, Inc	2024-06-30	9893	4.48	2026-09-30	0.00	6502742786
grossing	Social Networking	75	SLS Official Swinger Community	Swing, LLC	2019-06-27	5186	4.08	2026-02-03	0.00	1449170265
grossing	Social Networking	76	Livly Island - Adopt Cute Pets	ENSAPIA Corporation	2021-07-15	2917	4.59	2026-10-01	0.00	1553045339
grossing	Social Networking	77	ChatSpace - Chat, Talk & Fun	Coshi	2022-11-03	3824	4.61	2024-12-16	0.00	6443834097
grossing	Social Networking	78	Christian Dating: HOLY	United Young	2018-07-25	34450	4.7	2026-10-01	0.00	1361340956
grossing	Social Networking	79	Ark - Christian Dating App	Ark Dating	2023-02-22	8992	4.57	2026-10-03	0.00	1671028117
grossing	Social Networking	80	Find My Phone, Friends&Family	Longwind Studio	2020-04-11	1628	3.56	2023-12-07	0.00	1486315142
grossing	Social Networking	81	HIYAK - Video Chat & Live Call	HIYAK Global Limited	2021-02-03	2432	4.62	2026-09-28	0.00	1550874398
grossing	Social Networking	82	TalkU: Unlimited Calls + Texts	Newtone Communications Inc	2014-05-22	22234	4.51	2021-11-05	0.00	863809868
grossing	Social Networking	83	Second Texting Number	Torqued Studios LLC	2017-08-28	65668	4.57	2026-09-18	0.00	1274216319
grossing	Social Networking	84	Litstick - Best Stickers App	Sociaaal LLC	2019-08-15	282788	4.64	2026-08-24	0.00	1472619338
grossing	Social Networking	85	Christian Mingle - Dating App	Spark Networks, Inc.	2025-07-08	394	3.52	2026-10-02	0.00	6746410808
grossing	Social Networking	86	Radiate	Radiate The World, Inc.	2015-06-30	30833	4.89	2026-08-30	0.00	939284774
grossing	Social Networking	87	ThaiFriendly Dating	Oxixo	2015-09-10	9511	4.58	2026-08-20	0.00	1008710182
grossing	Social Networking	88	Tik Saver Pro Video Downloader	Spektrum Epps	2023-06-21	67285	4.51	2025-10-01	0.00	6448082221
grossing	Social Networking	89	SpoofCard - Privacy Protected	Spoofcard LLC	2011-03-17	36325	4.67	2026-06-29	0.00	424310544
grossing	Social Networking	90	Sticker.ly - Sticker Maker	NAVER Z Corporation	2019-04-11	150127	4.77	2026-09-30	0.00	1458740001
grossing	Social Networking	91	Unfollowers: Followers Tracker	Roi Network Co., Ltd.	2024-09-04	5925	4.59	2026-09-25	0.00	6633429068
grossing	Social Networking	92	baklava: Arab Relationships	Baklava Technologies	2020-10-09	4161	4.62	2026-09-01	0.00	1528175615
grossing	Social Networking	93	iSharing: GPS Location Tracker	ISHARINGSOFT, INC.	2011-01-28	36109	4.82	2026-09-29	0.00	416436167
grossing	Social Networking	94	Valid - Compliment Classmates	RevueAI, Inc	2025-12-11	8388	4.78	2026-10-02	0.00	6755367062
grossing	Social Networking	95	Connected2.me	C2M	2014-03-17	31045	4.37	2026-03-12	0.00	832556482
grossing	Social Networking	96	GROWLR: Gay Bears Near You	GROWLR, LLC	2010-11-24	49752	4.33	2026-08-26	0.00	393402212
grossing	Social Networking	97	Salams: Halal Muslim Marriage	Affinity Apps, LLC	2015-03-16	49055	4.43	2026-10-02	0.00	965359176
grossing	Social Networking	98	Skout Dating App & Live Chat	Skout, Inc.	2009-02-09	188780	4.37	2026-09-25	0.00	302324249
grossing	Social Networking	99	Jdate: Jewish Dating App	Spark Networks USA, LLC	2025-06-12	249	3.06	2026-10-01	0.00	6745904753
grossing	Social Networking	100	LINE	LINE Corporation	2011-06-22	18415	3.2	2026-09-29	0.00	443904275
grossing	Reference	1	Translate Now - AI Translator	Air Apps Systems	2018-03-23	369939	4.69	2026-10-02	0.00	1348028646
grossing	Reference	2	Ancestry: Family History & DNA	Ancestry.com	2010-01-18	647770	4.77	2026-09-29	0.00	349554263
grossing	Reference	3	Bible Chat: Daily Devotional	Book Vitals Inc.	2023-05-11	364546	4.92	2026-09-30	0.00	6448849666
grossing	Reference	4	Hallow: Prayer & Meditation	Hallow, Inc.	2018-12-06	378347	4.89	2026-09-21	0.00	1405323394
grossing	Reference	5	CoinSnap: Coin Identifier	Next Vision Limited	2022-08-03	305611	4.72	2026-09-08	0.00	1634551626
grossing	Reference	6	CoinIn: Coin Scan Identifier	Vortemol Limited	2023-03-16	101459	4.67	2026-09-28	0.00	1672111368
grossing	Reference	7	Bible Widgets: Verses & Prayer	Monkey Taps	2025-05-30	115778	4.86	2026-10-02	0.00	6745089450
grossing	Reference	8	Collectr - TCG Collector App	Collectr	2022-01-31	66750	4.88	2026-09-30	0.00	1603892248
grossing	Reference	9	Haven - Bible Chat	E12 Holdings	2024-06-03	149295	4.88	2026-10-02	0.00	6503387382
grossing	Reference	10	AntiqSnap: Antique Identifier	Next Vision Limited	2025-10-15	31401	4.68	2026-09-28	0.00	6752929120
grossing	Reference	11	Live Translator - AI Translate	DigitalSail (HK) Limited	2025-02-07	20414	4.56	2026-09-29	0.00	6740606431
grossing	Reference	12	Ascension: Catholic Bible	Ascension Publishing Group, LLC	2023-06-25	90770	4.92	2026-08-13	0.00	1660909501
grossing	Reference	13	CCN: TCG & Collectible Alerts	Crep Chief Notify LTD	2022-03-28	1923	4.36	2026-09-19	0.00	1609983545
grossing	Reference	14	TCG Card Scanner - FoilSnap	Next Vision Limited	2025-09-30	14026	4.76	2026-09-28	0.00	6752642525
grossing	Reference	15	HoloDex - TCG Scan & Collect	MAVELLI FZCO	2025-09-08	23690	4.82	2026-09-10	0.00	6747442689
grossing	Reference	16	Translate AI - Live Translate	HEYOS	2025-01-30	4199	4.31	2026-10-03	0.00	6738304985
grossing	Reference	17	BibleScroll: Christian Focus	Screen Detox Inc	2026-02-01	5771	4.82	2026-09-30	0.00	6755406222
grossing	Reference	18	Bible Path: Prayers & Widgets	DEEP FLOW SOFTWARE SERVICES	2024-08-14	44256	4.77	2026-09-29	0.00	6504798650
grossing	Reference	19	Whitepages: People Search	Whitepages.com	2019-02-01	162157	4.64	2026-09-30	0.00	287734809
grossing	Reference	20	Facts - Daily Random Trivia	Monkey Taps	2014-10-14	67397	4.77	2026-10-01	0.00	924977069
grossing	Reference	21	Night Sky	iCandi Apps Ltd.	2011-11-01	496242	4.71	2026-09-14	0.00	475772902
grossing	Reference	22	LensAI・Identifier・Image Search	Conlan Limited	2023-03-04	9908	4.33	2026-08-26	0.00	1663862037
grossing	Reference	23	WoodSense: Wood Plans & Guides	Next Vision Limited	2025-10-28	15578	4.73	2026-09-25	0.00	6754165620
grossing	Reference	24	Sky Guide	Fifth Star Labs LLC	2013-05-06	375540	4.84	2026-10-01	0.00	576588894
grossing	Reference	25	Cardly AI: Sports Card Scanner	Scate	2025-07-02	10964	4.55	2026-09-25	0.00	6747571942
grossing	Reference	26	Abide: Bible Prayer Meditation	Guideposts	2014-03-11	121944	4.87	2026-10-02	0.00	726031617
grossing	Reference	27	Truthly: Catholic AI	Truthly, Inc.	2024-07-02	5931	4.91	2026-09-21	0.00	6504047524
grossing	Reference	28	BeenVerified: People Search	BeenVerified, Inc.	2009-12-17	37346	4.6	2026-09-01	0.00	342585873
grossing	Reference	29	Brickify: Collection Tracker	Brickify LLC	2026-02-11	5539	4.67	2026-09-29	0.00	6758356210
grossing	Reference	30	Curio - Antique Identifier	Dionysus Labs, LLC	2024-07-22	16147	4.82	2026-09-10	0.00	6520380757
grossing	Reference	31	Dwell: Audio Bible	Dwell App, LLC	2018-08-02	86849	4.89	2026-09-16	0.00	1343917374
grossing	Reference	32	Bible Note: Sermon Notes	Note AI	2025-04-02	24155	4.83	2026-09-25	0.00	6743159952
grossing	Reference	33	Bible Shorts: Watch & Study	澳 董	2026-07-30	1766	4.66	2026-09-30	0.00	6795921981
grossing	Reference	34	Voice Translator: AI Translate	BPMobile	2015-09-22	93567	4.38	2026-03-24	0.00	1036725690
grossing	Reference	35	Translate One: AI Translator	Tung To Dinh	2024-11-10	2340	4.65	2026-10-02	0.00	6736970537
grossing	Reference	36	Creed: Bible Chat & Companion	Lemon Tree Labs Inc	2025-08-05	68163	4.88	2026-09-28	0.00	6747326744
grossing	Reference	37	Coin ID: Coin Value Identifier	AIBY	2023-02-20	44385	4.49	2026-08-28	0.00	1665672552
grossing	Reference	38	Lens AI & Reverse Image Search	HEYOS	2025-12-08	509	3.96	2026-09-30	0.00	6753348682
grossing	Reference	39	InstantTranslator:AI Translate	APPLABS LIMITED	2024-08-22	4239	4.4	2026-09-19	0.00	6636468891
grossing	Reference	40	Kuli Kuli: Travel Translator	If Tech	2023-09-19	357	4.56	2026-09-25	0.00	6458146511
grossing	Reference	41	Duomo: Daily Prayer & Bible	DUOMO APP LIMITED	2024-10-09	10852	4.77	2026-09-29	0.00	6736357076
grossing	Reference	42	Faithe: Bible Videos & Study	Tightrope Interactive, Inc.	2024-12-16	9320	4.78	2026-07-20	0.00	6736618823
grossing	Reference	43	ReelTrends - AI Creator Tools	ForUsApps, LLC	2022-03-30	21897	4.8	2026-10-02	0.00	1612492046
grossing	Reference	44	Bible Bff-Modern Bible Stories	Idea Garden LLC	2025-07-15	14782	4.79	2026-09-16	0.00	6745900126
grossing	Reference	45	Coin Identifier & AI Scanner	COOL SUMMER LIMITED	2024-11-12	4208	4.38	2026-09-17	0.00	6737041776
grossing	Reference	46	AI CoinScan: Coin ID & Value	Wilfred Ong	2025-11-16	1064	4.0	2026-09-28	0.00	6754443808
grossing	Reference	47	Translate: Voice & Text	East End Technologies Ltd.	2023-03-13	2014	4.75	2026-05-14	0.00	1666080084
grossing	Reference	48	eTranslator-AI Translate	HIGHONE (HK) Inc	2025-01-15	2305	4.52	2026-08-07	0.00	6740013449
grossing	Reference	49	Blessed - Daily Verse & Prayer	Everblessed Technology Inc.	2022-07-22	103736	4.91	2026-10-01	0.00	1634567736
grossing	Reference	50	Star Gazer - Astronomy Sky Map	LeoStudio Global	2024-10-16	1554	4.65	2026-10-02	0.00	6736361418
grossing	Reference	51	Gospel Partner: Daily Bible	22 Media	2015-02-17	363	4.71	2026-09-29	0.00	931396143
grossing	Reference	52	Logos Bible	Faithlife Corporation	2009-10-31	175057	4.86	2026-09-03	0.00	336400266
grossing	Reference	53	MyHeritage: Family Tree & DNA	MyHeritage.com	2011-11-11	66136	4.86	2026-09-28	0.00	477971748
grossing	Reference	54	Lens AI: Identify Anything	XLABS DIJITAL HIZMETLER ANONIM SIRKETI	2025-04-15	4508	4.46	2026-09-22	0.00	6742785176
grossing	Reference	55	TrendTok Analytics & Tracker	ForUsApps, LLC	2021-02-11	66353	4.79	2026-10-01	0.00	1550778062
grossing	Reference	56	ScanCoin: identify & check	ML & AI Solutions	2024-07-20	8521	4.66	2024-10-04	0.00	6445847779
grossing	Reference	57	Antique Identifier - Relic	Sans Software, LLC	2025-06-26	7461	4.72	2026-09-10	0.00	6747602157
grossing	Reference	58	Sewpal: Sewing Pattern & Guide	PIXELCELL.LIMITED	2025-11-03	11567	4.77	2026-09-25	0.00	6754315885
grossing	Reference	59	Sacred Shorts: Bible Videos	Ian Marco Rodriguez	2026-02-27	7111	4.78	2026-10-02	0.00	6759298323
grossing	Reference	60	Glorify: Devotional & Prayer	Tupoe LTD	2020-01-31	99853	4.92	2026-10-01	0.00	1490587079
grossing	Reference	61	WBuilds for Building Guide	Sagar Khurana	2025-12-11	4136	4.63	2026-10-03	0.00	6755657280
grossing	Reference	62	Picture Bird: Bird identifier	Next Vision Limited	2019-08-11	40335	4.73	2026-03-06	0.00	1474586978
grossing	Reference	63	Coin Scanner: Collecting App	Codabrasoft LLC	2024-08-29	10510	4.54	2026-10-02	0.00	6504186647
grossing	Reference	64	PriceCharting: TCG, Games+	PriceCharting, LLC.	2023-09-11	26917	4.82	2026-09-27	0.00	6452190948
grossing	Reference	65	Dex - for TCG Collectors	Pedro Carrasco	2021-03-08	13858	4.81	2026-09-16	0.00	1555489854
grossing	Reference	66	Holy Bible † Study God's Word	East End Technologies Ltd.	2023-05-16	2589	4.6	2026-05-14	0.00	1666079454
grossing	Reference	67	Intelius Search	Pubrec, LLC	2013-05-20	9928	4.47	2025-12-15	0.00	647922968
grossing	Reference	68	Vessel: Bible Study & Notes	DUOMO APP LIMITED	2026-08-13	43	4.35	2026-09-29	0.00	6794259330
grossing	Reference	69	NoteSnap: Banknote Identifier	Next Vision Limited	2023-05-14	20478	4.62	2025-10-30	0.00	6448227169
grossing	Reference	70	PlantAI: Identifier & Diagnose	Glority Global Group Ltd.	2023-01-19	9327	4.55	2025-12-11	0.00	1664437810
grossing	Reference	71	ToyWorth: Scan & Value Toys	Next Vision Limited	2026-06-29	878	4.68	2026-07-19	0.00	6783354435
grossing	Reference	72	Bible Study - Manna	BAYMED LIMITED	2025-04-19	31103	4.91	2026-07-27	0.00	6742866659
grossing	Reference	73	Holy Bible Widget: Daily Verse	Orbit Studios	2026-03-31	2000	4.74	2026-09-25	0.00	6760676817
grossing	Reference	74	#Bible - Verse of the Day	Godward LLC	2017-10-20	390369	4.88	2026-09-12	0.00	1255711035
grossing	Reference	75	VinylSnap: Scan & Value Record	Next Vision Limited	2025-07-16	3442	4.66	2025-11-12	0.00	6748595105
grossing	Reference	76	Talk & Translate AI Translator	MobiSystems, Inc.	2016-05-25	12593	4.52	2026-09-10	0.00	1102728735
grossing	Reference	77	Bible Voice: Audio&Abide	FunJoy Group	2026-02-16	587	4.71	2026-08-11	0.00	6757691579
grossing	Reference	78	EMRA Antibiotic Guide	Emergency Medicine Residents' Association	2018-09-24	74	3.3	2026-03-05	0.00	1436939575
grossing	Reference	79	Oxford Dictionary & Thesaurus	MobiSystems, Inc.	2015-06-26	29062	4.63	2026-09-25	0.00	978674211
grossing	Reference	80	Cat DB – Catalytic Converters	D8ta Technologies LLC	2023-03-08	69	4.74	2026-09-28	0.00	1665881530
grossing	Reference	81	Merriam-Webster Dictionary	Merriam-Webster, Inc.	2010-12-14	328800	4.8	2026-09-22	0.00	399452287
grossing	Reference	82	Bird Sounds Identifier Call ID	Nhu Nguyen Thi	2023-06-01	13995	4.69	2026-09-29	0.00	6449354786
grossing	Reference	83	Acorn TCG Card Scanner App	Juanjo Valino	2025-02-27	15018	4.79	2026-09-18	0.00	6740246597
grossing	Reference	84	BibleWatch - Watch the Bible	Morfosis	2026-05-06	8903	4.8	2026-08-27	0.00	6761736440
grossing	Reference	85	Toyzie AI: Toy Value Scanner	NineG	2025-10-08	3573	4.56	2026-07-25	0.00	6753714328
grossing	Reference	86	AR Translator: Translate Photo	BrainMount Ltd	2019-08-09	3814	4.68	2026-08-31	0.00	1465903782
grossing	Reference	87	Family Tree Maker & Heritage	MS GESTION&CONSEIL	2025-11-17	781	4.36	2026-07-13	0.00	6754881010
grossing	Reference	88	AntiqueValue: Antique Identify	MPBIWI HK LIMITED	2026-03-25	664	4.74	2026-08-30	0.00	6760374486
grossing	Reference	89	Sky Tonight - Stargazing Guide	Vito Technology Inc.	2021-08-18	75748	4.76	2026-07-12	0.00	1570594940
grossing	Reference	90	MyDex TCG Card Scanner	Alberto Moral	2024-12-18	6357	4.81	2026-10-01	0.00	6739222650
grossing	Reference	91	My Translator - AI Translate	Dream App Studio UAB	2024-12-15	1595	4.41	2026-08-17	0.00	6738385447
grossing	Reference	92	Coin Identifier - CoinCheck	Macro Tap Apps Limited	2023-12-20	12456	4.52	2026-09-24	0.00	6455731760
grossing	Reference	93	Bible - Daily Bible Verse KJV	Ozion	2018-04-22	497102	4.87	2026-09-24	0.00	1357464684
grossing	Reference	94	Translate your Voice - Talk AI	MWM	2024-02-13	4364	4.68	2026-09-30	0.00	6476104118
grossing	Reference	95	Life Bible App	Tecarta, Inc.	2009-08-15	105156	4.85	2026-08-09	0.00	325955298
grossing	Reference	96	Reverso Context Translator	Theo Hoffenberg	2014-11-05	3608	4.67	2026-09-26	0.00	919979642
grossing	Reference	97	FamilyRoot:Heritage & Ancestry	X-DREAM PTE. LTD	2026-06-03	762	4.17	2026-09-04	0.00	6771254841
grossing	Reference	98	Bible Gateway	HarperCollins Christian Publishing, Inc.	2012-03-07	10105	3.65	2026-09-24	0.00	506512797
grossing	Reference	99	Magic poster	Naveen Dewangan	2026-05-26	5	1.8	2026-09-24	0.00	6773034292
grossing	Reference	100	ChatCoin: Coin Identifier	ChatCoin Global Group Limited	2025-09-05	1787	4.55	2026-09-22	0.00	6748672268
grossing	Productivity	1	ChatGPT	OpenAI OpCo, LLC	2023-05-18	10940384	4.83	2026-10-02	0.00	6448311069
grossing	Productivity	2	Claude by Anthropic	Anthropic PBC	2024-05-01	272923	4.72	2026-10-03	0.00	6473753684
grossing	Productivity	3	Gmail - Email by Google	Google	2011-11-02	2442153	4.71	2026-09-28	0.00	422689480
grossing	Productivity	4	Grok AI	X Corp.	2025-01-08	1473618	4.87	2026-10-01	0.00	6670324846
grossing	Productivity	5	Dropbox: Cloud Storage Backup	Dropbox, Inc.	2009-09-29	911648	4.8	2026-09-26	0.00	327630330
grossing	Productivity	6	Perplexity - AI Search & Chat	Perplexity AI, Inc.	2023-03-27	511556	4.82	2026-10-03	0.00	1668000334
grossing	Productivity	7	CamScanner - PDF Scanner App	INTSIG Information Co., Ltd	2010-08-27	1932112	4.84	2026-09-22	0.00	388627783
grossing	Productivity	8	Speechify – Text to Speech PDF	Speechify Inc.	2017-03-02	525302	4.66	2026-09-30	0.00	1209815023
grossing	Productivity	9	VPN - Super Unlimited Proxy	Mobile Jump Pte Ltd	2018-05-15	2117309	4.63	2026-10-01	0.00	1370293473
grossing	Productivity	10	Yahoo Mail: Your Email & Inbox	Yahoo	2012-12-10	4821103	4.69	2026-10-03	0.00	577586159
grossing	Productivity	11	Grammarly: AI Keyboard & Voice	Superhuman Platform Inc	2017-11-02	225310	4.66	2026-09-30	0.00	1158877342
grossing	Productivity	12	Microsoft Word	Microsoft Corporation	2014-03-27	3000386	4.73	2026-09-30	0.00	586447913
grossing	Productivity	13	Google Drive	Google	2012-06-28	7837663	4.78	2026-09-28	0.00	507874739
grossing	Productivity	14	Google Gemini	Google	2024-11-13	2308346	4.72	2026-10-02	0.00	6477489729
grossing	Productivity	15	WeTransfer: Transfer Files	Wetransfer B.V.	2021-10-12	78692	4.83	2026-09-15	0.00	1569379048
grossing	Productivity	16	Summary - AI Note Taker	Labhouse Mobile	2024-12-19	53077	4.71	2026-10-01	0.00	6670175056
grossing	Productivity	17	Microsoft OneDrive	Microsoft Corporation	2011-12-13	487641	4.7	2026-09-28	0.00	477537958
grossing	Productivity	18	ChatOn AI - Chat Bot Assistant	AIBY	2023-01-13	286142	4.7	2026-09-14	0.00	1661308505
grossing	Productivity	19	Otter Transcribe Voice Notes	Otter.ai, Inc.	2018-02-16	83090	4.79	2026-09-29	0.00	1276437113
grossing	Productivity	20	Keeper Password Manager	Callpod Inc.	2019-02-12	230951	4.9	2026-08-03	0.00	287170072
grossing	Productivity	21	TalkingParents: Co-Parent App	Monitored Communications LLC	2016-04-29	28756	4.38	2026-09-24	0.00	1092220726
grossing	Productivity	22	Translator GO: AI Translate	MATdev	2021-06-14	20265	4.4	2026-09-21	0.00	1570134612
grossing	Productivity	23	ChatBox - AI Chat with Chatbot	FLORATE LIMITED	2023-04-21	164825	4.65	2026-09-24	0.00	6447763703
grossing	Productivity	24	Evernote: AI Notes & Notebook	Evernote Corporation	2019-02-12	77848	4.41	2026-09-29	0.00	281796108
grossing	Productivity	25	Microsoft Outlook	Microsoft Corporation	2015-01-28	9292488	4.79	2026-09-29	0.00	951937596
grossing	Productivity	26	Microsoft Copilot	Microsoft Corporation	2013-06-14	1341901	4.7	2026-09-30	0.00	541164041
grossing	Productivity	27	Plaud: AI Note Taker	PLAUD LLC	2023-10-29	23166	4.89	2026-09-16	0.00	6450364080
grossing	Productivity	28	Grok Bot	X Corp.	2026-08-11	7754	4.89	2026-10-01	0.00	6794501026
grossing	Productivity	29	iTranslate Translator	Mosaic S.r.l.	2019-02-11	530655	4.73	2026-06-08	0.00	288113403
grossing	Productivity	30	Docusign - Upload & Sign Docs	Docusign	2011-10-31	828988	4.87	2026-09-17	0.00	474990205
grossing	Productivity	31	Chat AI: Ask Agent Anything	DEEP FLOW SOFTWARE SERVICES	2023-03-07	328072	4.76	2026-09-28	0.00	1668787639
grossing	Productivity	32	OurFamilyWizard Co-Parent App	OurFamilyWizard, LLC	2012-02-16	55089	4.59	2026-10-01	0.00	497405393
grossing	Productivity	33	Microsoft Excel	Microsoft Corporation	2014-03-27	1468209	4.75	2026-09-30	0.00	586683407
grossing	Productivity	34	1Password: Password Manager	AgileBits Inc.	2022-08-09	41620	4.67	2026-10-01	0.00	1511601750
grossing	Productivity	35	AI Chat Assistant – ChatNow	tappz	2023-01-24	143630	4.8	2026-09-30	0.00	1667518571
grossing	Productivity	36	Surfshark VPN: Fast & Secure	SURFSHARK LTD	2018-08-01	130871	4.7	2026-09-25	0.00	1391782046
grossing	Productivity	37	Manus - AI Agent & Automation	BUTTERFLY EFFECT PTE. LTD.	2025-03-27	38586	4.73	2026-10-03	0.00	6740909540
grossing	Productivity	38	MEGA: Encrypted Cloud Storage	Mega Networks LLC	2013-11-26	107461	4.61	2026-09-26	0.00	706857885
grossing	Productivity	39	BePresent: Screen Time Control	Screen Detox Inc	2022-09-29	65861	4.84	2026-10-02	0.00	1644737181
grossing	Productivity	40	Google One	Google	2020-11-09	22919	4.71	2026-09-22	0.00	1451784328
grossing	Productivity	41	Authenticator App	2Stable	2020-11-18	49301	4.64	2026-09-30	0.00	1538761576
grossing	Productivity	42	AI Chatbot - Nova	SCALEUP YAZILIM HIZMETLERI	2023-03-06	126966	4.64	2026-10-02	0.00	1669007652
grossing	Productivity	43	Chat Smith: AI Chatbot & Agent	Chat Smith OpCo	2021-05-11	166538	4.58	2026-10-02	0.00	1559479889
grossing	Productivity	44	Wispr Flow: AI Voice Keyboard	Wispr AI, Inc.	2025-05-21	16628	4.84	2026-10-01	0.00	6497229487
grossing	Productivity	45	AppClose	AppClose, Inc	2016-05-17	39306	4.74	2026-10-01	0.00	1019290876
grossing	Productivity	46	Opal: Screen Time Control	Opal OS	2020-12-15	89110	4.72	2026-09-26	0.00	1497465230
grossing	Productivity	47	Muse from Meta	Meta Platforms, Inc.	2026-09-08	145441	4.86	2026-10-01	0.00	6760173601
grossing	Productivity	48	Dashlane Password Manager	Dashlane	2012-05-21	107124	4.79	2026-09-28	0.00	517914548
grossing	Productivity	49	PDF Converter - Word to PDF	Minimodev Technologies LTD	2020-05-29	33167	4.72	2026-08-08	0.00	1515133401
grossing	Productivity	50	Chatbot AI Assistant - Genie	APPNATION YAZILIM HIZMETLERI TICARET ANONIM SIRKETI	2022-12-08	201670	4.71	2026-10-01	0.00	1658377526
grossing	Productivity	51	Photo Recovery: Deleted Files	PB Studios OU	2020-02-05	19304	4.33	2026-09-19	0.00	1482562954
grossing	Productivity	52	Glacier App	Security App LLC	2026-07-13	278	4.3	2026-10-02	0.00	6776005049
grossing	Productivity	53	Smart Printer App℠ for HP ·	AstraBridge Limited	2026-01-20	2192	4.1	2026-09-28	0.00	6757393880
grossing	Productivity	54	Chatbot App: AI Assistant	TAPSUITE YAZILIM HIZMETLERI ANONIM SIRKETI	2024-12-04	5252	4.15	2026-09-29	0.00	6711347033
grossing	Productivity	55	Norton VPN – Fast & Secure	Gen Digital Inc.	2016-06-13	120803	4.45	2026-09-29	0.00	1095519285
grossing	Productivity	56	Proton Mail - Encrypted Email	Proton AG	2016-03-16	48248	4.75	2026-09-28	0.00	979659905
grossing	Productivity	57	VPN Hotspot Shield: Wifi Proxy	AnchorFree Inc.	2011-10-28	361685	4.58	2026-09-21	0.00	443369807
grossing	Productivity	58	Bark - Parental Controls	Bark Technologies, Inc.	2019-09-25	35918	4.25	2026-07-03	0.00	1477619146
grossing	Productivity	59	Forms for Google Docs	Aurora Innovation	2022-05-15	60164	4.75	2026-09-29	0.00	1619382448
grossing	Productivity	60	Cue: AI Note Taker & Recorder	44pixels	2025-03-19	3666	4.45	2026-09-22	0.00	6741517781
grossing	Productivity	61	Office Word: Edit Document	BEGAMOB GLOBAL LIMITED	2026-04-01	1343	4.71	2026-09-22	0.00	6759957263
grossing	Productivity	62	Speak & Translate - Translator	Mosaic S.r.l.	2014-02-13	258271	4.55	2026-08-11	0.00	804641004
grossing	Productivity	63	Cozi Family Organizer	Cozi	2010-12-21	400174	4.81	2026-08-31	0.00	407108860
grossing	Productivity	64	Zeely: AI Marketing Platform	Zeely, Inc.	2021-10-26	22704	4.58	2026-09-28	0.00	1586861768
grossing	Productivity	65	Office Word:Edit Word Document	Rhophi Analytics LLP	2023-02-10	9594	4.62	2024-08-15	0.00	6444708069
grossing	Productivity	66	Land id®	MapRight, LLC	2016-11-09	4205	4.63	2026-10-01	0.00	1173937731
grossing	Productivity	67	Documents - File Manager	Readdle Technologies Limited	2010-04-01	629007	4.79	2026-09-28	0.00	364901807
grossing	Productivity	68	Chillio: Life Planner	COREMOVE LIMITED	2025-08-01	2979	4.58	2026-09-29	0.00	6748603301
grossing	Productivity	69	Wave AI Note Taker & Recorder	Mohrer Associates LLC	2023-07-26	12106	4.85	2026-09-29	0.00	6451491556
grossing	Productivity	70	BimmerCode	SG Software GmbH & Co. KG	2016-10-11	21335	4.68	2026-04-28	0.00	1130787459
grossing	Productivity	71	X-VPN: VPN Fast & Secure	LIGHTNINGLINK NETWORKS PTE. LTD.	2017-06-27	619591	4.66	2026-09-22	0.00	1250312807
grossing	Productivity	72	Cloaked: Protect your privacy	Cloaked, Inc.	2022-02-21	22220	4.6	2026-10-02	0.00	1600487147
grossing	Productivity	73	AI CleanKit: Phone Cleaner Pro	STAR LIGHTHOUSE TECHNOLOGY PTE. LTD.	2025-09-02	11083	4.35	2026-06-08	0.00	6751531813
grossing	Productivity	74	LastPass Password Manager	LastPass US LP	2009-08-01	57279	4.38	2026-09-22	0.00	324613447
grossing	Productivity	75	TranslateAll: Live Translator	Aurora Borealis Culture Media Limited	2026-05-14	590	4.44	2026-09-17	0.00	6768545062
grossing	Productivity	76	Goldie: Appointment Scheduler	Quartet	2017-03-13	12868	4.84	2026-09-25	0.00	1068911190
grossing	Productivity	77	Mobile Scanner App - Scan PDF	Glority Global Group Ltd.	2019-05-18	56861	4.79	2026-09-20	0.00	1461747901
grossing	Productivity	78	Chatbot AI Assistant ChatPrime	Wowoo Dijital Hizmetler Limited Sirketi	2025-09-21	5061	4.55	2026-10-01	0.00	6749363102
grossing	Productivity	79	AI Chatbot & Design Assistant	SevenSeas AI Studio	2025-03-30	8060	4.51	2026-09-21	0.00	6743953410
grossing	Productivity	80	Authenticator ® App	MatechMobile Software JSC	2024-03-31	3357	4.41	2026-08-05	0.00	6480253221
grossing	Productivity	81	PDF Expert: Editor & Reader	Readdle Technologies Limited	2013-12-03	216058	4.67	2026-09-25	0.00	743974925
grossing	Productivity	82	Minutes: AI Meeting Note Taker	Minutes AI	2024-06-12	14009	4.88	2026-09-17	0.00	6504206467
grossing	Productivity	83	ElevenReader: Read Books Aloud	ElevenLabs, Inc.	2024-05-10	10539	4.72	2026-10-01	0.00	6479373050
grossing	Productivity	84	Teleprompter.com	Teleprompter LLC	2018-08-22	29139	4.76	2026-09-25	0.00	1420515755
grossing	Productivity	85	SignNow: e-Signature app	airSlate, Inc.	2012-01-19	18087	4.47	2026-10-02	0.00	489262811
grossing	Productivity	86	Text to Speech - Listen AI	DEEP FLOW SOFTWARE SERVICES	2024-09-22	5861	4.51	2026-09-23	0.00	6502340091
grossing	Productivity	87	Lovable: Build Apps With AI	Lovable Labs Incorporated	2026-04-27	2171	4.82	2026-09-29	0.00	6757471107
grossing	Productivity	88	Notability: AI Notes & Planner	Ginger Labs	2010-04-01	457425	4.76	2026-09-28	0.00	360593530
grossing	Productivity	89	BimmerLink	SG Software GmbH & Co. KG	2016-04-06	9220	4.68	2026-09-26	0.00	1065360416
grossing	Productivity	90	Kimi - Kimi K3 is Live	Moonshot AI	2024-02-04	5240	4.75	2026-09-23	0.00	6474233312
grossing	Productivity	91	VPN by Private Internet Access	Private Internet Access, Inc.	2015-05-24	149708	4.69	2026-09-29	0.00	955626407
grossing	Productivity	92	Notion: Notes, Tasks, AI	Notion Labs, Incorporated	2017-09-14	90304	4.78	2026-10-02	0.00	1232780281
grossing	Productivity	93	Todoist: To Do List & Calendar	Todoist Inc.	2012-11-18	129463	4.8	2026-10-01	0.00	572688855
grossing	Productivity	94	Meta AI	Meta Platforms, Inc.	2021-09-09	265215	4.69	2026-10-02	0.00	1558240027
grossing	Productivity	95	Beside (M1): AI Receptionist	Interface, Inc.	2024-02-08	9143	4.78	2026-10-01	0.00	6453521926
grossing	Productivity	96	Casting Networks	Casting Networks LLC	2022-06-30	1587	4.63	2026-08-26	0.00	1607830864
grossing	Productivity	97	AI Chatbot: Pixi	44pixels	2024-07-23	13834	4.65	2026-01-03	0.00	6499593159
grossing	Productivity	98	Widgetsmith	Cross Forward Consulting, LLC	2020-09-16	773832	4.61	2026-09-28	0.00	1523682319
grossing	Productivity	99	Goodnotes: AI Notes, Docs, PDF	Goodnotes Limited	2019-01-15	459176	4.72	2026-09-27	0.00	1444383602
grossing	Productivity	100	Betternet VPN: Fast Secure VPN	Betternet LLC	2014-12-16	238281	4.54	2026-09-14	0.00	946659216
grossing	Photo & Video	1	YouTube	Google	2012-09-11	49257916	4.67	2026-09-28	0.00	544007664
grossing	Photo & Video	2	Snapchat	Snap, Inc.	2011-07-13	5952784	4.51	2026-09-30	0.00	447188370
grossing	Photo & Video	3	Instagram	Instagram, Inc.	2010-10-06	29555242	4.69	2026-10-02	0.00	389801252
grossing	Photo & Video	4	CapCut: Photo & Video Editor	Bytedance Pte. Ltd	2020-04-14	1122782	4.61	2026-09-21	0.00	1500855883
grossing	Photo & Video	5	Google Photos: Backup & Edit	Google	2015-05-28	1597302	4.83	2026-10-01	0.00	962194608
grossing	Photo & Video	6	Canva AI Photo & Video Editor	Canva	2014-10-15	3559204	4.87	2026-10-01	0.00	897446215
grossing	Photo & Video	7	Facetune: Photo & Video Editor	Lightricks Ltd.	2016-11-24	378525	4.62	2026-09-24	0.00	1149994032
grossing	Photo & Video	8	Twitch: Live Streaming	Twitch Interactive, Inc.	2011-10-26	2809877	4.72	2026-10-01	0.00	460177396
grossing	Photo & Video	9	FaceApp: Perfect Face Editor	FaceApp Technology Limited	2017-01-24	1786811	4.73	2026-09-25	0.00	1180884341
grossing	Photo & Video	10	Momo: AI Photo & Video Maker	SCALEUP YAZILIM HIZMETLERI	2022-12-31	91083	4.36	2026-09-26	0.00	1658822260
grossing	Photo & Video	11	Picsart AI Photo Editor, Video	PicsArt, Inc.	2013-01-02	1195659	4.67	2026-09-30	0.00	587366035
grossing	Photo & Video	12	Lightroom: AI Photo Editor	Adobe Inc.	2014-06-21	336882	4.77	2026-09-30	0.00	878783582
grossing	Photo & Video	13	Skylight App	Skylight Frame	2018-10-15	52181	4.8	2026-09-28	0.00	1438779037
grossing	Photo & Video	14	Runway: AI Image & Video	runwayml	2023-04-18	16456	4.48	2026-09-27	0.00	1665024375
grossing	Photo & Video	15	Airbrush: Face Photo Editor	PIXOCIAL TECHNOLOGY (SINGAPORE) PTE. LTD.	2015-10-07	203193	4.8	2026-09-26	0.00	998411110
grossing	Photo & Video	16	SCRL: Photo Collage Maker	Appostrophe AB	2017-10-17	123449	4.83	2026-10-02	0.00	1289057196
grossing	Photo & Video	17	Splice - Video Editor & Maker	Bending Spoons Apps ApS	2010-12-23	429632	4.6	2026-09-24	0.00	409838725
grossing	Photo & Video	18	Retake AI Face & Selfie Editor	DEEP FLOW SOFTWARE SERVICES	2023-10-01	52033	4.61	2026-10-01	0.00	6466298983
grossing	Photo & Video	19	Tezza: Aesthetic Photo Editor	Tezza App LLC	2018-07-07	47350	4.74	2026-08-25	0.00	1393061654
grossing	Photo & Video	20	VSCO: Photo & Video Editor	Visual Supply Company	2013-06-06	277659	4.69	2026-10-02	0.00	588013838
grossing	Photo & Video	21	Amazon Photos: Photo & Video	AMZN Mobile LLC	2013-05-09	231323	4.81	2026-09-11	0.00	621574163
grossing	Photo & Video	22	Shots: Photo & Video Generator	DeePix AI	2025-06-04	16513	4.49	2026-08-16	0.00	6745820631
grossing	Photo & Video	23	AI Mirror: AI Photo Editor	POLYVERSE ENTERTAINMENT INC.	2022-12-06	49723	4.67	2026-08-23	0.00	6444888896
grossing	Photo & Video	24	Photoroom: AI Photo Editor	Photoroom	2019-03-26	230041	4.82	2026-09-28	0.00	1455009060
grossing	Photo & Video	25	Remini - AI Photo Enhancer	Bending Spoons Apps ApS	2019-08-01	355204	4.61	2026-10-02	0.00	1470373330
grossing	Photo & Video	26	Prequel: Photo & Video Editor	Prequel Inc.	2018-03-28	344549	4.74	2026-09-29	0.00	1325756279
grossing	Photo & Video	27	PicCollage: Magic Photo Editor	Cardinal Blue	2011-07-13	1841835	4.79	2026-08-25	0.00	448639966
grossing	Photo & Video	28	ReelMe: AI Photo & Video	TPC INVEST PTE.LTD	2025-05-21	6709	4.5	2026-09-29	0.00	6745781406
grossing	Photo & Video	29	KICK - Live Streaming	Kick Streaming	2023-03-26	141857	4.67	2026-09-24	0.00	6446202561
grossing	Photo & Video	30	Private Photo Vault - Pic Safe	Legendary Software Labs LLC	2011-02-08	1016258	4.82	2026-09-17	0.00	417571834
grossing	Photo & Video	31	GoPro Quik	GoPro, Inc.	2012-10-08	833173	4.78	2026-09-15	0.00	561350520
grossing	Photo & Video	32	Photoshop Express Photo Editor	Adobe Inc.	2009-10-08	741177	4.75	2026-10-01	0.00	331975235
grossing	Photo & Video	33	Rumble: Live Streaming, Videos	Rumble Inc.	2020-07-21	534645	4.74	2026-09-26	0.00	1518427877
grossing	Photo & Video	34	BeautyPlus-Selfie Photo Editor	PIXOCIAL TECHNOLOGY (SINGAPORE) PTE. LTD.	2013-04-24	348326	4.81	2026-09-26	0.00	622434129
grossing	Photo & Video	35	Photo Collage Maker PicJointer	Mosaic S.r.l.	2012-03-20	135512	4.54	2026-06-19	0.00	509987785
grossing	Photo & Video	36	Meitu AI Photo & Video Editor	Meitu Technology Co., Ltd.	2011-02-14	79884	4.78	2026-08-17	0.00	416048305
grossing	Photo & Video	37	EseeCloud(IP Pro, VR Cam)	Guangdong Juan Intelligent Technology Joint Stock Co., Ltd	2015-09-01	6298	3.99	2026-09-26	0.00	1032277907
grossing	Photo & Video	38	InstaSize: AI Photo Editor	Instasize Inc.	2012-11-21	326498	4.67	2026-09-29	0.00	576649830
grossing	Photo & Video	39	FaceLab: Face Age, Hair Filter	Lyrebird Studio	2020-11-13	50411	4.58	2026-09-22	0.00	1530776865
grossing	Photo & Video	40	Video Up! Video Editor & Maker	Video editor & maker app	2022-04-29	96731	4.57	2026-09-28	0.00	1585824635
grossing	Photo & Video	41	Toonapp: AI Photo & Video Art	Lyrebird Studio	2021-01-05	142130	4.72	2026-08-16	0.00	1540719743
grossing	Photo & Video	42	Secret Photo Vault: Keepsafe	KeepSafe Software, Inc	2012-04-06	383744	4.75	2026-09-29	0.00	510873505
grossing	Photo & Video	43	Videoleap: AI Video Editor	Lightricks Ltd.	2017-09-24	145619	4.61	2026-09-15	0.00	1255135442
grossing	Photo & Video	44	Esti: Aesthetic Photo Editor	Prequel Inc.	2023-10-25	18816	4.64	2026-09-03	0.00	6457366208
grossing	Photo & Video	45	Photo Scan App by Photomyne	Photomyne LTD	2015-10-09	96184	4.7	2026-09-08	0.00	1037784828
grossing	Photo & Video	46	PixVerse Lite	AIVORA PTE. LTD.	2026-05-27	1034	4.34	2026-09-21	0.00	6767802142
grossing	Photo & Video	47	Instories: AI Photo & Video	Ylee Studio LTD	2019-03-10	46014	4.72	2026-10-01	0.00	1454762989
grossing	Photo & Video	48	Dance AI - Video Generator	DeePix AI	2026-02-02	17531	4.6	2026-09-11	0.00	6758041184
grossing	Photo & Video	49	AI Photo Video Editor, Enhance	COOL SUMMER LIMITED	2023-04-27	32902	4.57	2026-07-23	0.00	6447604690
grossing	Photo & Video	50	Captions: AI Edits Your Video	Captions, LLC (US)	2020-12-01	38261	4.75	2026-10-02	0.00	1541407007
grossing	Photo & Video	51	Facelab: Face & Body Editor	IRONTECH LIMITED	2018-04-25	87496	4.64	2026-09-27	0.00	1361012099
grossing	Photo & Video	52	YouCam Makeup: Face Editor	PERFECT MOBILE CORP.	2014-08-12	155405	4.74	2026-10-02	0.00	863844475
grossing	Photo & Video	53	AI Video Generator - Vixel	FENIX MOBILE YAZILIM A.S.	2026-01-23	3154	3.65	2026-09-14	0.00	6756965785
grossing	Photo & Video	54	Insta360	Insta360	2020-01-16	9370	4.45	2026-09-25	0.00	1491299654
grossing	Photo & Video	55	YouCam Perfect:AI Photo Editor	PERFECT MOBILE CORP.	2014-03-26	118932	4.77	2026-09-10	0.00	768469908
grossing	Photo & Video	56	Vimeo	Vimeo.com, Inc.	2011-03-29	11801	4.45	2026-09-25	0.00	425194759
grossing	Photo & Video	57	Movia AI: Photo to Video Maker	DEEP LINK META LIMITED	2025-08-21	4029	4.12	2026-07-23	0.00	6749524394
grossing	Photo & Video	58	Bazaart AI Photo Editor Design	Bazaart Ltd.	2012-04-05	260895	4.8	2026-09-26	0.00	515094775
grossing	Photo & Video	59	BIGVU Teleprompter Captions AI	BIGVU INC	2016-06-17	35742	4.73	2026-09-30	0.00	1124958568
grossing	Photo & Video	60	AI Avatar Generator - HeyGen	HeyGen Technology Inc	2024-10-13	26319	4.78	2026-09-25	0.00	6711356409
grossing	Photo & Video	61	Vids AI - Reels Video Editor	Viral Vision Ltd.	2022-08-01	47522	4.78	2026-09-28	0.00	1634361180
grossing	Photo & Video	62	Muse: Reels Video Editor	Bigrowth	2022-11-06	4100	4.65	2026-09-21	0.00	1638320348
grossing	Photo & Video	63	InShot - Video Editor	SHANTANU PTE. LTD.	2015-06-11	2502436	4.85	2026-10-01	0.00	997362197
grossing	Photo & Video	64	ElevenLabs: AI Voice Generator	ElevenLabs, Inc.	2025-06-24	21492	4.84	2026-10-03	0.00	6743162587
grossing	Photo & Video	65	Glowify - AI Hairstyle Try On	Flarial Interactive	2025-08-26	12334	4.74	2026-09-30	0.00	6751491972
grossing	Photo & Video	66	SlideShow Maker Photo to Video	Mosaic S.r.l.	2015-02-17	104682	4.24	2026-06-24	0.00	924826256
grossing	Photo & Video	67	PhotoGrid: Video Collage Maker	JUPITER PALACE PTE. LTD.	2012-08-01	117881	4.87	2026-09-28	0.00	543577420
grossing	Photo & Video	68	Collageable: Photo Collage	IRONTECH LIMITED	2016-04-12	511125	4.76	2026-09-28	0.00	1085652055
grossing	Photo & Video	69	OpusClip - AI video clipping	OpusClip	2025-07-15	7450	4.85	2026-09-30	0.00	6743615403
grossing	Photo & Video	70	Frameo	Frameo A/S	2016-12-08	441065	4.88	2026-09-10	0.00	1179744119
grossing	Photo & Video	71	Persona: Beauty Camera	Ticket To The Moon, Inc.	2021-04-20	44728	4.76	2026-09-25	0.00	1561622206
grossing	Photo & Video	72	PrettyUp - Body Editor Video	Pixl Concerto Technology Limited	2020-12-23	12392	4.62	2026-09-13	0.00	1544211932
grossing	Photo & Video	73	WayShot:Aesthetic Photo Editor	Romangic Lab LLC	2025-08-10	1933	4.7	2026-09-30	0.00	6749303003
grossing	Photo & Video	74	Polycam 3D Scanner & Measuring	Polycam Inc.	2020-09-28	43678	4.65	2026-10-01	0.00	1532482376
grossing	Photo & Video	75	ism: Retro Camera & Vintage	MWM	2021-11-04	11349	4.72	2026-10-01	0.00	1580668065
grossing	Photo & Video	76	CutAI: AI Video Editor	CUTAI LLC	2026-08-17	539	4.75	2026-09-27	0.00	6775648274
grossing	Photo & Video	77	Templify・AI Video & Reel Maker	Templify Media, Inc.	2021-12-06	7144	4.77	2026-10-02	0.00	1595549611
grossing	Photo & Video	78	VideoGPT - AI Video Generator	ElevenThirteen LLC	2024-01-31	53878	4.76	2025-10-08	0.00	6451396274
grossing	Photo & Video	79	Filmora: AI Video Editor&Maker	Shenzhen Wondershare Software Co., Ltd	2016-04-28	89882	4.68	2026-09-17	0.00	1019382747
grossing	Photo & Video	80	GIO - Photo & Video Generator	Prequel Inc.	2023-08-10	35012	4.53	2026-09-14	0.00	6449296449
grossing	Photo & Video	81	DanceHit: AI Dance Generator	SCALEUP YAZILIM HIZMETLERI	2026-08-04	2732	4.39	2026-10-01	0.00	6761751034
grossing	Photo & Video	82	Face Maker: Baby Photo & Video	M2R TEKNOLOJI ANONIM SIRKETI	2026-03-29	5627	4.54	2026-09-17	0.00	6760007078
grossing	Photo & Video	83	AI Photo Generator: ARTA	AIBY	2022-09-11	81234	4.3	2026-09-10	0.00	1642969698
grossing	Photo & Video	84	Cosmo AI：Hair・Edit Photo・Video	Spark Dynamic	2023-01-07	16906	4.34	2026-07-30	0.00	6444848535
grossing	Photo & Video	85	Alight Motion	Bending Spoons Apps ApS	2019-12-21	77668	4.42	2026-10-02	0.00	1459833443
grossing	Photo & Video	86	Celebs - Celebrity Look Alike	Sociaaal LLC	2019-12-06	178813	4.41	2026-08-06	0.00	1488127870
grossing	Photo & Video	87	Hypic - Photo Editor & AI Art	Bytedance Pte. Ltd	2023-01-03	17214	4.57	2026-09-23	0.00	1644042837
grossing	Photo & Video	88	AI Photo Editor - BgMaster™	COOL SUMMER LIMITED	2024-05-01	9127	4.6	2026-09-17	0.00	6499191999
grossing	Photo & Video	89	Reels Maker for Instagram BEAT	Onelight Apps CY Ltd	2022-10-24	15367	4.8	2026-09-11	0.00	6443517019
grossing	Photo & Video	90	Photoleap: AI Photo Generator	Lightricks Ltd.	2017-07-06	138064	4.68	2026-08-05	0.00	1191337894
grossing	Photo & Video	91	AI Catch: AI Video Generator	Prominent Fortune PTE. LTD	2024-12-30	1433	4.24	2026-09-11	0.00	6739276631
grossing	Photo & Video	92	MIU AI: Photo Video Generator	Ivan Chapisptryak	2025-12-30	714	4.45	2026-09-01	0.00	6756606000
grossing	Photo & Video	93	快手	Beijing Kwai Technology Co., Ltd.	2011-07-01	36920	4.75	2026-09-27	0.00	440948110
grossing	Photo & Video	94	iMemories	iMemories	2013-05-01	8733	4.89	2026-03-05	0.00	528388477
grossing	Photo & Video	95	Lensa AI: Photo Editor	Prisma labs, inc.	2018-11-15	417549	4.7	2026-09-29	0.00	1436732536
grossing	Photo & Video	96	Photo Organizer: Picnic	MWM	2023-09-30	9800	4.8	2026-09-30	0.00	6450713784
grossing	Photo & Video	97	Video Star	Frontier Design Group	2011-09-28	89680	4.07	2026-09-21	0.00	438596432
grossing	Photo & Video	98	BeautyCam-Digicam&Photo Editor	Meitu Technology Co., Ltd.	2013-01-27	22314	4.75	2026-09-26	0.00	592331499
grossing	Photo & Video	99	Leica LUX - Pro Manual Camera	Leica Camera AG	2024-06-05	7706	4.85	2026-09-24	0.00	6477182657
grossing	Photo & Video	100	Retouch Me: Face Editor, Tune	Good Retouch LP	2014-05-12	19029	4.43	2026-10-02	0.00	830286763
grossing	News	1	X	X Corp.	2009-10-09	11079114	4.58	2026-10-02	0.00	333903271
grossing	News	2	NYTimes: US and Global News	The New York Times Company	2019-01-31	791605	4.79	2026-09-21	0.00	284862083
grossing	News	3	The Wall Street Journal. News	Dow Jones & Company, Inc., publisher of The Wall Street Journal.	2010-04-01	551831	4.71	2026-09-24	0.00	364387007
grossing	News	4	Citizen: Safety & Live Video	sp0n, Inc.	2016-02-24	520015	4.72	2026-09-30	0.00	1039889567
grossing	News	5	Bloomberg: Business News Daily	Bloomberg Finance LP	2019-02-01	55160	4.59	2026-10-01	0.00	281941097
grossing	News	6	Washington Post	The Washington Post	2010-03-03	637935	4.73	2026-09-10	0.00	352509417
grossing	News	7	Ground News	Snapwise Inc.	2018-04-22	48325	4.72	2026-09-23	0.00	1324203419
grossing	News	8	The Economist: News & Analysis	The Economist	2018-05-02	182185	4.87	2026-09-30	0.00	1239397626
grossing	News	9	CNBC: Stock Market & Business	Versant Media LLC	2010-12-06	628052	4.71	2026-10-02	0.00	398018310
grossing	News	10	MS NOW: Live & Breaking News	Versant Media LLC	2011-01-11	23763	4.08	2026-10-01	0.00	396885309
grossing	News	11	Fox Nation	Fox News Network, LLC	2018-11-27	51274	4.66	2026-09-24	0.00	1419779267
grossing	News	12	CNN: Live & Breaking News	CNN Interactive Group, Inc.	2009-09-29	1663951	4.77	2026-09-28	0.00	331786748
grossing	News	13	Substack	Substack, Inc.	2022-03-08	544380	4.87	2026-09-29	0.00	1581650857
grossing	News	14	The New Yorker	Advance Magazine Publishers Inc.	2016-04-11	8111	3.86	2026-10-01	0.00	1081530898
grossing	News	15	Daily Wire	Daily Wire LLC	2019-10-02	17266	4.55	2026-09-29	0.00	1477317200
grossing	News	16	The Guardian - US & World News	Guardian News and Media Limited	2013-10-29	113337	4.86	2026-09-28	0.00	409128287
grossing	News	17	Police Scanner Radio & Fire	GordonEdwards.net LLC	2012-02-05	534655	4.64	2026-09-23	0.00	498405045
grossing	News	18	Financial Times: Business News	Financial Times Ltd.	2017-08-07	24401	4.82	2026-09-30	0.00	1200842933
grossing	News	19	Watch Duty: Wildfire & Floods	Sherwood Forestry Service, Inc.	2021-08-10	51692	4.93	2026-09-30	0.00	1574452924
grossing	News	20	Medium: Read & Write Stories	A Medium Corporation	2014-03-20	157213	4.82	2026-09-30	0.00	828256236
grossing	News	21	Reddit	REDDIT, INC.	2016-04-07	3504573	4.76	2026-09-28	0.00	1064216828
grossing	News	22	Epoch Times: Live & Breaking	Epoch Usa Inc	2013-07-15	266710	4.85	2026-09-17	0.00	670443321
grossing	News	23	The Atlantic Magazine	The Atlantic Monthly Group LLC	2010-10-22	138701	4.91	2026-09-10	0.00	397599894
grossing	News	24	theSkimm	theSkimm	2016-04-18	13230	4.75	2026-06-24	0.00	1034995058
grossing	News	25	Podcast App	Evolve Global, Inc.	2017-03-10	308902	4.77	2026-09-30	0.00	1199070742
grossing	News	26	Daily Mail: Breaking News Live	dmg media ltd	2011-12-21	27480	4.18	2026-10-01	0.00	384101264
grossing	News	27	CrimeRadar Dispatch Audio	Scoopz Inc.	2025-05-27	40237	4.89	2026-09-23	0.00	6746114452
grossing	News	28	Reuters - Breaking World News	Thomson Reuters Enterprise Centre GmbH	2013-03-19	8302	4.76	2026-09-30	0.00	602660809
grossing	News	29	LA Times	Los Angeles Times Communications LLC	2010-06-21	19567	4.59	2026-10-01	0.00	373238146
grossing	News	30	Barron’s - Investing Insights	Dow Jones & Company, Inc., publisher of The Wall Street Journal.	2010-12-22	12709	4.61	2026-09-24	0.00	409882593
grossing	News	31	The San Francisco Chronicle	Hearst Newspapers	2011-05-31	31298	4.53	2026-08-31	0.00	423260205
grossing	News	32	The Pour Over	The Pour Over	2025-11-16	2386	4.85	2026-10-02	0.00	6752842196
grossing	News	33	BBC: World News & Stories	BBC Studios Distribution Ltd.	2010-04-01	88344	4.48	2026-09-28	0.00	364147881
grossing	News	34	Narwhal for Reddit	robot swingset, llc.	2014-04-10	17163	4.52	2026-09-19	0.00	845422455
grossing	News	35	Overcast Podcast App	Overcast Radio, LLC	2014-07-16	47891	4.54	2026-08-24	0.00	888422857
grossing	News	36	USA TODAY: US & Breaking News	USA TODAY	2012-03-01	241646	4.5	2026-09-08	0.00	504631398
grossing	News	37	Police Scanner: Fire Radio	Guru Network Limited Inc.	2019-09-12	166140	4.74	2026-09-22	0.00	1477440076
grossing	News	38	BlazeTV: Pro-America	Blaze Media LLC	2016-03-07	3175	4.17	2026-09-25	0.00	1080655620
grossing	News	39	5-0 Radio Pro Police Scanner	Smartest Apps LLC	2009-12-04	88839	4.62	2026-04-30	0.00	341776037
grossing	News	40	Clubhouse	Alpha Exploration Co.	2020-09-14	791293	4.77	2026-10-01	0.00	1503133294
grossing	News	41	The Philadelphia Inquirer	Philadelphia Media Network, Inc.	2012-11-14	18066	4.6	2026-09-29	0.00	577251728
grossing	News	42	The Minnesota Star Tribune	The Star Tribune Media Company	2011-11-02	13037	4.43	2025-11-13	0.00	476107280
grossing	News	43	TrueShort - Stream True Crime	Humans Anonymous, Inc	2025-04-04	18088	4.91	2026-09-30	0.00	6741782158
grossing	News	44	Boston Herald E-Edition	Herald Interactive, Inc.	2012-08-08	379	4.41	2024-05-01	0.00	543969326
grossing	News	45	Le Monde, Live News	Societe Editrice du Monde	2008-11-14	5281	4.75	2026-09-28	0.00	294047850
grossing	News	46	Detroit Free Press: Freep	USA TODAY Co., Inc.	2014-09-18	12701	4.57	2026-09-26	0.00	904023476
grossing	News	47	Kiki: Local Chat & People Near	Kikihub	2024-10-17	2384	4.51	2026-10-01	0.00	6499032288
grossing	News	48	Pocket Casts: Podcast Player	Automattic	2011-01-26	15977	4.51	2026-09-28	0.00	414834813
grossing	News	49	Business Insider: News & more	Insider, Inc.	2012-09-04	21760	4.59	2026-09-28	0.00	554260576
grossing	News	50	Police Scanner: Crime Radar	Sepia Software LLC	2016-01-26	28276	4.57	2026-10-02	0.00	1075599309
grossing	News	51	Stocks.News－Market Alerts	IR Agency LLC	2024-01-26	4843	4.73	2026-09-24	0.00	6476615803
grossing	News	52	The Information: Tech News	The Information	2019-12-02	67	4.72	2026-09-11	0.00	1485459932
grossing	News	53	Haaretz - Israel News	Haaretz Daily Newspaper Ltd	2012-02-28	606	4.14	2026-09-25	0.00	504537897
grossing	News	54	The Boston Globe	BOSTON GLOBE MEDIA PARTNERS, LLC	2013-06-13	43033	4.63	2026-09-14	0.00	632761100
grossing	News	55	The Detroit News: Local News	USA TODAY Co., Inc.	2014-09-19	7255	4.54	2026-09-26	0.00	904391210
grossing	News	56	Slate.com	The Slate Group, LLC	2010-02-26	9065	4.54	2026-06-02	0.00	357555242
grossing	News	57	The Telegraph: UK & World News	TELEGRAPH MEDIA GROUP HOLDINGS LIMITED	2010-09-20	1534	4.61	2026-09-02	0.00	388947468
grossing	News	58	El Nuevo Día	El Nuevo Día	2011-09-02	43537	4.65	2026-09-14	0.00	459481464
grossing	News	59	Seattle Times Mobile	The Seattle Times	2009-09-10	25557	4.58	2026-10-01	0.00	329502124
grossing	News	60	Chicago Tribune	Tribune Publishing Company, LLC	2010-08-18	18457	4.45	2026-09-24	0.00	383137151
grossing	News	61	Oregonlive.com	OregonLive.com	2010-10-02	10602	4.32	2026-07-28	0.00	394812078
grossing	News	62	NJ.com	NJ.com	2011-02-14	24967	4.52	2026-07-16	0.00	419202474
grossing	News	63	NOLA.com	Capital City Press, LLC	2011-02-18	13139	4.6	2025-11-25	0.00	419878345
grossing	News	64	Coast to Coast AM Insider	Premiere Radio Networks, Inc.	2009-09-18	7325	4.49	2026-09-14	0.00	330213424
grossing	News	65	Newsday	Newsday LLC	2010-03-04	18078	4.5	2026-07-29	0.00	358571317
grossing	News	66	Milwaukee Journal Sentinel	USA TODAY Co., Inc.	2012-05-22	5780	4.34	2026-09-26	0.00	526882300
grossing	News	67	New York Daily News	New York Daily News	2010-02-17	11801	4.56	2026-09-24	0.00	354730788
grossing	News	68	DER SPIEGEL - Nachrichten	DER SPIEGEL GmbH und Co. KG	2011-03-31	2933	4.44	2026-09-22	0.00	424881832
grossing	News	69	Houston Chronicle	Hearst Newspapers	2011-09-27	14534	4.54	2026-08-31	0.00	453564805
grossing	News	70	NBC News: Breaking & US News	NBC News Digital, LLC	2009-06-27	150709	4.74	2026-09-09	0.00	319740707
grossing	News	71	Cincinnati.com: The Enquirer	USA TODAY Co., Inc.	2014-03-06	5063	4.37	2026-09-26	0.00	814555930
grossing	News	72	St. Louis Post-Dispatch	St. Louis Post-Dispatch	2010-12-01	3045	3.83	2026-09-25	0.00	398032168
grossing	News	73	Daily Beast	The Daily Beast Company LLC	2014-07-23	7734	4.77	2026-09-30	0.00	898117224
grossing	News	74	הארץ - חדשות | Haaretz	Haaretz Daily Newspaper Ltd	2012-05-14	606	4.19	2026-09-09	0.00	521559643
grossing	News	75	Police Scanner +	Rego Apps	2012-02-01	101522	4.49	2026-04-29	0.00	498408628
grossing	News	76	AJC News	Cox Enterprises Inc.	2011-01-19	16	3.56	2026-09-08	0.00	414120752
grossing	News	77	cleveland.com	cleveland.com	2010-10-02	11609	4.49	2026-07-23	0.00	394810586
grossing	News	78	azcentral	USA TODAY Co., Inc.	2014-03-11	6618	4.35	2026-09-26	0.00	815248536
grossing	News	79	Live World Monitor: GlobeAlert	APPRICOTT DIJITAL TEKNOLOJI VE YAZILIM ANONIM SIRKETI	2026-06-24	150	4.5	2026-08-28	0.00	6780722710
grossing	News	80	IndyStar: Indianapolis Star	USA TODAY Co., Inc.	2009-10-06	5304	4.4	2026-09-26	0.00	331907339
grossing	News	81	The Irish Times	The Irish Times Ltd	2010-04-09	5	2	2026-09-10	0.00	365544593
grossing	News	82	The Times: UK & World News	Times Media Limited (Apps)	2025-08-06	34	1.91	2026-09-28	0.00	436792321
grossing	News	83	San Antonio Express-News	Hearst Newspapers	2011-11-15	7367	4.53	2026-08-31	0.00	474259540
grossing	News	84	Austin American Statesman	Hearst Newspapers	2011-06-30	5095	4.16	2026-08-31	0.00	445643104
grossing	News	85	MLive.com	MLive.com	2011-02-18	16148	4.41	2026-07-28	0.00	419886579
grossing	News	86	Le Figaro Actualités en direct	Société du Figaro	2009-08-01	3472	4.64	2026-08-29	0.00	319557427
grossing	News	87	PressReader: News & Magazines	PressReader Inc	2009-10-20	18866	4.67	2026-07-21	0.00	313904711
grossing	News	88	The Globe and Mail	The Globe and Mail Inc.	2011-04-21	3018	4.68	2026-09-28	0.00	429228415
grossing	News	89	NewsBreak: Local News & Alerts	Particle Media Inc.	2016-07-14	1389289	4.78	2026-10-03	0.00	1132762804
grossing	News	90	Sun Sentinel	Tribune Publishing Company, LLC	2010-11-28	7014	4.55	2026-09-24	0.00	402230662
grossing	News	91	CT Insider	Hearst Newspapers	2020-10-02	4668	4.55	2026-09-08	0.00	1518822730
grossing	News	92	Naples Daily News	USA TODAY Co., Inc.	2016-07-11	3242	4.46	2026-09-26	0.00	1119322983
grossing	News	93	2nd1st - Truth, News & Social	Howly, Inc.	2019-06-12	5774	4.45	2024-10-22	0.00	1466169815
grossing	News	94	日本経済新聞 電子版 - ビジネス・政治・金融・経済ニュース	NIKKEI INC.	2010-10-13	471	4.81	2026-09-29	0.00	396855834
grossing	News	95	财新-CaiXin	Caixin Media Co., Ltd	2010-03-02	1177	4.63	2026-08-11	0.00	356023612
grossing	News	96	The San Diego Union-Tribune	The San Diego Union-Tribune	2016-09-15	2144	4.46	2026-09-24	0.00	1145952888
grossing	News	97	syracuse.com	syracuse.com	2011-02-18	7276	4.43	2026-07-22	0.00	419888786
grossing	News	98	Forbes	Forbes Media LLC	2023-09-18	169	4.79	2026-09-10	0.00	1638757310
grossing	News	99	The Baltimore Sun	Tribune Publishing Company, LLC	2012-03-23	5831	4.47	2026-09-24	0.00	496681035
grossing	News	100	The Dallas Morning News	Hearst Newspapers	2011-10-01	10556	4.24	2026-08-31	0.00	446106070
grossing	Navigation	1	onX Hunt: GPS Hunting Maps	onXmaps, Inc.	2013-08-07	274466	4.89	2026-09-22	0.00	672902340
grossing	Navigation	2	Trucker Path: Truck GPS & Fuel	Trucker Path Inc.	2014-10-12	153618	4.79	2026-09-09	0.00	782746890
grossing	Navigation	3	LandGlide: Parcel & Field Maps	Real Estate Portal USA, LLC	2014-04-06	59553	4.79	2026-09-25	0.00	560902465
grossing	Navigation	4	HuntWise: A Better Hunting App	Sportsman Tracker	2013-05-18	68794	4.66	2026-09-30	0.00	645518545
grossing	Navigation	5	onX Offroad: Trail Maps & GPS	onXmaps, Inc.	2019-11-04	21286	4.71	2026-09-22	0.00	1475112177
grossing	Navigation	6	Navionics® Boating	Garmin	2014-01-02	2350	2.86	2026-09-28	0.00	744920098
grossing	Navigation	7	Gaia GPS: Mobile Trail Maps	TrailBehind	2017-05-22	32239	4.76	2026-09-14	0.00	1201979492
grossing	Navigation	8	Trailforks: Offline Bike Maps	Outside Interactive Canada, Inc	2015-07-31	16370	4.72	2026-08-12	0.00	987986743
grossing	Navigation	9	MapXplorer: GPS Maps & Radar	Goldlab Applications Yazilim Bilişim Anonim Şirketi	2023-09-06	34173	4.52	2026-09-28	0.00	6463052823
grossing	Navigation	10	Geocaching®	Groundspeak Inc.	2009-09-16	66086	4.83	2026-09-21	0.00	329541503
grossing	Navigation	11	Track N Trail - Hunting & Maps	Track N Trail LLC	2025-06-05	2441	4.76	2026-09-18	0.00	6746768148
grossing	Navigation	12	Hammer: Truck GPS & Maps	TruckersReport.com	2020-01-13	36406	4.74	2026-10-01	0.00	1478863996
grossing	Navigation	13	Transit • Subway & Bus Times	Transit App, Inc.	2012-06-21	1023029	4.62	2026-10-03	0.00	498151501
grossing	Navigation	14	Spartan Forge: Hunt	Spartan Forge LLC	2021-10-01	638	4.34	2026-09-28	0.00	1562873100
grossing	Navigation	15	Spoke Route Planner	Circuit Routing	2017-03-22	10685	4.75	2026-10-02	0.00	1198232244
grossing	Navigation	16	Car Dashboard Widgets - HiCar	88 Tech	2026-05-19	1166	4.07	2026-09-01	0.00	6752644665
grossing	Navigation	17	Avenza Maps: Offline Mapping	Avenza Systems Inc.	2010-09-19	128015	4.75	2026-08-13	0.00	388424049
grossing	Navigation	18	MapQuest GPS Navigation & Maps	MapQuest Holdings LLC	2009-06-11	29309	4.35	2026-09-28	0.00	316126557
grossing	Navigation	19	Game Maps IRL	Retry Apps Yazılım Limited Şirketi	2025-03-14	29139	4.62	2026-09-06	0.00	6742728012
grossing	Navigation	20	Wavve Boating: GPS, Map, Chart	Wavve Boating INC	2017-08-11	6533	4.75	2026-10-02	0.00	1241140495
grossing	Navigation	21	Wellsite Navigator	Wellsite Navigator, LLC	2013-01-22	458	4.19	2026-09-24	0.00	594298510
grossing	Navigation	22	Deer Hunters MoonGuide 3.0	Deer Hunters Moon Guide LLC	2020-10-20	1035	4.67	2026-09-09	0.00	1522901467
grossing	Navigation	23	Live Traffic : Open Street Map	Vasundhara Infotech LLP	2026-06-04	719	4.05	2026-09-29	0.00	6771623007
grossing	Navigation	24	BaseMap: 3D Hunting Maps & GPS	BaseMap Inc	2018-04-22	9192	4.6	2026-09-28	0.00	1305237481
grossing	Navigation	25	Drivewyze	Drivewyze Inc.	2012-09-06	176	3.46	2026-09-09	0.00	555769428
grossing	Navigation	26	TroutRoutes: Fly Fishing App	onXmaps, Inc.	2019-03-04	3891	4.47	2026-09-15	0.00	1423989574
grossing	Navigation	27	onX Backcountry: 3D Trail Maps	onXmaps, Inc.	2020-12-09	6451	4.76	2026-09-22	0.00	1529165366
grossing	Navigation	28	RoadWarrior Route Planner	MapQuest Holdings LLC	2015-03-03	7511	4.64	2026-09-17	0.00	959621658
grossing	Navigation	29	GOHUNT: Research & Maps	GOHUNT, LLC	2021-05-03	8560	4.83	2026-09-21	0.00	1500630352
grossing	Navigation	30	CARFACE Car Widgets & Lyrics	Kain Suite Pte. Ltd.	2026-07-08	440	3.91	2026-10-02	0.00	6776157131
grossing	Navigation	31	Speedometer Simple	WATT APPS	2014-11-18	129140	4.66	2026-09-30	0.00	939507215
grossing	Navigation	32	A Better Routeplanner (ABRP)	Rivian	2019-12-19	6606	4.66	2026-09-30	0.00	1490860521
grossing	Navigation	33	onX Fish: GPS Fishing Maps	onXmaps, Inc.	2024-03-28	1767	4.65	2026-09-24	0.00	6466307868
grossing	Navigation	34	Route4Me Route Planner	Route4Me Inc	2010-01-11	12308	4.59	2026-09-11	0.00	349853799
grossing	Navigation	35	ActiveCaptain®	Garmin	2017-11-07	5177	3.96	2026-09-28	0.00	1116089313
grossing	Navigation	36	Number tracker: Phone Location	APPIO OYUN YAZILIM VE REKLAM ANONIM SIRKETI	2023-07-14	2436	4.64	2026-05-19	0.00	1668035109
grossing	Navigation	37	Moovit: Bus & Transit Tracker	Moovit App Global LTD	2012-02-27	60134	4.65	2026-09-22	0.00	498477945
grossing	Navigation	38	FarOut: Hike, Bike, Paddle	Atlas Guides DE, Inc.	2013-03-08	26662	4.79	2026-09-15	0.00	605447532
grossing	Navigation	39	REVER - Motorcycle GPS & Rides	Rever, LLC	2015-05-13	16449	4.67	2026-09-30	0.00	975571447
grossing	Navigation	40	inRoute - Intelligent Routing	Carob Apps, LLC	2013-11-29	10715	4.64	2026-09-30	0.00	703796787
grossing	Navigation	41	Detecht - Motorcycle App & GPS	Detecht Technologies AB	2018-06-29	3865	4.64	2026-10-03	0.00	1373032762
grossing	Navigation	42	calimoto Motorcycle Navigation	calimoto GmbH	2018-03-15	979	4.59	2026-10-01	0.00	1209129603
grossing	Navigation	43	Wheelz - Social Drive Tracker	Vortac Labs Inc.	2026-06-02	3826	4.74	2026-10-03	0.00	6774287184
grossing	Navigation	44	Famio: Find My Family, Friends	Gismart Limited	2020-10-08	17945	4.37	2026-07-04	0.00	1491200353
grossing	Navigation	45	Cardo Ride - Motorcycle App	RISER GmbH	2016-06-02	3226	4.58	2026-09-17	0.00	1087005682
grossing	Navigation	46	CoPilot GPS Navigation	Trimble Maps Ltd.	2012-05-09	2028	3.47	2026-09-15	0.00	504677517
grossing	Navigation	47	Find My Friends Phone - iMapp	Awared SLU	2014-07-26	5290	4.18	2026-05-22	0.00	886626229
grossing	Navigation	48	Find my Phone - Family Locator	GeoTracks labs LTD	2013-01-08	67742	4.45	2026-08-25	0.00	588364107
grossing	Navigation	49	Find Location: Phone Tracker	Appwell Ltd	2025-07-15	301	4.22	2026-04-30	0.00	6748338035
grossing	Navigation	50	RouteXL: Smart Truck GPS	MOR TOSBAA MOBIL COZUMLER ANONIM	2026-09-14	0	0	2026-09-25	0.00	6807456482
grossing	Navigation	51	Petro Path	Petro Path	2016-06-08	73	3.55	2026-05-26	0.00	1069529633
grossing	Navigation	52	Tractor GPS - Field Guidance	Oran Dynamics Ltd	2023-12-28	3363	4.63	2026-09-24	0.00	1661207294
grossing	Navigation	53	proRadar・Radar & Speed Cameras	DOFUapps	2026-07-15	1872	4.7	2026-10-03	0.00	6785876851
grossing	Navigation	54	Trails Offroad: Offline Maps	TRAILS OFFROAD LLC	2021-07-01	1103	4.72	2026-09-17	0.00	1545278645
grossing	Navigation	55	Randonautica	Randonauts, LLC	2020-02-19	13038	3.53	2026-09-12	0.00	1493743521
grossing	Navigation	56	Lowrance: app for anglers	Navico Norway AS	2019-10-17	2830	4.55	2026-06-17	0.00	1463931486
grossing	Navigation	57	Car Play Connect: Auto Sync	VALERY STAKARSKI	2025-08-26	2789	4.56	2026-09-29	0.00	6751472670
grossing	Navigation	58	Radarbot: Speed Camera GPS App	Iteration Mobile S.L	2016-09-03	96751	4.61	2026-09-21	0.00	1099797635
grossing	Navigation	59	onWater: Fishing Spots Map	OnWater, LLC	2021-07-05	2766	4.5	2026-09-30	0.00	1551861363
grossing	Navigation	60	Topo Maps+: Topographic Maps	Glacier Peak Studios LLC	2013-07-29	9365	4.73	2026-09-14	0.00	672246353
grossing	Navigation	61	Speedometer: MPH Tracker	Orin Light Limited	2025-06-03	695	4.58	2026-09-10	0.00	6746191399
grossing	Navigation	62	Simrad: Companion for Boaters	Navico Norway AS	2019-11-01	2628	4.61	2026-06-17	0.00	1476822749
grossing	Navigation	63	Optiway Multi Stop Planner	OPTIWAY ROUTES SP Z O O	2023-01-04	1144	4.74	2026-10-01	0.00	1641843155
grossing	Navigation	64	GoGirl - Girly Maps	Retry Apps Yazılım Limited Şirketi	2026-09-14	20	4.15	2026-09-17	0.00	6786178362
grossing	Navigation	65	Route Planner, Delivery, MyWay	Proalab Limited	2021-06-20	2261	4.82	2024-10-14	0.00	1557014712
grossing	Navigation	66	Scenic Motorcycle Navigation	Applified Life Ltd.	2016-07-20	7453	4.66	2026-09-25	0.00	1089668246
grossing	Navigation	67	Footpath Route Planner	Half Mile Labs LLC	2013-05-07	22135	4.8	2026-09-29	0.00	634845718
grossing	Navigation	68	One-Boat Network	Johnson Outdoors Inc.	2023-02-10	179	2.77	2026-05-01	0.00	1527821908
grossing	Navigation	69	Route 66 Navigation	Touch Media. s.r.o.	2018-03-09	198	2.84	2026-09-14	0.00	1271779151
grossing	Navigation	70	GPS Speedometer: Speed Tracker	Mikhail Nikitsin	2020-12-31	5533	4.52	2024-11-20	0.00	1542016762
grossing	Navigation	71	Speedometer GPS : MPH Tracker	WE DAO TECH LIMITED	2026-04-06	154	4.5	2026-08-13	0.00	6761100688
grossing	Navigation	72	ChargeHub EV Charge Point Map	Mogile Technologies	2012-08-09	12143	4.73	2026-09-30	0.00	548640732
grossing	Navigation	73	GPS Tracks	David Morneault	2011-05-25	17665	4.72	2026-09-28	0.00	425589565
grossing	Navigation	74	Bikemap: Bicycle Tracker & GPS	Bikemap GmbH	2013-04-16	9547	4.68	2026-10-03	0.00	625759466
grossing	Navigation	75	MilGPS	Cascode Labs Pty Ltd	2010-12-01	5532	4.83	2026-10-02	12.99	405835358
grossing	Navigation	76	Wikiloc - Trails of the World	Wikiloc Outdoor SL	2011-05-19	5381	4.77	2026-09-15	0.00	432102730
grossing	Navigation	77	Argo Navigation: Boat GPS, Map	ARGO TECHNOLOGIES, LLC	2019-09-09	6197	4.9	2026-09-08	0.00	1463869636
grossing	Navigation	78	Traffie Navigation & Traffic	Appie s.r.o	2018-03-10	1504	4.27	2026-08-28	0.00	1217865434
grossing	Navigation	79	Drive Smarter	CEDAR ELECTRONICS HOLDINGS CORP.	2020-08-19	21786	4.77	2026-10-02	0.00	1498075222
grossing	Navigation	80	Phone Locator 360: Find Family	BFK ARASTIRMA GELISTIRME YAZILIM BILGISAYAR SANAYI VE TICARET ANONIM SIRKETI	2023-10-19	4527	4.55	2026-09-08	0.00	6469478654
grossing	Navigation	81	RockHoundR: Rockhounding Map	Ruby Glint Technologies Co., Ltd	2026-05-04	112	4.55	2026-09-22	0.00	6761459822
grossing	Navigation	82	iNavX: Marine Navigation	NavX Studios LLC	2019-02-12	21748	4.76	2026-08-18	0.00	286616280
grossing	Navigation	83	TZ iBoat – Marine Navigation	Nobeltec, Inc.	2018-01-02	881	4.65	2026-09-17	0.00	1312769833
grossing	Navigation	84	Enroad – Drive Tracker	11X APPSTUDIO D.O.O. BEOGRAD	2026-01-06	6736	4.82	2026-09-12	0.00	6757245082
grossing	Navigation	85	Aqua Map Boating	GEC s.r.l.	2014-10-14	13717	4.72	2026-09-28	0.00	919552329
grossing	Navigation	86	GPS Speedometer MPH Tracker	BITHAUS.TECH, UNIPESSOAL LDA	2014-08-12	13860	4.67	2026-07-23	0.00	901574501
grossing	Navigation	87	DC Metro and Bus - Tracker	Dixon Mobility, LLC	2012-11-19	37044	4.49	2026-05-12	0.00	578496721
grossing	Navigation	88	i-Boating: Marine Charts & Gps	Bist LLC	2015-05-30	14901	4.51	2026-09-28	0.00	994992062
grossing	Navigation	89	Trucker Guide: Truck GPS Maps	Trucker Guide LLC	2022-05-03	10209	4.75	2026-09-29	0.00	1614144883
grossing	Navigation	90	Hunting Points: GPS & Hunt App	Fishing Points d.o.o.	2018-08-30	5818	4.62	2026-09-04	0.00	1345594447
grossing	Navigation	91	Savvy Navvy: Boat Navigation	savvy navvy	2019-09-25	8269	4.67	2026-09-29	0.00	1479182650
grossing	Navigation	92	LandMap Property Line Finder	Kain Suite Pte. Ltd.	2023-12-12	3086	4.23	2026-09-11	0.00	6473603624
grossing	Navigation	93	iMaps+ for Google Maps	Apptility Limited	2013-01-09	768	3.16	2019-02-22	0.00	585801479
grossing	Navigation	94	Be Closer Phone GPS Tracker	SUPERSSTAR LABS, SOCIEDAD LIMITADA	2018-12-06	21530	4.28	2026-09-09	0.00	1395979668
grossing	Navigation	95	C-MAP: Boating	Navico Norway AS	2015-04-28	2414	4.53	2026-06-17	0.00	967289980
grossing	Navigation	96	Multi-Stop Route XK Planner	Balanced Answers LDA	2025-10-09	165	4.57	2026-09-30	0.00	6753142724
grossing	Navigation	97	CamoAg	CamoAg, Inc.	2025-09-24	41	5	2026-09-23	0.00	6745523708
grossing	Navigation	98	Compass App - Qibla finder	CoreBit Solutions	2025-07-24	366	4.58	2026-04-22	0.00	6748598501
grossing	Navigation	99	Rods — Corner & Road Alerts	Buildrhaus, MB	2026-04-24	80	4.47	2026-10-02	0.00	6758915466
grossing	Navigation	100	Marine Traffic Vessel Finder	Free App Studio	2025-12-22	1018	4.18	2026-10-01	0.00	6756645770
grossing	Music	1	YouTube Music	Google	2015-11-12	1515542	4.77	2026-09-26	0.00	1017492454
grossing	Music	2	Pandora: Music & Podcasts	Pandora Media, LLC	2019-02-01	11327324	4.8	2026-09-24	0.00	284035177
grossing	Music	3	Amazon Music: Songs & Podcasts	AMZN Mobile LLC	2012-06-11	3367262	4.72	2026-10-03	0.00	510855668
grossing	Music	4	SoundCloud: The Music You Love	SoundCloud Global Limited & Co KG	2009-11-03	2029072	4.84	2026-10-01	0.00	336353151
grossing	Music	5	Suno - AI Songs, Music, Lyrics	Suno, Inc.	2024-07-01	363480	4.88	2026-09-29	0.00	6480136315
grossing	Music	6	TIDAL Music: HiFi Sound	TIDAL Music AS	2014-10-23	247568	4.71	2026-10-01	0.00	913943275
grossing	Music	7	Ultimate Guitar: Chords & Tabs	Ultimate Guitar	2010-03-16	478784	4.73	2026-09-25	0.00	357828853
grossing	Music	8	SiriusXM: Music, Sports & News	SIRIUS XM Radio Inc	2009-06-18	3080820	4.83	2026-09-30	0.00	317951436
grossing	Music	9	iHeart: Radio, Music, Podcasts	iHeartMedia Management Services, Inc.	2019-02-12	648873	4.76	2026-09-11	0.00	290638154
grossing	Music	10	BandLab – Music Maker & Beats	BandLab Singapore Pte Ltd	2015-07-28	507338	4.75	2026-09-28	0.00	968585775
grossing	Music	11	TuneIn Radio: Music & Sports	TuneIn	2011-04-19	1120581	4.75	2026-09-21	0.00	418987775
grossing	Music	12	GuitarTuna: Tune & Play Guitar	Yousician Ltd	2012-11-01	148004	4.78	2026-09-23	0.00	527588389
grossing	Music	13	nugs: Live Music Lives Here	nugs.net enterprises, LLC	2015-11-09	55979	4.85	2026-10-01	0.00	1032794422
grossing	Music	14	Smule: Sing, Duet & Record	Smule	2012-08-08	181515	4.48	2026-09-14	0.00	509993510
grossing	Music	15	Simply Sing: My Singing App	Simply Ltd	2022-01-16	447164	4.67	2026-09-24	0.00	1592900217
grossing	Music	16	Moises: The Musician's App	Moises Systems, Inc	2020-11-09	27949	4.7	2026-10-03	0.00	1515796612
grossing	Music	17	djay - DJ App & AI Mixer	Algoriddim GmbH	2012-12-19	75212	4.69	2026-09-22	0.00	450527929
grossing	Music	18	Audiomack - Play Music Offline	Audiomack, Inc.	2014-11-19	2015116	4.79	2026-09-23	0.00	921765888
grossing	Music	19	LivePhish	nugs.net enterprises, LLC	2010-06-12	41642	4.88	2026-09-24	0.00	374048661
grossing	Music	20	Moongate: Binaural Beats	Moongate Studios, Inc.	2023-11-02	60063	4.67	2026-10-02	0.00	6471041035
grossing	Music	21	DistroKid	DistroKid Holdings, LLC	2023-03-07	26579	4.86	2026-08-24	0.00	1548832265
grossing	Music	22	Songsterr Tabs & Chords	Guitar Tabs LLC	2010-12-15	47390	4.71	2026-09-29	0.00	399211291
grossing	Music	23	MuseScore－Sheet Music & Chords	MuseScore BVBA	2014-03-20	78667	4.61	2026-09-30	0.00	835731296
grossing	Music	24	AI Song Generator: Mozart	NineG	2024-05-20	31153	4.31	2026-09-25	0.00	6502656704
grossing	Music	25	MyTunes : AI Music Generator	HUBX	2023-08-29	40363	4.33	2026-08-25	0.00	6447001239
grossing	Music	26	UnitedMasters: Release Music	UnitedMasters	2019-08-18	32391	4.79	2026-09-28	0.00	1442118788
grossing	Music	27	Deezer: Music Player, Podcast	DEEZER SA	2008-10-31	36735	4.66	2026-09-22	0.00	292738169
grossing	Music	28	Strum - Play Guitar	W185 Holdings	2025-08-06	20063	4.67	2026-10-02	0.00	6749384181
grossing	Music	29	KaraFun: Karaoke, Battle, Quiz	Recisio	2011-08-08	24669	4.76	2026-09-24	0.00	431050674
grossing	Music	30	Tuner Pro: Guitar Tuner & Tab	MWM	2018-10-13	45719	4.5	2026-09-24	0.00	1438248122
grossing	Music	31	Edjing Mix: DJ Music Mixer App	MWM	2012-01-12	210615	4.6	2026-09-28	0.00	493226494
grossing	Music	32	Qobuz: Music & Editorial	Qobuz	2014-12-16	19359	4.62	2026-09-16	0.00	946429340
grossing	Music	33	AI Music Video Generator・Shoom	TECH ALPHA DMCC	2024-06-26	10602	4.23	2026-09-21	0.00	6499126830
grossing	Music	34	[untitled]	sin titulo, inc	2023-08-02	18088	4.93	2026-09-30	0.00	6445854828
grossing	Music	35	Ringtones for iphone: Ringtune	Ringtones LP	2015-09-22	221901	4.45	2025-12-01	0.00	1036141497
grossing	Music	36	Sonos	Sonos, Inc.	2020-06-08	932304	4.57	2026-09-29	0.00	1488977981
grossing	Music	37	AI Song Generator - Zona	Madduck	2024-04-30	15216	4.69	2026-09-09	0.00	6499261254
grossing	Music	38	Clear Wave	Appchi LLC	2021-03-14	36824	4.6	2026-09-10	0.00	1557211189
grossing	Music	39	Reverse Audio: Sing Challenge	VarMeta	2025-10-31	30204	4.51	2026-09-30	0.00	6754755473
grossing	Music	40	Donna AI Song & Music Maker	MOBIVERSITE YAZILIM BILISIM REKLAM VE DANISMANLIK HIZMETLERI SANAYI TICARET LIMITED STI	2024-04-08	95355	4.74	2026-09-30	0.00	6482289804
grossing	Music	41	Simple Radio - FM AM Stations	Streema, Inc.	2014-06-28	530586	4.72	2026-08-31	0.00	891132290
grossing	Music	42	Sondo - AI Music Video & AI MV	TUNESPHERE SG PTE. LTD.	2025-08-30	1710	4.09	2026-09-17	0.00	6751086438
grossing	Music	43	Speaker & Headphones Connect	Maple Labs Co., Ltd	2022-03-21	31201	4.66	2026-10-02	0.00	1612024321
grossing	Music	44	Garage Ringtones for iPhone	APPFLOW SOFTWARE - FZCO	2022-12-19	52443	4.64	2026-08-26	0.00	6444570129
grossing	Music	45	Water Eject ‒ Speaker Cleaner	Tiny Boom Ltd.	2024-06-02	30735	4.73	2025-10-02	0.00	6499516431
grossing	Music	46	Fit Radio: Train Inspired	Social Study Media, LLC.	2011-06-14	43091	4.84	2026-08-10	0.00	440844625
grossing	Music	47	Beat Maker Pro: Music Game	MWM	2018-04-02	588952	4.73	2026-09-30	0.00	1362013798
grossing	Music	48	Radio‎‎ App	Rafiki Apps	2024-02-26	18744	4.73	2026-09-28	0.00	6477182124
grossing	Music	49	Voloco: Vocal Recording Studio	Resonant Cavity, Inc	2015-11-30	86157	4.75	2026-09-28	0.00	1052970183
grossing	Music	50	Chordify: Songs, Chords, Tuner	Chordify BV	2016-09-11	33729	4.73	2026-09-21	0.00	1073624757
grossing	Music	51	Playlist Transfer for My Music	Virals Dijital Hizmetler Anonim Sirketi	2024-03-13	8308	4.34	2026-09-24	0.00	6478631467
grossing	Music	52	Piano: Keyboard Lessons & Game	MWM	2018-03-23	436184	4.73	2026-09-07	0.00	1360309966
grossing	Music	53	AI Song Generator - Jukebox	TWOWISE	2024-10-08	7701	4.73	2026-09-10	0.00	6733226170
grossing	Music	54	ClipTone: Ringtone & AI Cover	BUD Technologies	2024-11-06	118735	4.73	2026-09-16	0.00	6737531446
grossing	Music	55	Rap Fame - Rap Music Studio	Rap Tech Studios	2019-08-18	77735	4.81	2026-09-23	0.00	1476399789
grossing	Music	56	AI Song Music Generator: Muzio	Scale Dreams LLC	2024-05-21	17843	4.77	2026-09-24	0.00	6502530415
grossing	Music	57	Anghami: Play Music & Podcasts	Anghami	2012-09-19	205098	4.7	2026-10-01	0.00	545395155
grossing	Music	58	Speaker Cleaner: Eject Water	WORLD LABS COMPANY LIMITED	2026-04-12	5537	4.31	2026-09-10	0.00	6761820807
grossing	Music	59	Piano ٞ	Impala Studios	2016-09-02	170729	4.55	2026-09-30	0.00	1126477246
grossing	Music	60	Music Recognition- Song Finder	英杰 李	2024-08-27	8250	4.6	2026-09-20	0.00	6599842047
grossing	Music	61	AI Music: Cover & Song Maker	Comapps LLC	2024-07-22	10606	4.27	2026-09-24	0.00	6529535168
grossing	Music	62	Dynamic-Lyrics	云冰 谭	2024-04-08	9059	4.28	2026-09-17	0.00	6476125287
grossing	Music	63	Beatron: AI Song Generator	Ocean Float Mobile	2025-09-25	2566	4.41	2026-09-19	0.00	6751319787
grossing	Music	64	stats.fm for Spotify Music App	StatsFM B.V.	2020-08-10	47178	4.6	2026-09-17	0.00	1526912392
grossing	Music	65	AI Song: AI Music Generator	YAHOR VALATKOVICH	2024-05-03	5326	4.34	2026-09-27	0.00	6489035718
grossing	Music	66	Music AI - MV Video Generator	AIGC Tools	2024-06-04	670	4.51	2026-08-09	0.00	6503184164
grossing	Music	67	Rythmix - AI Music Generator	Vivalive(Hong Kong) Limited	2024-11-03	9063	4.54	2026-09-22	0.00	6736849866
grossing	Music	68	Music Finder: Song Identifier	Virals Dijital Hizmetler Anonim Sirketi	2024-06-03	873	3.98	2026-09-16	0.00	6498791435
grossing	Music	69	LiveOne Music	Slacker, Inc.	2009-01-12	29201	4.73	2026-09-14	0.00	298307011
grossing	Music	70	VocalMe: AI Music Generator	Luckon	2024-03-27	20231	4.55	2026-09-24	0.00	6479740642
grossing	Music	71	Mureka: AI Radio & Music Maker	SKYWORK AI PTE LTD	2024-10-24	10867	4.79	2026-09-03	0.00	6677033144
grossing	Music	72	StarMaker-Sing Karaoke Songs	SKYWORK AI PTE LTD	2010-03-05	109252	4.63	2026-09-30	0.00	342138881
grossing	Music	73	Stemz: remover vocal audio pro	MWM	2022-04-22	15678	4.65	2026-09-13	0.00	1596495598
grossing	Music	74	Appcompanist: Vocal Training	Appcompanist, LLC	2017-10-17	250	4.54	2026-10-03	0.00	1279455633
grossing	Music	75	Whoop Triggerz Plus	The C-Dub Brand, LLC	2019-06-03	3134	4.76	2026-07-21	0.00	1441880422
grossing	Music	76	Jamzone - Sing & Play Along	Recisio	2017-08-08	9404	4.81	2024-12-20	0.00	998972770
grossing	Music	77	MP3 Converter : music editor	斐峥 刘	2023-10-19	1444	4.42	2026-06-18	0.00	6469768761
grossing	Music	78	SongShift	SongShift	2016-04-18	66974	4.73	2026-09-25	0.00	1097974566
grossing	Music	79	Anima: Binaural Beats	Mega e Limited	2025-10-21	4841	4.74	2026-09-24	0.00	6753141187
grossing	Music	80	Radio App - FM Radio Stations	Shenzhen Yiken Technology Co., Ltd	2024-08-22	1779	4.41	2026-09-16	0.00	6648771859
grossing	Music	81	MP3 Converter - Audio Trimmer	MORIMOTO LIMITED	2024-12-13	28809	4.67	2026-09-24	0.00	6739273941
grossing	Music	82	Worship Backing Tracks	XME Inc.	2017-11-03	4962	4.87	2026-08-06	0.00	1241843183
grossing	Music	83	Demo: Songwriting Studio	Demo Music	2021-10-14	5958	4.63	2026-08-10	0.00	1563264178
grossing	Music	84	Loops By CDub	The C-Dub Brand, LLC	2016-09-05	1249	4.45	2026-08-12	0.00	1088667674
grossing	Music	85	rekordbox - DJ App & DJ Mixer	AlphaTheta Corporation	2020-04-13	3411	4.64	2026-08-17	0.00	1487048203
grossing	Music	86	Ringtones: for iPhone	Ringtones LLC	2019-07-20	41751	4.43	2025-03-05	0.00	1470100930
grossing	Music	87	AI Song Maker - Soniva Music	Gotech Dijital Hizmetler Anonim Sirketi	2024-05-28	17210	4.75	2026-09-30	0.00	6502906463
grossing	Music	88	Reverse Singing	Calico Studio Inc.	2025-08-27	7827	4.7	2026-09-29	0.00	6751476834
grossing	Music	89	Muvio - AI Music Video Maker	STARWAVE AI INC	2026-02-02	63	1.27	2026-09-29	0.00	6758080546
grossing	Music	90	TuneIn Radio: Music & Sports	TuneIn	2009-09-03	57607	4.72	2026-09-21	9.99	319295332
grossing	Music	91	猫耳FM(M站) - 让广播剧流行起来	Chongqing Zhaimiao Technology Co.,Ltd	2016-09-11	235	4.43	2026-09-23	0.00	1148465254
grossing	Music	92	Lyrix: Dynamic Lyricsㅤ	Titano Digital Teknoloji Limited Şirketi	2024-09-25	7148	4.69	2026-10-03	0.00	6651860228
grossing	Music	93	TuneCraft. AI Song Generator	Netastica Limited	2025-01-30	1580	4.23	2026-08-25	0.00	6740915542
grossing	Music	94	Chord ai - Play any song!	Nomad AI OU	2019-08-07	5912	4.64	2026-09-30	0.00	1446177109
grossing	Music	95	NTS RADIO	NTS LIVE LTD	2018-03-28	1988	4.89	2026-09-29	0.00	1204567739
grossing	Music	96	Song AI Maker: Generate Music	Song Synth LTD	2024-09-18	1553	4.63	2026-08-27	0.00	6670403764
grossing	Music	97	Napster - AI Music & Experts	Rhapsody International Inc.	2012-12-14	15413	4.43	2026-07-10	0.00	584557117
grossing	Music	98	SingUp: AI Music Generator	MelodyStep	2023-11-17	16613	4.32	2026-09-14	0.00	6470182519
grossing	Music	99	Toupi - Hot Chat | Companion	Mike Hussy	2026-06-03	164	4.79	2026-06-10	0.00	6775387550
grossing	Music	100	Singing Machine Karaoke	Stingray Group Inc.	2011-09-20	3306	4.56	2026-06-22	0.00	450555662
grossing	Lifestyle	1	Tinder Dating App: Date & Chat	Tinder LLC	2012-08-02	1753098	4.2	2026-10-03	0.00	547702041
grossing	Lifestyle	2	Hinge Dating App: Match & Date	Hinge, Inc.	2013-02-05	1125791	4.41	2026-09-28	0.00	595287172
grossing	Lifestyle	3	Tipsy Chat: Live Your Story	LIGHTSPEED INTELLIGENCE LTD	2024-08-15	11274	4.58	2026-10-01	0.00	6572296119
grossing	Lifestyle	4	Bumble Dating App: Meet & Date	Bumble Holding Limited	2014-11-18	1764803	4.32	2026-10-01	0.00	930441707
grossing	Lifestyle	5	The Official Wyze App	Wyze Labs	2017-10-13	455369	4.6	2026-09-30	0.00	1288415553
grossing	Lifestyle	6	Raya	Raya App Inc	2015-02-25	16318	4.04	2026-10-01	0.00	957215308
grossing	Lifestyle	7	Feeld: Dating for the Curious	Feeld Ltd	2014-06-28	101187	4.3	2026-09-21	0.00	887914690
grossing	Lifestyle	8	PURE: Open-Minded Dating App	Online Classifieds AG	2013-10-25	85962	4.26	2026-09-17	0.00	690661663
grossing	Lifestyle	9	Nanit	Udisense inc.	2016-11-18	37797	4.68	2026-09-30	0.00	1137885597
grossing	Lifestyle	10	Arlo Secure: Home Security	Arlo Technologies Inc.	2019-09-04	412711	4.21	2026-09-30	0.00	1459289784
grossing	Lifestyle	11	Owlet Dream	Owlet Baby Care, Inc.	2021-12-01	42219	4.59	2026-09-25	0.00	1590590105
grossing	Lifestyle	12	Hily Dating App: Meet. Date.	Hily Corp.	2017-08-14	376917	4.39	2026-09-29	0.00	1250946975
grossing	Lifestyle	13	TP-Link Tapo	TP-Link Systems Inc.	2019-09-16	21115	4.82	2026-09-29	0.00	1472718009
grossing	Lifestyle	14	DOWN: The Casual Dating App	Down App, Inc.	2013-04-30	129497	4.32	2026-09-29	0.00	601174087
grossing	Lifestyle	15	The League: Intelligent Dating	The League App, Inc	2014-07-15	55791	4.21	2026-09-15	0.00	893653132
grossing	Lifestyle	16	eero wifi system	eero LLC	2016-02-22	205216	4.84	2026-09-30	0.00	1023499075
grossing	Lifestyle	17	CHANI: Your Astrology Guide	Chani Nicholas Incorporated	2020-12-17	59271	4.92	2026-10-01	0.00	1532791252
grossing	Lifestyle	18	Once: Chat & Connect App	Xeanco Limited	2019-12-29	55784	3.86	2026-09-21	0.00	1489440748
grossing	Lifestyle	19	Blood Pressure Log, Heart Rate	NarrativeLab OU	2021-07-19	30937	4.32	2026-09-24	0.00	1575719736
grossing	Lifestyle	20	Kismia - Dating App & Chat	Kismia Group Limited	2021-08-12	109509	4.52	2026-09-22	0.00	1571274697
grossing	Lifestyle	21	Duet Dating App: Chat & Meet	WINK TECH LIMITED	2023-02-26	104826	4.58	2026-10-01	0.00	1673723000
grossing	Lifestyle	22	HUD™ Casual Dating: Chat. Meet	HUD STUDIO LIMITED	2015-10-29	208179	4.11	2026-10-02	0.00	1042814349
grossing	Lifestyle	23	Find Phone: Device Tracker	Webpeak OU	2023-05-31	75743	4.34	2026-09-23	0.00	1669041518
grossing	Lifestyle	24	Meete - Meet New Friends	Quantum Communications Development Limited	2020-05-19	29285	4.38	2026-09-01	0.00	1510917465
grossing	Lifestyle	25	Anker eufy	Power Mobile Life LLC	2018-10-29	71497	4.63	2026-09-21	0.00	1424956516
grossing	Lifestyle	26	Co–Star Personalized Astrology	Co-Star Astrology Society	2017-10-05	205714	4.79	2026-08-01	0.00	1264782561
grossing	Lifestyle	27	Alarmy - Loud alarm clock	Delight Room Co., Ltd.	2016-10-17	248107	4.76	2026-10-02	0.00	1163786766
grossing	Lifestyle	28	Astra - Life Advice	Vert Ventures	2024-01-09	39118	4.72	2026-10-02	0.00	6473748536
grossing	Lifestyle	29	Badoo Dating: Meet New People	Badoo Software Ltd	2022-01-19	149045	4.58	2026-09-28	0.00	351331194
grossing	Lifestyle	30	Dil Mil: South Asian Dating	Dil Mil, Inc.	2014-05-22	21150	3.99	2026-09-16	0.00	879383901
grossing	Lifestyle	31	Coffee Meets Bagel: Dating App	Coffee Meets Bagel, Inc	2024-06-24	21891	4.34	2026-09-02	0.00	6502307144
grossing	Lifestyle	32	The Pattern	Pattern Home, Inc.	2017-05-26	15425	4.02	2026-10-03	0.00	1071085727
grossing	Lifestyle	33	HER:Lesbian&Queer LGBTQ Dating	Bloomer Inc	2012-11-24	65155	4.42	2026-09-28	0.00	573328837
grossing	Lifestyle	34	Kasa Smart	TP-Link Systems Inc.	2015-10-15	80144	4.78	2026-09-21	0.00	1034035493
grossing	Lifestyle	35	Nebula: Spiritual Guidance	Spiritual Nebula Limited	2019-04-28	170828	4.57	2026-10-01	0.00	1459969523
grossing	Lifestyle	36	Woofz - Puppy and Dog Training	nove8	2020-11-24	56763	4.56	2026-09-29	0.00	1532020050
grossing	Lifestyle	37	OkCupid Dating: Date Singles	Match Group Americas, LLC	2009-11-25	289029	4.32	2026-08-17	0.00	338701294
grossing	Lifestyle	38	DateMyAge™ - Mature Dating 40+	Neriva Solutions Inc.	2017-11-17	11697	3.32	2026-09-30	0.00	1270059501
grossing	Lifestyle	39	YarnPal - Crochet & Patterns	PIXELCELL.LIMITED	2024-12-19	33454	4.72	2026-09-23	0.00	6738537088
grossing	Lifestyle	40	测测-女性情感倾诉直播社区	Beijing Light For You Technology Co., Ltd.	2013-12-16	360	4.17	2026-09-30	0.00	756771906
grossing	Lifestyle	41	Victory Shield	Covenant Eyes, Inc.	2009-12-22	59342	4.34	2026-08-17	0.00	335318146
grossing	Lifestyle	42	CorrLinks Text Chat	Advanced Technologies Group, LLC.	2024-10-03	247	1.58	2026-05-06	0.00	6503455318
grossing	Lifestyle	43	Planner 5D: AI Home Design	Planner5D, UAB	2013-04-30	41616	4.36	2026-09-28	0.00	606173978
grossing	Lifestyle	44	AI Decor - AI Home Design	Yspira Digital	2025-09-22	7341	4.77	2026-09-24	0.00	6752771686
grossing	Lifestyle	45	Planta: Plant & Garden Care	Planta AB	2018-11-07	114017	4.75	2026-09-21	0.00	1410126781
grossing	Lifestyle	46	Plant Parent: Plant Care Guide	Glority Global Group Ltd.	2022-04-01	91950	4.68	2026-09-20	0.00	1612792132
grossing	Lifestyle	47	Lox Club - Jewish Dating App	The Lox Club Inc	2020-07-19	4403	4.24	2026-10-01	0.00	1523344686
grossing	Lifestyle	48	ATLAS:EARTH: Collect Places	Atlas Reality, Inc.	2021-11-15	108016	4.62	2026-09-28	0.00	1567636697
grossing	Lifestyle	49	Smart Home - Remote Control	LeoStudio Global	2024-12-18	7285	4.47	2026-09-13	0.00	6738117098
grossing	Lifestyle	50	Warhammer 40,000: The App	Games Workshop Limited	2023-06-21	1575	3.04	2026-10-02	0.00	6443503982
grossing	Lifestyle	51	FamilyAlbum: Share Baby Photos	MIXI, Inc.	2014-12-17	375363	4.88	2026-09-18	0.00	935672069
grossing	Lifestyle	52	Qustodio Parental Control App	Qustodio	2020-05-13	9418	4.22	2026-09-02	0.00	1501720596
grossing	Lifestyle	53	Precious - Baby Photo Art	Curious Creators Co.	2016-04-21	138436	4.75	2026-09-28	0.00	1103530261
grossing	Lifestyle	54	BalanceMe-Health AI&Self Care	Fenlake Global	2023-10-18	6524	4.54	2025-01-03	0.00	6469513178
grossing	Lifestyle	55	Nymph: Open-Minded Dating App	Nymph GmbH	2024-05-27	1329	4.36	2026-09-30	0.00	6475792735
grossing	Lifestyle	56	Led Light Controller Home App	Maple Labs Co., Ltd	2023-05-01	11352	4.12	2026-09-16	0.00	1670269554
grossing	Lifestyle	57	Perfect365: Face Makeup Editor	Perfect365, Inc.	2011-11-17	182721	4.84	2026-09-17	0.00	475976577
grossing	Lifestyle	58	ToChat - Meet New Friends	ByteWave Corporation	2021-11-18	5840	4.46	2026-09-10	0.00	1591156837
grossing	Lifestyle	59	Zmodo	EP Technology Corporation	2015-11-25	3569	2.01	2026-07-07	0.00	1020070571
grossing	Lifestyle	60	Paired: Couples & Relationship	Better Half Limited	2020-09-17	208469	4.73	2026-09-28	0.00	1469609343
grossing	Lifestyle	61	AT&T Secure Family® Parent	AT&T Services, Inc.	2010-02-05	22398	4.6	2026-09-23	0.00	353334746
grossing	Lifestyle	62	Wellance – AI Health & Balance	Peppervale	2024-11-05	2649	4.4	2026-09-28	0.00	6737612921
grossing	Lifestyle	63	Petlibro	Designlibro Inc	2023-03-30	7412	4.47	2026-09-22	0.00	1586120661
grossing	Lifestyle	64	Chyrpe: Female-Led Dating	Chyrpe	2024-05-17	3484	4.03	2026-09-24	0.00	6478389867
grossing	Lifestyle	65	I Am Sober	I Am Sober LLC	2013-07-19	188122	4.88	2026-09-28	0.00	672904239
grossing	Lifestyle	66	Cozy Couples: Relationship App	Clarity Applications	2023-10-10	45543	4.84	2026-09-29	0.00	6463766369
grossing	Lifestyle	67	Sports Card Scanner: Spoly	Scaling Engine Limited	2026-03-18	4832	4.59	2026-09-23	0.00	6760181919
grossing	Lifestyle	68	YI Home	ZK (HK) LIMITED	2015-11-10	71644	4.3	2026-08-31	0.00	1011626777
grossing	Lifestyle	69	Purple Ocean Psychic Reading	Barges Technologies, Inc.	2014-12-16	5005	4.77	2026-06-11	0.00	926748329
grossing	Lifestyle	70	MyScreen - Live Wallpapers	Live Wallpapers	2016-02-15	311013	4.54	2026-09-15	0.00	1039845801
grossing	Lifestyle	71	Instinct: Casual Dating App	Instinct Dating Company	2021-11-24	137365	4.88	2026-10-02	0.00	1595390736
grossing	Lifestyle	72	iScape: Landscape Design	iScape Holdings Inc.	2011-05-27	28866	4.61	2026-09-24	0.00	439688430
grossing	Lifestyle	73	Hairify - AI Hairstyle Try On	Techbot Co., Limited	2026-02-12	1520	4.6	2026-09-01	0.00	6758685096
grossing	Lifestyle	74	Roomster	Roomster Corp.	2016-03-25	21746	3.97	2026-09-29	0.00	1045548013
grossing	Lifestyle	75	Muzz: Where Muslims Marry	MUZZ LTD	2015-03-03	54044	4.53	2026-09-25	0.00	969997496
grossing	Lifestyle	76	Wello - Heart Health Monitor	Cozyverse	2026-03-27	1592	4.53	2026-09-22	0.00	6760641376
grossing	Lifestyle	77	CloudEdge	Hangzhou MEARI Technology Co.,Ltd.	2017-11-25	21130	4.3	2026-10-02	0.00	1294635090
grossing	Lifestyle	78	Watch Faces by Facer	Little Labs, Inc.	2016-03-02	56888	4.64	2026-09-24	0.00	1057071179
grossing	Lifestyle	79	Findmykids: GPS Phone Tracker	LETEM LTD	2015-12-13	23334	4.74	2026-10-01	0.00	994098803
grossing	Lifestyle	80	Tile - Find lost keys & phone	Tile, Inc.	2014-05-14	1018403	4.81	2026-06-24	0.00	664939913
grossing	Lifestyle	81	Care.com Caregiver: Find Jobs	Care.com, Inc.	2018-06-06	160033	4.62	2026-09-28	0.00	1367528046
grossing	Lifestyle	82	NGL: ask me anything	NGL Labs, LLC	2021-12-10	387683	4.76	2026-09-10	0.00	1596550932
grossing	Lifestyle	83	Find My Location: Tracker	DIGITS LTD	2025-01-31	2140	4.16	2026-07-03	0.00	6741145225
grossing	Lifestyle	84	Core of the Heart Daily	Core Of The Heart	2026-03-11	13675	4.96	2026-10-01	0.00	6757750161
grossing	Lifestyle	85	Glucera: Blood Sugar Tracker	BEGAMOB GLOBAL LIMITED	2026-08-31	354	4.66	2026-09-26	0.00	6796661353
grossing	Lifestyle	86	RIZZ	TREND IT LLC	2023-01-12	39683	4.83	2026-01-29	0.00	1663430725
grossing	Lifestyle	87	Powerful Cleaner-Clean Storage	WEBEYE MOBILE HK LIMITED	2022-05-01	11377	4.56	2026-07-31	0.00	1618902724
grossing	Lifestyle	88	Watch Faces - WatchLab	Live Wallpapers	2023-04-03	17934	4.44	2026-09-03	0.00	6446290569
grossing	Lifestyle	89	Whop	Whop	2022-01-13	57765	4.82	2026-09-30	0.00	1600181492
grossing	Lifestyle	90	Imou Life	Huacheng Network(hk) Technology Limited	2016-01-08	4766	4.33	2026-09-19	0.00	1071165451
grossing	Lifestyle	91	Punchbowl: Invitations & Cards	Punchbowl, Inc.	2013-04-11	110450	4.86	2026-08-20	0.00	628215241
grossing	Lifestyle	92	华人168-招聘求职租房二手买卖	xingrui inc.	2020-07-01	199	3.84	2026-10-01	0.00	1380601411
grossing	Lifestyle	93	Sincerely: Vent & Confess	MWM	2022-10-11	35695	4.66	2026-09-30	0.00	6443709181
grossing	Lifestyle	94	Plug AI: Texting Assistant	Vert Media Partners LLC	2023-06-30	15710	4.56	2024-08-02	0.00	6449750416
grossing	Lifestyle	95	AARP Now	AARP	2010-09-29	183470	4.79	2026-08-03	0.00	394286729
grossing	Lifestyle	96	Care.com: Hire Caregivers	Care.com, Inc.	2009-10-09	42423	4.39	2026-09-30	0.00	328453619
grossing	Lifestyle	97	Military Benefits App	Military Benefits App LLC	2026-05-17	2017	4.69	2026-09-24	0.00	6762414154
grossing	Lifestyle	98	Candle: Couples & Relationship	Encore AI Labs, Inc.	2025-03-19	11407	4.76	2026-09-23	0.00	6743355635
grossing	Lifestyle	99	AI Interior Decor: Home Design	Bloomion Tech	2025-11-06	1198	4.77	2026-08-28	0.00	6754930176
grossing	Lifestyle	100	Parental Control BrightCanary	Tacita, Inc.	2022-12-21	1623	4.42	2026-09-04	0.00	1634119476
grossing	Health & Fitness	1	MyFitnessPal: Calorie Counter	MyFitnessPal, Inc.	2009-12-07	2370872	4.71	2026-09-29	0.00	341232718
grossing	Health & Fitness	2	LADDER Strength Training Plans	Ladder Technologies, Inc.	2020-06-23	204041	4.95	2026-09-29	0.00	1502936453
grossing	Health & Fitness	3	Strava: Run, Bike, Walk	Strava, Inc.	2011-03-23	375852	4.81	2026-09-30	0.00	426826309
grossing	Health & Fitness	4	Flo Cycle & Period Tracker	FLO HEALTH UK LIMITED	2015-10-03	1987678	4.74	2026-09-27	0.00	1038369065
grossing	Health & Fitness	5	AllTrails: Hike, Bike & Run	AllTrails, Inc.	2010-12-17	1040767	4.89	2026-10-01	0.00	405075943
grossing	Health & Fitness	6	Calm	Calm.com	2013-02-22	1985324	4.77	2026-10-01	0.00	571800810
grossing	Health & Fitness	7	Peloton: Fitness & Workouts	Peloton Interactive, Inc.	2014-02-14	817596	4.92	2026-09-28	0.00	792750948
grossing	Health & Fitness	8	Google Health (Fitbit)	Google	2011-10-17	702770	4.47	2026-09-28	0.00	462638897
grossing	Health & Fitness	9	Hume Health	FitTrack Inc	2019-10-02	72980	4.33	2026-09-29	0.00	1477782599
grossing	Health & Fitness	10	Hatch Sleep	Hatch Baby, Inc.	2017-01-23	61847	4.54	2026-09-29	0.00	1158048301
grossing	Health & Fitness	11	MacroFactor - Macro Tracker	Stronger By Science Technologies LLC	2021-09-15	22853	4.84	2026-09-24	0.00	1553503471
grossing	Health & Fitness	12	Cal AI - Calorie Tracker	Viral Development LLC	2024-04-08	368219	4.8	2026-09-29	0.00	6480417616
grossing	Health & Fitness	13	Finch: Self-Care Pet	Finch Care Public Benefit Corporation	2021-05-12	759147	4.95	2026-10-02	0.00	1528595748
grossing	Health & Fitness	14	Headspace: Sleep & Meditation	Headspace Inc.	2012-02-02	973824	4.84	2026-09-28	0.00	493145008
grossing	Health & Fitness	15	iCardiac: Heart Rate & Health	BEGAMOB GLOBAL LIMITED	2023-10-16	30461	4.74	2026-10-02	0.00	6468660073
grossing	Health & Fitness	16	Runna: Running Plans & Coach	Strava, Inc.	2021-12-11	34582	4.85	2026-09-29	0.00	1594204443
grossing	Health & Fitness	17	Cronometer: Calorie Counter	Cronometer Software Inc	2016-09-09	98925	4.77	2026-09-14	0.00	1145935738
grossing	Health & Fitness	18	Insight Timer: Meditate, Sleep	Insight Network Inc	2009-11-05	447288	4.9	2026-09-25	0.00	337472899
grossing	Health & Fitness	19	Calorie Counter - MyNetDiary	MyNetDiary Inc.	2019-02-03	167764	4.81	2026-09-24	0.00	287529757
grossing	Health & Fitness	20	Lose It! – Calorie Counter	FitNow	2008-11-21	779685	4.77	2026-09-30	0.00	297368629
grossing	Health & Fitness	21	Noom Weight Loss, Food Tracker	Noom, Inc.	2013-05-09	872737	4.7	2026-08-27	0.00	634598719
grossing	Health & Fitness	22	Fitbod: Gym & Fitness Planner	Fitbod Inc.	2015-09-26	286497	4.81	2026-10-01	0.00	1041517543
grossing	Health & Fitness	23	WeightWatchers Program	WW International, Inc.	2009-09-18	2363523	4.84	2026-09-24	0.00	331308914
grossing	Health & Fitness	24	BetterMe Well-Being Coach	BetterMe Limited	2017-08-22	713137	4.67	2026-10-02	0.00	1264546236
grossing	Health & Fitness	25	BetterSleep: Relax and Sleep	Ipnos Software Inc.	2009-05-06	390776	4.74	2026-09-22	0.00	314498713
grossing	Health & Fitness	26	Yuka - Food & Cosmetic Scanner	Yuca	2017-01-08	100322	4.82	2026-09-23	0.00	1092799236
grossing	Health & Fitness	27	MenuFit - Healthy Eating Out	Kosco Digital LLC	2025-08-06	54463	4.77	2026-09-30	0.00	6746144481
grossing	Health & Fitness	28	Motivation - Daily quotes	Monkey Taps	2014-05-13	1073497	4.82	2026-10-01	0.00	876080126
grossing	Health & Fitness	29	I am - Daily Affirmations	Monkey Taps	2014-05-13	733913	4.84	2026-09-30	0.00	874656917
grossing	Health & Fitness	30	MeAgain: GLP-1 Tracker App	Dots Future Technologies	2025-04-11	35684	4.79	2026-09-10	0.00	6744178534
grossing	Health & Fitness	31	Sweat: Fitness App For Women	The Bikini Body Training Company Pty Ltd	2015-11-19	43245	4.63	2026-09-22	0.00	1049234587
grossing	Health & Fitness	32	Heart Beat: Heart Rate Monitor	TAPSUITE YAZILIM HIZMETLERI ANONIM SIRKETI	2025-06-05	5885	4.52	2026-10-02	0.00	6744920106
grossing	Health & Fitness	33	Natural Cycles: Fertility App	NaturalCycles Nordic AB	2013-12-17	30156	4.79	2026-09-29	0.00	765535549
grossing	Health & Fitness	34	InPulse - Heart Rate Monitor	AIBY	2019-12-07	179082	4.64	2025-10-22	0.00	1489944782
grossing	Health & Fitness	35	Zwift: Indoor Cycling Fitness	Zwift, Inc	2016-12-09	21419	4.74	2026-09-23	0.00	1134655040
grossing	Health & Fitness	36	STNDRD Workout & Fitness Plans	Set The Standard LLC	2021-08-26	3814	4.56	2026-09-28	0.00	1573298047
grossing	Health & Fitness	37	Hevy - Workout Tracker Gym Log	Hevy Studios S.L.	2019-06-30	96114	4.92	2026-10-02	0.00	1458862350
grossing	Health & Fitness	38	Gymverse: Gym Workout Planner	FITNESS22 LTD	2015-12-18	165207	4.85	2026-09-27	0.00	1048454034
grossing	Health & Fitness	39	Ride with GPS: Bike Navigation	Ride with GPS	2014-07-19	39244	4.72	2026-10-02	0.00	893687399
grossing	Health & Fitness	40	Calorie Counter by Numify	Municorn Limited	2024-01-31	41355	4.72	2026-09-29	0.00	6474290049
grossing	Health & Fitness	41	iFIT Workouts	ICON Health & Fitness, Inc.	2017-11-15	73021	4.66	2026-08-06	0.00	1274601042
grossing	Health & Fitness	42	Liftoff - Ranked Gym Workouts	Liftoff Labs Inc.	2023-04-20	98042	4.83	2026-09-30	0.00	6448081563
grossing	Health & Fitness	43	Lively - Period Tracker, Cycle	Lively Cycle, LLC	2023-06-13	52933	4.81	2026-10-02	0.00	6447674634
grossing	Health & Fitness	44	Bend: Stretching & Flexibility	Bowery Digital	2020-05-20	174048	4.76	2026-09-17	0.00	1513988468
grossing	Health & Fitness	45	Alive by Whitney Simmons	Whitney Simmons App, LLC	2020-01-24	44723	4.9	2026-08-20	0.00	1488020055
grossing	Health & Fitness	46	Clue Period & Cycle Tracker	BioWink GmbH	2013-07-09	404913	4.76	2026-09-30	0.00	657189652
grossing	Health & Fitness	47	Tolan: Your Friendly Guide	Portola	2024-06-19	183058	4.78	2026-10-03	0.00	6477549878
grossing	Health & Fitness	48	WeWard - Walking Rewards App	WEWARD	2022-09-20	123011	4.87	2026-09-29	0.00	1454213029
grossing	Health & Fitness	49	Sleep Cycle - Tracker & Sounds	Sleep Cycle AB	2009-07-23	29697	4.68	2026-10-02	0.00	320606217
grossing	Health & Fitness	50	Calo: AI Food Calorie Counter	Next Vision Limited	2023-04-11	25547	4.71	2026-09-23	0.00	6447434453
grossing	Health & Fitness	51	Premom-Ovulation Tracker, PCOS	Easy Healthcare Corporation	2017-10-13	60098	4.78	2026-10-02	0.00	1279295922
grossing	Health & Fitness	52	WalkFit: Steps counter	WELLTECH APPS LIMITED	2019-05-01	164575	4.73	2026-10-02	0.00	1457956232
grossing	Health & Fitness	53	Waking Up: Meditation & Wisdom	Waking Up Course, LLC	2018-09-21	42658	4.92	2026-09-08	0.00	1307736395
grossing	Health & Fitness	54	Heartica: Heart Rate Monitor	Faliane Ltd.	2025-04-16	15880	4.57	2026-07-31	0.00	6742904990
grossing	Health & Fitness	55	Strong Workout Tracker Gym Log	Strong Fitness PTE Limited	2011-09-15	108525	4.86	2026-08-12	0.00	464254577
grossing	Health & Fitness	56	Foodvisor - AI Calorie Counter	Foodvisor	2016-02-12	17756	4.6	2026-10-01	0.00	1064020872
grossing	Health & Fitness	57	Endel: Focus & Sleep Sounds	Endel	2018-06-21	33872	4.64	2026-10-01	0.00	1346247457
grossing	Health & Fitness	58	White Noise Deep Sleep Sounds	Slumber Studios, LLC	2016-02-17	208918	4.8	2026-09-25	0.00	1083248251
grossing	Health & Fitness	59	Muscle Booster Workout Tracker	WELLTECH APPS LIMITED	2018-12-21	137995	4.55	2026-09-22	0.00	1446447749
grossing	Health & Fitness	60	Welltory: Stress & Heart Rate	Welltory inc	2016-05-02	133789	4.74	2026-09-24	0.00	1074367771
grossing	Health & Fitness	61	Bevel: AI Health Coach	Finerpoint, Inc	2024-01-08	16761	4.85	2026-10-02	0.00	6456176249
grossing	Health & Fitness	62	LazyFit: Workout For Beginners	Next Vision Limited	2023-02-18	81679	4.68	2026-09-30	0.00	1669413773
grossing	Health & Fitness	63	Happiest Baby, makers of SNOO	The Happiest Baby, Inc.	2022-11-10	5497	4.06	2026-08-18	0.00	1562132169
grossing	Health & Fitness	64	StepsApp Pedometer	StepsApp GmbH	2015-10-10	299046	4.81	2026-10-01	0.00	1037595083
grossing	Health & Fitness	65	BODi Fitness: Home Workouts	Beachbody, LLC	2015-11-06	298771	4.88	2026-10-01	0.00	1031660123
grossing	Health & Fitness	66	ShutEye®: Sleep Tracker, Sound	Enerjoy Pte. Ltd.	2019-12-09	349840	4.76	2026-09-28	0.00	1490078804
grossing	Health & Fitness	67	RISE: Sleep Tracker	Rise Science Inc	2019-08-19	71038	4.73	2026-09-29	0.00	1453884781
grossing	Health & Fitness	68	Dancefitme: Fun weight loss	TechPioneers Limited	2022-12-10	18039	4.59	2026-08-21	0.00	6444850772
grossing	Health & Fitness	69	FORM: Strength, Pilates, Gym	SJC Companies, LLC	2021-09-30	3861	4.88	2026-08-22	0.00	1578636146
grossing	Health & Fitness	70	Withings	Withings	2012-07-26	366370	4.58	2026-09-28	0.00	542701020
grossing	Health & Fitness	71	Stella - Manifest Anything	Perl Productions LLC	2026-01-28	5210	4.72	2026-09-29	0.00	6757347283
grossing	Health & Fitness	72	StressWatch: AI Stress Monitor	One Hundred Bad Ideas Limited	2023-04-26	24096	4.67	2026-10-01	0.00	6444737095
grossing	Health & Fitness	73	Blood Pressure App-BP Tracker	AKRURA PTE. LTD	2024-01-05	9508	4.49	2026-08-17	0.00	6474598021
grossing	Health & Fitness	74	FivePointFive: Breathwork	fivepointfive	2024-11-21	4775	4.8	2026-09-17	0.00	6469338436
grossing	Health & Fitness	75	Lyfta: Gym Workout Tracker Log	Lindberg Development AS	2022-10-10	6789	4.81	2026-10-01	0.00	6443740936
grossing	Health & Fitness	76	Day One: Daily Journal & Diary	Bloom Built Inc	2016-02-03	118403	4.83	2026-09-28	0.00	1044867788
grossing	Health & Fitness	77	Shotsy GLP-1 Tracker	Shotsy	2024-05-29	32945	4.83	2026-09-15	0.00	6499510249
grossing	Health & Fitness	78	1st Phorm	First Phorm	2019-03-25	5424	4.64	2026-09-30	0.00	1445819600
grossing	Health & Fitness	79	Wellmy - Heart Rate Monitor	AirShape	2023-09-27	12694	4.7	2026-09-30	0.00	6463719381
grossing	Health & Fitness	80	komoot - hike, bike & run	komoot GmbH	2011-07-11	9527	4.7	2026-10-01	0.00	447374873
grossing	Health & Fitness	81	Stardust Period Tracker	Stardust App LLC (New York)	2020-01-24	118178	4.76	2026-09-16	0.00	1495829322
grossing	Health & Fitness	82	Evlo Fitness	Evlo Fitness LLC	2021-03-27	1506	4.94	2026-09-29	0.00	1557238647
grossing	Health & Fitness	83	SleepWatch - Top Sleep Tracker	Bodymatter, Inc.	2016-08-07	328443	4.65	2026-07-24	0.00	1138066420
grossing	Health & Fitness	84	Lumenate: Explore & Relax	Lumenate Growth Ltd	2021-02-21	9672	4.62	2026-09-28	0.00	1538397461
grossing	Health & Fitness	85	Heartwell: Track Health	AURALIS NOVA TECHNOLOGY PTE. LTD.	2024-03-01	5923	4.72	2026-09-23	0.00	6478762529
grossing	Health & Fitness	86	Gravl: AI Personal Trainer	GAINS AI	2023-08-15	5647	4.89	2026-09-28	0.00	6450921637
grossing	Health & Fitness	87	Pulsetto Wellness	UAB Pulsetto	2022-08-27	7313	4.77	2026-09-28	0.00	1636176641
grossing	Health & Fitness	88	The Wonder Weeks - Baby leaps	Domus Technica	2012-05-30	122115	4.85	2026-08-13	0.00	529815782
grossing	Health & Fitness	89	Breethe: Sleep & Meditation	OMG. I Can Meditate! Inc.	2015-03-18	72439	4.75	2026-09-17	0.00	920161006
grossing	Health & Fitness	90	The Sculpt Society	THE SCULPT SOCIETY LLC	2019-11-14	4020	4.9	2026-06-18	0.00	1481275761
grossing	Health & Fitness	91	MacrosFirst - Macro Tracker	MacrosFirst, Inc.	2017-07-19	22543	4.86	2026-09-29	0.00	1253012487
grossing	Health & Fitness	92	Dr. Kegel: For Men’s Health	ApperCut	2019-11-05	45898	4.83	2026-09-14	0.00	1470065487
grossing	Health & Fitness	93	Gratitude Plus – Journal	Redwheel Apps	2019-01-29	19664	4.86	2026-09-22	0.00	1447851477
grossing	Health & Fitness	94	Purpose: AI Mentor & Coach	Why Not Now	2025-08-17	142	4.86	2026-10-01	0.00	6749098156
grossing	Health & Fitness	95	Heart Rate Monitor - HeartIn	Vision Wizard	2024-11-13	8664	4.62	2026-09-22	0.00	6736740146
grossing	Health & Fitness	96	DAWG - Discipline & Motivation	DWG Labs LLC	2025-03-05	6592	4.76	2026-09-08	0.00	6742336314
grossing	Health & Fitness	97	Muscle Monster Workout Planner	TechPioneers Limited	2023-12-12	11129	4.72	2026-09-08	0.00	6471547318
grossing	Health & Fitness	98	Check Heart Rate Now	Epiphany Digital Ltd.	2023-12-06	1781	4.3	2026-05-14	0.00	6467655857
grossing	Health & Fitness	99	JustFit: Lazy Workout & Fit	Enerjoy Pte. Ltd.	2021-08-29	215002	4.79	2026-09-15	0.00	1574460221
grossing	Health & Fitness	100	Liven: AI Life Coach	Chesmint limited	2023-08-01	51924	4.45	2026-09-30	0.00	6450840109
grossing	Games	1	MONOPOLY GO!	Scopely, Inc.	2023-04-11	3846337	4.8	2026-10-02	0.00	1621328561
grossing	Games	2	Roblox	Roblox Corporation	2011-05-26	20268824	4.51	2026-10-01	0.00	431946152
grossing	Games	3	Royal Match	Dream Games	2021-02-25	3843570	4.69	2026-09-28	0.00	1482155847
grossing	Games	4	Candy Crush Saga	King	2012-11-14	4017522	4.7	2026-09-28	0.00	553834731
grossing	Games	5	Gossip Harbor®: Merge & Story	Microfun Limited	2022-07-07	206370	4.62	2026-09-21	0.00	1623318294
grossing	Games	6	Pokémon GO	Scopely Explore, Inc.	2016-07-06	654530	4.0	2026-10-02	0.00	1094591345
grossing	Games	7	Royal Kingdom	Dream Games	2024-11-21	1142458	4.71	2026-09-21	0.00	1606549505
grossing	Games	8	Kingshot	Century Games Pte. Ltd.	2025-02-22	227470	4.61	2026-08-24	0.00	6739554056
grossing	Games	9	Toon Blast	Peak Games	2017-08-15	2811101	4.72	2026-09-28	0.00	1176027022
grossing	Games	10	Whiteout Survival	Century Games Pte. Ltd.	2023-02-12	464991	4.6	2026-08-17	0.00	6443575749
grossing	Games	11	Free Fire x NARUTO SHIPPUDEN	GARENA INTERNATIONAL I PRIVATE LIMITED	2017-12-07	364527	4.0	2026-09-16	0.00	1300146617
grossing	Games	12	Township	Playrix	2013-10-23	2207006	4.75	2026-09-17	0.00	638689075
grossing	Games	13	Match Factory!	Peak Games	2023-11-01	772185	4.8	2026-09-21	0.00	6449094229
grossing	Games	14	Last War:Survival	FUNFLY PTE. LTD.	2023-08-02	450760	4.74	2026-09-23	0.00	6448786147
grossing	Games	15	Last Z: Survival Shooter	Omnilojo Pte Ltd	2025-04-24	101415	4.77	2026-09-14	0.00	6503272652
grossing	Games	16	Gardenscapes	Playrix	2016-08-24	1691176	4.69	2026-09-25	0.00	1105855019
grossing	Games	17	Tasty Travels: Merge Game	Century Games Pte. Ltd.	2024-04-11	54589	4.62	2026-10-02	0.00	6471045672
grossing	Games	18	Block Out! - Color Sort Puzzle	Grand Games A.Ş.	2025-10-31	282640	4.73	2026-09-28	0.00	6752672568
grossing	Games	19	Pixel Flow!	Loom Games Oyun Yazilim ve Pazarlama Anonim Sirketi	2025-08-17	163771	4.65	2026-09-30	0.00	6751056652
grossing	Games	20	Evony	TOP GAMES INC.	2016-04-26	179892	3.98	2026-09-24	0.00	1098157959
grossing	Games	21	Clash of Clans	Supercell	2012-08-02	2781556	4.76	2026-09-24	0.00	529479190
grossing	Games	22	Coin Master	Moon Active	2010-12-11	1364305	4.79	2026-09-28	0.00	406889139
grossing	Games	23	DRAGON BALL Z DOKKAN BATTLE	Bandai Namco Entertainment Inc.	2015-07-15	251302	4.78	2026-08-29	0.00	951627425
grossing	Games	24	Fishdom	Playrix	2015-12-09	1150119	4.64	2026-09-21	0.00	664575829
grossing	Games	25	Pokémon TCG Pocket	The Pokemon Company	2024-10-30	690132	4.79	2026-09-29	0.00	6479970832
grossing	Games	26	Colony Flow!	ABI GLOBAL LTD.	2026-06-13	29915	4.72	2026-10-03	0.00	6779167923
grossing	Games	27	Homescapes: Match 3 Games	Playrix	2017-09-19	2176950	4.65	2026-09-17	0.00	1195621598
grossing	Games	28	Jelly Busters: Puzzle Game	Moon Active	2026-01-26	7968	4.75	2026-09-13	0.00	6756058501
grossing	Games	29	Total Battle: War Strategy	Scorewarrior	2018-10-20	68679	4.62	2026-09-22	0.00	1274132545
grossing	Games	30	Jackpot Party - Casino Slots	Phantom EFX, Inc.	2012-12-12	270795	4.56	2026-09-29	0.00	575980917
grossing	Games	31	Lightning Link Casino Slots	Product Madness	2018-05-22	79490	4.46	2026-09-03	0.00	1243005112
grossing	Games	32	Fortnite	Epic Games Inc.	2025-05-20	360251	4.59	2026-10-01	0.00	6483539426
grossing	Games	33	Magic Sort!	Grand Games A.Ş.	2024-05-28	666169	4.72	2026-09-28	0.00	6499209744
grossing	Games	34	Call of Duty®: Mobile	Activision Publishing, Inc.	2019-09-30	2016472	4.67	2026-09-07	0.00	1287282214
grossing	Games	35	Screwdom	Zego Global Pte Ltd	2025-01-02	113621	4.47	2026-09-23	0.00	6740043080
grossing	Games	36	Merge Cooking®	Happibits	2022-09-19	50867	4.75	2026-09-29	0.00	1643509748
grossing	Games	37	EA SPORTS FC Soccer Mobile 27	Electronic Arts	2016-10-11	2611982	4.69	2026-09-24	0.00	1094930513
grossing	Games	38	Cashman Casino Slots Games	Product Madness	2017-07-14	229245	4.57	2026-10-01	0.00	1123582513
grossing	Games	39	NYT Games: Wordle & Crossword	The New York Times Company	2009-03-26	293868	4.8	2026-09-30	0.00	307569751
grossing	Games	40	All in Hole: Black Hole Games	HOMA GAMES	2024-06-07	131419	4.92	2026-09-22	0.00	6503284107
grossing	Games	41	Bus Traffic Fever!	GOODROID,Inc.	2026-03-13	73807	4.69	2026-09-14	0.00	6759763476
grossing	Games	42	Sword x Staff	Boltray Games	2026-05-19	42215	4.86	2026-09-15	0.00	6751270546
grossing	Games	43	Candy Crush Soda Saga	King	2014-11-11	776629	4.72	2026-09-29	0.00	850417475
grossing	Games	44	Solitaire Associations Journey	Hitapps Games LTD	2025-09-11	225304	4.66	2026-09-21	0.00	6748950306
grossing	Games	45	Brawl Stars	Supercell	2018-12-13	3120886	4.72	2026-09-07	0.00	1229016807
grossing	Games	46	Hay Day	Supercell	2012-06-21	651323	4.7	2026-08-18	0.00	506627515
grossing	Games	47	Disney Solitaire	SuperPlay	2025-04-17	716160	4.9	2026-09-25	0.00	6475757306
grossing	Games	48	Yarn Loop: Knit Puzzle	Combo Games	2025-11-21	52050	4.78	2026-10-02	0.00	6755183085
grossing	Games	49	Clash Royale	Supercell	2016-03-01	3866462	4.6	2026-10-01	0.00	1053012308
grossing	Games	50	Color Block Jam	Rollic Games	2024-06-28	138389	4.58	2026-10-02	0.00	6504332779
grossing	Games	51	Dark War:Survival	Omnilojo Pte Ltd	2024-09-11	71955	4.48	2026-09-28	0.00	6670441558
grossing	Games	52	Flambé®: Merge and Cook	Microfun Limited	2025-05-08	14980	4.82	2026-09-29	0.00	6618142292
grossing	Games	53	Quick Hit Casino - Vegas Slots	Appchi Media Ltd	2015-09-17	960541	4.76	2026-09-29	0.00	945621521
grossing	Games	54	Travel Town - Merge Adventure	Moon Active	2021-02-12	188454	4.81	2026-09-27	0.00	1521236603
grossing	Games	55	Bingo Voyage: Live Bingo Games	VERTEX GAMES PTE. LTD.	2024-10-23	66311	4.89	2026-10-02	0.00	6615077767
grossing	Games	56	Magic: The Gathering Arena	Wizards of the Coast	2021-03-25	154998	4.6	2026-09-29	0.00	1496227521
grossing	Games	57	Bingo Blitz™ - BINGO Games	Playtika Santa Monica, LLC	2012-08-08	614384	4.72	2026-10-03	0.00	529996768
grossing	Games	58	Free Fire MAX x NARUTO	GARENA INTERNATIONAL I PRIVATE LIMITED	2021-09-27	59418	4.05	2026-09-16	0.00	1480516829
grossing	Games	59	Big Fish Casino: Slots Games	Product Madness	2012-08-15	235483	4.55	2026-09-23	0.00	538212549
grossing	Games	60	Toy Blast	Peak Games	2015-01-06	1203635	4.71	2026-09-21	0.00	890378044
grossing	Games	61	Last Asylum: Plague	WISENESS GAME ONLINE INTERNATIONAL LTD	2026-02-11	41446	4.79	2026-09-20	0.00	6756989323
grossing	Games	62	Minecraft: Play with Friends!	Mojang	2011-11-17	841504	4.51	2026-09-28	6.99	479516143
grossing	Games	63	Food Hunt: Pixel Puzzle	FUNFINITY PTE. LTD	2026-05-14	43587	4.73	2026-09-24	0.00	6769314786
grossing	Games	64	Dice Dreams™	SuperPlay	2020-02-05	655038	4.85	2026-09-17	0.00	1484468651
grossing	Games	65	Matching Story - Merge & Match	VERTEX GAMES PTE. LTD.	2023-11-08	167683	4.9	2026-09-28	0.00	1558803930
grossing	Games	66	Age of Origins:Tower Defense	Hong Kong Ke Mo software Co., Limited	2018-10-25	62106	4.17	2026-09-23	0.00	1376515087
grossing	Games	67	Seaside Escape®: Merge & Story	Microfun Limited	2022-11-24	31346	4.62	2026-09-28	0.00	6443755785
grossing	Games	68	Mystery Town: Merge Games	Cedar Games Studio	2024-10-18	16332	4.9	2026-09-25	0.00	6503603603
grossing	Games	69	Golf Clash - Golfing Simulator	Electronic Arts	2017-01-18	2148028	4.52	2026-09-11	0.00	1089225191
grossing	Games	70	Cube Land Puzzle Game	Rotatelab	2026-01-18	31380	4.66	2026-10-03	0.00	6757154335
grossing	Games	71	Merge Mansion: Puzzles & Story	Metacore Games Oy	2020-09-16	202168	4.56	2026-09-24	0.00	1484442152
grossing	Games	72	OneState RP: Role Play Online	CHILLBASE LTD	2022-04-30	25129	4.21	2026-08-27	0.00	1597760047
grossing	Games	73	Triple Match 3D	Boombox Games LTD	2022-04-13	356688	4.92	2026-09-29	0.00	1607122287
grossing	Games	74	Sunday City: Life Simulator	Kefir	2025-11-05	7703	4.65	2026-09-29	0.00	6450834358
grossing	Games	75	Hotel Legacy: Merge Game	Century Games Innovation Pte. Ltd.	2026-01-14	6487	4.5	2026-10-04	0.00	6752886832
grossing	Games	76	Chess.com - Play and Learn	Chess.com	2009-10-28	834313	4.81	2026-10-01	0.00	329218549
grossing	Games	77	Game of Thrones: Dragonfire	Warner Bros.	2026-06-02	16438	4.82	2026-09-30	0.00	1642607669
grossing	Games	78	PUBG MOBILE	Tencent Mobile International Limited	2018-03-19	1609404	4.32	2026-09-09	0.00	1330123889
grossing	Games	79	Lordrush	Century Games Innovation Pte. Ltd.	2026-07-19	9941	4.58	2026-09-22	0.00	6759788962
grossing	Games	80	Heart of Vegas - Casino Slots	Product Madness	2014-07-26	151481	4.63	2026-09-15	0.00	785537179
grossing	Games	81	DRAGON BALL LEGENDS	Bandai Namco Entertainment Inc.	2018-05-31	808195	4.76	2026-10-01	0.00	1358222641
grossing	Games	82	Z Route: Redemption	BUILDING-BLOCKS NETWORK TECHNOLOGY CO.,LIMITED	2026-05-12	14514	4.77	2026-10-03	0.00	6762268182
grossing	Games	83	eFootball™	KONAMI	2017-05-23	506256	4.32	2026-08-13	0.00	1117270703
grossing	Games	84	Angry Birds 2	Rovio Entertainment Oyj	2015-07-29	1574298	4.62	2026-09-24	0.00	880047117
grossing	Games	85	Puzzles & Survival	BUILDING-BLOCKS NETWORK TECHNOLOGY CO.,LIMITED	2020-08-21	58115	4.44	2026-09-12	0.00	1517980891
grossing	Games	86	Foodstars: Merge & Cook	Happibits	2025-12-11	7014	4.83	2026-09-25	0.00	6753862216
grossing	Games	87	DoubleDown™ Casino Vegas Slots	Double Down Interactive LLC	2012-03-01	571872	4.54	2026-08-11	0.00	485126024
grossing	Games	88	Jackpot Magic Slots & Casino	Product Madness	2016-07-15	224973	4.59	2026-09-16	0.00	1090242126
grossing	Games	89	Triple Match City	Breeze Games L.L.C-FZ	2023-10-25	113207	4.61	2026-10-01	0.00	6450110217
grossing	Games	90	MONOPOLY Slots Casino: Go Spin	Phantom EFX, Inc.	2018-04-21	159233	4.85	2026-09-02	0.00	1215145992
grossing	Games	91	Star Wars™: Galaxy of Heroes	Electronic Arts	2015-11-24	230035	4.59	2026-09-15	0.00	921022358
grossing	Games	92	Castle Busters	Voodoo	2025-05-26	94716	4.64	2026-09-29	0.00	6746328263
grossing	Games	93	Sand Blocks: Drop Puzzle	Rollic Games	2026-02-05	5239	4.62	2026-10-03	0.00	6757140488
grossing	Games	94	Hole Stars: Puzzle Game	Moon Active	2025-09-14	30792	4.85	2026-09-27	0.00	6747028173
grossing	Games	95	Top Lords	GAME SPARK PTE. LTD.	2026-05-31	6408	4.86	2026-09-24	0.00	6767834940
grossing	Games	96	Car Sort: Color Puzzle	Rollic Games	2026-01-26	19306	4.71	2026-09-25	0.00	6758138698
grossing	Games	97	Mobile Legends: Bang Bang.US	Skystone Games Pte. Ltd.	2025-04-01	34090	3.89	2026-09-16	0.00	6741568655
grossing	Games	98	Marble Sort! - Color Puzzle	Voodoo	2025-10-28	68691	4.67	2026-09-25	0.00	6754558455
grossing	Games	99	Cash Frenzy™ - Slots Casino	SpinX Games Limited	2018-08-16	364129	4.72	2026-08-29	0.00	1404165333
grossing	Games	100	X-Clash: Survival Challenge	9z Games(HK)	2025-06-24	38465	4.47	2026-07-15	0.00	6744812012
grossing	Finance	1	MileIQ: Mileage Tracker & Log	MileIQ Inc.	2013-01-15	114057	4.76	2026-09-16	0.00	578830929
grossing	Finance	2	TradingView: Track All Markets	TradingView	2017-04-24	415612	4.84	2026-10-01	0.00	1205990992
grossing	Finance	3	Rocket Money - Bills & Budgets	Rocket Money	2016-07-05	396100	4.48	2026-09-29	0.00	1130616675
grossing	Finance	4	Copilot: Track & Budget Money	Copilot Money, Inc.	2019-08-19	30493	4.75	2026-09-17	0.00	1447330651
grossing	Finance	5	YNAB	You Need A Budget LLC	2015-10-19	61764	4.79	2026-09-30	0.00	1010865877
grossing	Finance	6	Kudos: Put Your Wallet to Work	Kudos Technologies, Inc.	2022-10-18	9546	4.72	2026-10-01	0.00	6443548838
grossing	Finance	7	Build Credit & Money: Dovly AI	Dovly, Inc.	2022-04-28	84827	4.84	2026-09-22	0.00	1584248673
grossing	Finance	8	Monarch: Budget & Track Money	Monarch Money, Inc.	2020-11-18	112496	4.89	2026-09-30	0.00	1459319842
grossing	Finance	9	Aura: Security & Protection	Get Aura Inc.	2021-02-17	108909	4.67	2026-09-17	0.00	1547735089
grossing	Finance	10	Lenme: Borrowing and Lending	Lenme Inc.	2018-09-19	92423	4.46	2026-09-09	0.00	1409169287
grossing	Finance	11	LifeLock Identity	Gen Digital Inc.	2018-11-26	195935	4.82	2026-09-03	0.00	1422875903
grossing	Finance	12	EveryDollar: Budget Management	The Lampo Group Incorporated	2015-02-27	84125	4.73	2026-10-02	0.00	942571931
grossing	Finance	13	Seeking Alpha: News & Analysis	Seeking Alpha Ltd.	2012-09-05	126334	4.76	2026-08-31	0.00	552799694
grossing	Finance	14	Mileage Tracker by Everlance	Everlance Inc.	2015-08-20	52554	4.83	2026-09-30	0.00	985378916
grossing	Finance	15	dub: Copy Trade Real Investors	DASTA Incorporated	2023-06-13	10830	4.72	2026-09-29	0.00	1598920501
grossing	Finance	16	Kraken: Buy Crypto & Stocks	Kraken	2021-06-01	35486	4.74	2026-09-29	0.00	1481947260
grossing	Finance	17	Settlemate: Claim Savings	Settlemate Inc	2025-01-05	74962	4.79	2026-10-02	0.00	6737785495
grossing	Finance	18	Breakout: Prop Firm & Trading	Breakout Trading Group LLC	2026-03-25	10	3	2026-09-28	0.00	6757760188
grossing	Finance	19	Ditch: Pay Off Debt Faster	Ditch Technologies	2023-09-14	3155	4.83	2026-09-23	0.00	6466198208
grossing	Finance	20	Quicken: Budget & Track Money	Quicken Inc.	2019-10-01	11814	4.54	2026-10-02	0.00	1449777194
grossing	Finance	21	Webull: Investing & Trading	Webull Technologies Pte. Ltd.	2017-01-17	341843	4.7	2026-09-29	0.00	1179213067
grossing	Finance	22	Stocks To Buy Now : AI Signals	Hello Stocker	2022-02-03	4091	4.83	2026-10-03	0.00	1565527320
grossing	Finance	23	SimplyWise: Receipts, Expenses	SimplyWise, Inc.	2020-12-05	37806	4.85	2026-07-23	0.00	1538521095
grossing	Finance	24	Yahoo Finance: Stocks, Markets	Yahoo	2009-09-07	626660	4.75	2026-09-28	0.00	328412701
grossing	Finance	25	Easy Invoice Maker App	Invoice Generator s.r.o.	2021-06-06	27468	4.87	2026-09-30	0.00	1568511681
grossing	Finance	26	ClaimHunt – Claim Settlement	Push Apps	2025-11-20	2588	4.77	2026-09-30	0.00	6755202426
grossing	Finance	27	SubPilot: Cancel Subscriptions	Subpilot	2025-09-14	4919	4.54	2026-09-18	0.00	6751181747
grossing	Finance	28	Splitwise	Splitwise, Inc.	2011-08-24	28478	3.99	2026-09-20	0.00	458023433
grossing	Finance	29	Solo: Your Gig Business App	WorkSolo	2021-12-12	13312	4.73	2026-09-29	0.00	1586902173
grossing	Finance	30	Gridwise: Gig Driver Assistant	Gridwise, Inc.	2017-04-27	28440	4.86	2026-09-10	0.00	1215991382
grossing	Finance	31	MarketWatch - News & Data	Dow Jones & Company, Inc., publisher of The Wall Street Journal.	2009-11-02	238078	4.68	2026-09-24	0.00	336693422
grossing	Finance	32	Collect - Settlement Finder	Ferrix Labs Inc.	2025-09-30	5031	4.58	2026-10-02	0.00	6752740187
grossing	Finance	33	Investing.com: Stock Market	Fusion Media Limited	2014-09-02	38160	4.74	2026-09-14	0.00	909998122
grossing	Finance	34	TipRanks Stock Market Analysis	TipRanks Ltd.	2018-02-01	18658	4.77	2026-09-29	0.00	1237516490
grossing	Finance	35	SubSeek: Subscription Manager	BEGAMOB GLOBAL LIMITED	2026-06-15	262	3.83	2026-09-26	0.00	6769329967
grossing	Finance	36	Hurdlr Mileage, Expenses & Tax	Hurdlr, Inc.	2015-07-23	21067	4.74	2026-09-22	0.00	951737201
grossing	Finance	37	CardPointers for Credit Cards	CardPointers LLC	2019-09-19	10283	4.72	2026-09-28	0.00	1472875808
grossing	Finance	38	Experian®	Experian	2016-05-16	2714639	4.84	2026-09-21	0.00	1087101090
grossing	Finance	39	Freebie Invoice Maker	Invoice Maker Pro s.r.o.	2021-10-20	11391	4.88	2026-10-02	0.00	1590349103
grossing	Finance	40	Investor's Business Daily	Investor’s Business Daily, Inc.	2016-12-20	16467	4.69	2026-09-25	0.00	1132274579
grossing	Finance	41	Prediction Radar	Quad Innovations Inc.	2026-09-02	324	4.83	2026-09-22	0.00	6798433802
grossing	Finance	42	Bitcoin Mining · Cloud Mining	Lucky Monkey	2024-06-16	13615	4.25	2025-11-12	0.00	6503180820
grossing	Finance	43	MoneyPilot: Class Action	Bloom Processing LLC	2026-01-31	1479	4.37	2026-09-24	0.00	6757743834
grossing	Finance	44	Payout: Claim Class Actions	PAYOUT LLC	2025-08-02	11379	4.69	2026-08-28	0.00	6748968935
grossing	Finance	45	PayMe - Claim Your Money	Control. Alt. Delete. LLC	2025-08-11	35837	4.79	2026-09-29	0.00	6749705807
grossing	Finance	46	Profit AI - Trading Assistant	Valenyr Information Technology Consultants FZCO	2025-03-10	3490	4.73	2026-05-01	0.00	6743035682
grossing	Finance	47	Monbark: Budget & Money Track	MONBARK LLC	2026-06-30	208	4.72	2026-09-30	0.00	6777478123
grossing	Finance	48	Smart Receipts: Expenses & Tax	REACTIVE APPS CORP.	2014-08-18	12809	4.76	2026-09-04	0.00	905698613
grossing	Finance	49	Bitcoin Mining: Crypto Miner	Lowhill Games Oy	2023-10-05	14566	4.59	2026-09-28	0.00	6468313323
grossing	Finance	50	ServerLife - Tip Tracker	MZBApps LLC	2016-04-13	9797	4.82	2026-06-08	0.00	1098987860
grossing	Finance	51	Credit Sesame: Grow Your Score	Credit Sesame, Inc.	2011-11-29	436242	4.81	2026-09-30	0.00	476718980
grossing	Finance	52	Budget Bestie	Budget Bestie Corp.	2024-03-08	3150	4.66	2026-09-28	0.00	6460258044
grossing	Finance	53	Stock Signal: AI Stocks Watch	SAGAMILL PTE. LTD.	2020-12-20	11631	4.53	2026-09-23	0.00	1545704110
grossing	Finance	54	Mileage Tracker by Driversnote	Driversnote ApS	2014-11-18	38986	4.78	2026-09-16	0.00	924418916
grossing	Finance	55	Receipt Scanner・Track Expenses	Saldo Apps Inc.	2021-02-13	3855	4.63	2025-08-06	0.00	1550270774
grossing	Finance	56	VectorVest: Stock & Investment	VectorVest, Inc.	2017-01-26	15942	4.65	2024-12-24	0.00	1174967174
grossing	Finance	57	Till: Kids & Teen Banking	Till Financial	2020-12-06	10121	4.77	2026-09-25	0.00	1496157742
grossing	Finance	58	Budget app - spending tracker	InnerGrow	2020-08-29	16061	4.72	2026-09-02	0.00	1525179720
grossing	Finance	59	Uphold: Trade crypto & stocks	Uphold HQ Inc.	2016-04-19	90694	4.69	2026-10-03	0.00	1101145849
grossing	Finance	60	Trade AI: Chart AI Analysis	Leadimize	2025-02-25	9889	4.6	2026-07-14	0.00	6741457696
grossing	Finance	61	Kiwipop - Payoff Credit Cards	Kiwipop, Inc.	2024-04-13	415	4.85	2026-10-02	0.00	6484501975
grossing	Finance	62	PocketGuard - Budget App	PocketGuard, Inc.	2015-01-07	7674	4.58	2026-09-29	0.00	949414211
grossing	Finance	63	Barebone - AI Stock Research	Barebone Group Holdings Limited	2024-11-25	138	4.55	2026-09-22	0.00	6737490098
grossing	Finance	64	Fleur - Budget Planner App	Akash Jain	2022-05-22	12962	4.8	2026-10-02	0.00	1621020173
grossing	Finance	65	Blossom: Social Investing	Blossom Social Inc.	2022-05-07	3007	4.75	2026-10-01	0.00	1592237485
grossing	Finance	66	Buddy: Budget Planner App	Buddy Budgeting AB	2014-11-13	9526	4.71	2026-09-28	0.00	936422955
grossing	Finance	67	Dollarwise: Budget & Tracking	Hammer Media LLC	2025-01-15	3905	3.76	2026-10-01	0.00	6739215932
grossing	Finance	68	Snowball Analytics: Stocks	Snowball Analytics	2024-02-21	2173	4.83	2026-09-17	0.00	6463484375
grossing	Finance	69	OweYou - Money That's Yours	404 Archive LLC	2025-07-31	1442	4.61	2026-09-30	0.00	6749025834
grossing	Finance	70	CoinStats: Crypto Portfolio	COINSTATSAPP LLC	2017-06-22	85756	4.76	2026-10-03	0.00	1247849330
grossing	Finance	71	Milo: Your Money Guide	Brite Tech Inc.	2025-08-07	1409	4.84	2026-09-18	0.00	6747768621
grossing	Finance	72	Debt Payoff Planner & Tracker	OxbowSoft LLC	2015-11-03	7344	4.73	2026-09-26	0.00	1009323715
grossing	Finance	73	WalletHub: Credit & Budgeting	WalletHub	2016-06-21	10135	4.84	2026-07-01	0.00	1110552982
grossing	Finance	74	Self Employed - Accounting	Protection & Security App LLC	2023-10-05	2078	4.21	2026-09-15	0.00	6450295655
grossing	Finance	75	Goodbudget Budget Planner	Dayspring Technologies	2011-10-26	13482	4.63	2026-09-14	0.00	471112395
grossing	Finance	76	Dumbo Credit	Dumbo Credit	2025-06-29	807	4.6	2026-09-26	0.00	6745514687
grossing	Finance	77	ServicePerks	Srinjay Verma	2026-08-05	78	4.55	2026-09-29	0.00	6788890577
grossing	Finance	78	BitTycoon:BTC Cloud Mining	梦珂 杨	2025-07-01	532	4.24	2026-07-31	0.00	6738644410
grossing	Finance	79	Domicile365 Residency Tracker	Manchester Financial Group Inc.	2019-06-01	234	4.76	2026-09-26	0.00	1457841505
grossing	Finance	80	Credit Booster AI: Fix & Build	Alexander Katsman	2025-06-19	106	4.68	2026-09-29	0.00	6745273424
grossing	Finance	81	Fundstrat Direct	FS Insight LLC	2023-02-26	836	4.84	2026-09-03	0.00	1667830378
grossing	Finance	82	TradeGPT - Chart AI Analysis	Impulsio	2026-01-30	1199	4.73	2026-10-03	0.00	6758153567
grossing	Finance	83	Savvy Trader	Savvy Trader, Inc.	2022-06-15	623	4.83	2026-10-02	0.00	1622320272
grossing	Finance	84	Option Signals - Live Alerts	ANI Trading Real Time Stocks Options Crypto and Penny Trade Alert & Signal Advisory	2021-09-20	1209	4.26	2026-06-12	0.00	1569731889
grossing	Finance	85	Dividend Tracker - DivTracker	Boldizsar Tompe	2020-05-19	3743	4.63	2026-09-19	0.00	1512637716
grossing	Finance	86	TaxDay	TaxDay LLC	2016-03-20	66	3.83	2026-09-04	0.00	1045026503
grossing	Finance	87	MarketSurge - Stock Research	Investor’s Business Daily, Inc.	2011-07-18	8633	4.71	2026-09-25	0.00	433822602
grossing	Finance	88	Benson AI: Stock Trading	Yunit Inc.	2024-07-07	1465	4.75	2026-09-30	0.00	6470971278
grossing	Finance	89	Finimize: Investing Insights	Finimize Ltd.	2018-05-28	8038	4.8	2026-09-30	0.00	1335577505
grossing	Finance	90	Delta by etoro	Opus Labs CVBA	2017-09-25	11365	4.71	2026-08-24	0.00	1288676542
grossing	Finance	91	Treinta	Treinta, Inc	2025-03-06	596	4.73	2026-09-18	0.00	1644703591
grossing	Finance	92	Cancel Subscriptions & Refund	VUNYO	2024-04-24	825	4.11	2026-06-24	0.00	6479920412
grossing	Finance	93	Bill Tracker Pro	Bill Tracker Pro, Inc.	2015-11-23	5017	4.6	2026-10-02	0.00	1059461492
grossing	Finance	94	FreeMaker - Invoice Maker	Simple Apps s.r.o.	2021-11-06	3784	4.87	2026-09-18	0.00	1593605951
grossing	Finance	95	Nest Payroll	Felicity Inc	2019-08-02	116	4.69	2026-10-03	0.00	1314304473
grossing	Finance	96	Stock Master: Investing Stocks	Apponance, Inc.	2013-03-07	72944	4.64	2026-09-20	0.00	591644846
grossing	Finance	97	Cresla AI	CRESLA AI INC	2026-05-07	5	4.4	2026-07-25	0.00	6762935013
grossing	Finance	98	Danelfin: AI Stock Analysis	Danelfin Technologies SL	2026-07-30	11	4.91	2026-09-23	0.00	6764397704
grossing	Finance	99	Hammer Elite	Hammer Media LLC	2026-06-01	41	3.44	2026-09-08	0.00	6763444186
grossing	Finance	100	Stocks Tracker:Real-time stock	Dajax LLC	2012-04-11	54972	4.54	2026-09-25	0.00	517166254
grossing	Entertainment	1	TikTok - Videos, Shop & LIVE	TikTok Ltd.	2014-04-02	18378815	4.72	2026-09-22	0.00	835599320
grossing	Entertainment	2	Peacock TV: Stream TV & Movies	Peacock TV LLC	2020-07-14	3702847	4.66	2026-10-01	0.00	1508186374
grossing	Entertainment	3	Paramount+	CBS Interactive	2013-03-14	925317	4.63	2026-09-21	0.00	530168168
grossing	Entertainment	4	Crunchyroll	Crunchyroll, LLC	2009-12-20	1503823	4.76	2026-10-01	0.00	329913454
grossing	Entertainment	5	HBO Max: Stream Movies & TV	WarnerMedia Global Digital Services, LLC	2023-05-22	5746693	4.87	2026-09-21	0.00	1666653815
grossing	Entertainment	6	Disney+	Disney	2019-11-11	1976451	4.59	2026-10-01	0.00	1446075923
grossing	Entertainment	7	Amazon Prime Video	AMZN Mobile LLC	2012-07-31	3063186	4.76	2026-09-29	0.00	545519333
grossing	Entertainment	8	Hulu: Stream TV shows & movies	Hulu, LLC	2010-06-29	1429747	4.57	2026-09-17	0.00	376510438
grossing	Entertainment	9	DramaBox - Stream Drama Shorts	STORYMATRIX PTE. LTD.	2023-04-18	868011	4.75	2026-10-02	0.00	6445905219
grossing	Entertainment	10	ShortMax - Short Dramas & TV	SHORTTV LIMITED	2023-09-11	177031	4.61	2026-09-21	0.00	6464002625
grossing	Entertainment	11	NetShort - Popular Dramas & TV	NETSTORY PTE. LTD.	2024-07-12	215533	4.74	2026-09-26	0.00	6504849169
grossing	Entertainment	12	ReelShort - Stream Drama & TV	NewLeaf Publishing	2022-08-24	504684	4.69	2026-09-28	0.00	1636235979
grossing	Entertainment	13	The Zeus Network	The Zeus Networks	2018-07-30	164626	4.77	2026-09-09	0.00	1399446592
grossing	Entertainment	14	ViX: TV, Sports and News	Univision Communications Inc.	2021-02-28	133665	4.62	2026-10-02	0.00	1531467766
grossing	Entertainment	15	STARZ	Starz Entertainment, LLC	2012-10-01	331704	4.81	2026-08-27	0.00	550221096
grossing	Entertainment	16	DramaWave - Dramas & Reels	SKYWORK AI PTE LTD	2024-09-23	180566	4.86	2026-09-28	0.00	6670430706
grossing	Entertainment	17	FOX One: Live News, Sports, TV	Fox Digital Services, LLC	2025-08-20	102315	4.7	2026-09-23	0.00	6746049430
grossing	Entertainment	18	Netflix	Netflix, Inc.	2010-04-01	7377970	4.75	2026-09-28	0.00	363590051
grossing	Entertainment	19	GoodShort - Short Dramas Hub	SINGAPORE NEW READING TECHNOLOGY PTE. LTD.	2023-06-12	527797	4.9	2026-09-29	0.00	6448176203
grossing	Entertainment	20	CHAI: Social AI Platform- Chat	Chai Research Corp.	2021-03-31	285847	4.26	2026-09-28	0.00	1544750895
grossing	Entertainment	21	Angel: Stream TV & Movies	Angel Studios, Inc.	2019-08-03	290807	4.94	2026-09-21	0.00	1473663873
grossing	Entertainment	22	discovery+ | Stream TV Shows	Discovery Communications	2021-01-03	916802	4.87	2026-09-21	0.00	1498327873
grossing	Entertainment	23	WEBTOON: Manga, Comics, Manhwa	NAVER WEBTOON Ltd.	2014-07-12	511774	4.77	2026-09-28	0.00	894546091
grossing	Entertainment	24	Whispy AI: Cozy Chat	NEXBASE TECH PTE. LTD.	2026-06-04	705	4.36	2026-09-22	0.00	6770413766
grossing	Entertainment	25	JoyReels - Enjoy Short Dramas	UREELS PTE.LTD.	2023-09-27	13861	4.53	2026-09-26	0.00	6465895541
grossing	Entertainment	26	StoryReel: Drama Shorts & TV	Equinox Enterprises‌ Technology Limited	2026-04-08	45657	4.75	2026-09-17	0.00	6761538521
grossing	Entertainment	27	Viki: Asian Dramas, Movies, TV	ViKi Inc.	2011-07-15	494465	4.77	2026-09-21	0.00	445553058
grossing	Entertainment	28	AltitudePlus+	AltitudeTV	2024-10-21	3005	4.01	2026-08-31	0.00	6723892938
grossing	Entertainment	29	PolyBuzz: Chat with Characters	CLOUD WHALE INTERACTIVE TECHNOLOGY LLC.	2023-05-23	480260	4.45	2026-09-19	0.00	6449190344
grossing	Entertainment	30	Patreon	Patreon	2015-10-14	578269	4.87	2026-09-28	0.00	1044456188
grossing	Entertainment	31	Popia - AI Stories & Creators	METASTONE PTE. LTD.	2026-01-29	1336	4.43	2026-10-03	0.00	6757948021
grossing	Entertainment	32	Inkitt CandyJar: TV & Shorts	Inkitt	2023-11-07	49338	4.75	2026-09-28	0.00	6466786430
grossing	Entertainment	33	Philo: Shows, Movies & Live TV	Philo	2017-11-14	69427	4.75	2026-09-18	0.00	1248646044
grossing	Entertainment	34	Now Thats TV	Now Thats TV LLC	2022-03-29	8822	4.43	2026-04-23	0.00	1614775330
grossing	Entertainment	35	VibeShort: AI Short Dramas	AGILE QUADRANT MEDIA LIMITED	2026-02-25	45781	4.67	2026-09-28	0.00	6758667154
grossing	Entertainment	36	BritBox: The Best British TV	BritBox, LLC	2017-03-07	18857	4.61	2026-08-12	0.00	1206838907
grossing	Entertainment	37	BlinkDrama - Short Dramas	Atlas Ventures Culture & Technology Limited	2026-05-29	14118	4.82	2026-09-28	0.00	6768593043
grossing	Entertainment	38	MBC Shahid	MBC Group	2016-03-16	22483	3.0	2026-09-25	0.00	879915134
grossing	Entertainment	39	Sling: Live TV, Sports & News	Sling TV, LLC	2015-01-20	250663	4.62	2026-09-30	0.00	945077360
grossing	Entertainment	40	OOC: The Playable Anime	New AI Entertainment Inc.	2026-04-15	6943	4.64	2026-10-01	0.00	6761247061
grossing	Entertainment	41	iDrama – Short Dramas & Reels	HK Good Drama Technology Limited	2025-02-12	19233	4.63	2026-09-30	0.00	6741501595
grossing	Entertainment	42	Quinn - Audio Stories	Quinn Inc	2021-06-13	12275	4.76	2026-10-03	0.00	1565600312
grossing	Entertainment	43	Crushie Al: Chat & Companion	SoulZ AI Inc.	2025-02-11	3186	4.8	2026-08-17	0.00	6741790631
grossing	Entertainment	44	zeta: AI Chat, Story, Play	Scatter Lab, Inc.	2022-05-30	30879	4.65	2026-09-28	0.00	1619030760
grossing	Entertainment	45	FlickReels - AI Story & Drama	FARSUN PTE. LTD.	2024-07-17	105186	4.77	2026-09-17	0.00	6514312894
grossing	Entertainment	46	Enjoy - AI Town	Enjoy Global, Inc.	2024-08-02	76189	4.66	2026-09-27	0.00	6468901311
grossing	Entertainment	47	Heyyyy: Stories that text back	heyyyyAI Inc.	2026-04-10	3210	4.71	2026-09-30	0.00	6761748236
grossing	Entertainment	48	iQIYI - Dramas, Anime, Shows	IQIYI INTERNATIONAL SINGAPORE PTE. LTD.	2019-07-19	59107	4.81	2026-09-30	0.00	1461999674
grossing	Entertainment	49	MoboReels: Short Drama Series	CHANGDU (HK) TECHNOLOGY LIMITED	2023-07-12	40581	4.54	2026-09-24	0.00	6450243852
grossing	Entertainment	50	Character AI: Chat, Talk, Text	Character.AI	2023-05-23	559144	4.28	2026-10-02	0.00	1671705818
grossing	Entertainment	51	HIDIVE	HIDIVE, LLC	2017-11-28	5240	2.05	2026-08-11	0.00	1233367570
grossing	Entertainment	52	My Drama - Stream Short Dramas	Holy Water Limited	2024-05-09	53944	4.68	2026-09-28	0.00	6498713494
grossing	Entertainment	53	status - sims but social media	WishRoll Inc.	2024-10-21	200993	4.63	2026-09-28	0.00	6596771144
grossing	Entertainment	54	AMC+ | TV Shows & Movies	AMC Networks Inc.	2021-08-11	7836	1.83	2026-09-14	0.00	1578728899
grossing	Entertainment	55	DramaBox Lite - Mini Drama TV	STORYMATRIX PTE. LTD.	2026-01-09	7156	4.78	2026-08-20	0.00	6755754589
grossing	Entertainment	56	My Muse: Series & Drama Live	Zereli Limited	2024-11-19	26682	4.5	2026-09-25	0.00	6738098034
grossing	Entertainment	57	Dropout	Connected Ventures, LLC.	2018-12-06	78965	4.97	2026-08-28	0.00	1380833056
grossing	Entertainment	58	Bluey: Let's Play!	Budge Studios	2023-08-13	1104960	4.3	2026-09-28	0.00	1669091583
grossing	Entertainment	59	Hallmark+	Hallmark Labs, LLC	2011-10-18	11957	4.23	2026-09-21	0.00	472567577
grossing	Entertainment	60	MGM+	EPIX Entertainment LLC	2019-02-08	87781	4.84	2026-09-16	0.00	1387514950
grossing	Entertainment	61	StardustTV - Short Drama&Movie	Hongxing Media Co., Limited	2024-07-03	78195	4.72	2026-09-28	0.00	6502377927
grossing	Entertainment	62	D&D Beyond	Wizards of the Coast	2020-07-06	91492	4.75	2026-10-02	0.00	1501810129
grossing	Entertainment	63	Shudder: Horror & Thrillers	AMC Networks Inc.	2015-07-08	15125	4.39	2026-08-17	0.00	919790315
grossing	Entertainment	64	Picolo · Party game	Marmelapp	2015-09-29	44706	4.72	2023-03-07	0.00	1001473964
grossing	Entertainment	65	WePlay - Game and Party	WEJOY PTE. LTD.	2021-08-26	242155	4.6	2026-09-28	0.00	1580330718
grossing	Entertainment	66	TizzChat: Craft Your World	NATUREAITECHNOLOGY PTE. LTD.	2026-06-30	5	2	2026-09-24	0.00	6768571224
grossing	Entertainment	67	Kalos TV-Short Dramas & Reels	Storyverse Co., Limited	2023-09-11	12890	4.54	2026-09-18	0.00	6463394851
grossing	Entertainment	68	TCG Card Scanner & Value-Foloy	Scaling Engine Limited	2026-06-03	2873	4.54	2026-09-23	0.00	6770516012
grossing	Entertainment	69	Pivexa: Stories in Motion	HONG KONG YINLI BOYING NETWORK TECHNOLOGY CO., LIMITED	2026-06-09	6	1	2026-08-28	0.00	6776539837
grossing	Entertainment	70	Globoplay: Novelas, séries e +	GLOBO COM. E PART. S/A	2012-08-27	18519	4.59	2026-09-30	0.00	536321738
grossing	Entertainment	71	WWE SLAM by Topps® Card Trader	The Topps Company, Inc.	2016-07-13	744	4.54	2026-08-20	0.00	1117040791
grossing	Entertainment	72	ShortsWave: Watch Drama Series	HALOFUN PTE. LTD.	2024-03-22	30855	4.73	2026-09-13	0.00	6478104173
grossing	Entertainment	73	WOW Presents Plus	World of Wonder Productions	2017-10-30	9415	4.59	2026-07-22	0.00	1194749500
grossing	Entertainment	74	Star Wars™ Card Trader	The Topps Company, Inc.	2015-03-11	3162	4.29	2026-08-20	0.00	946777364
grossing	Entertainment	75	TikTok Pro - Events	TikTok Ltd.	2026-06-03	65973	4.84	2026-09-22	0.00	6741796873
grossing	Entertainment	76	The Criterion Channel	The Criterion Collection, Inc.	2019-04-07	13577	4.78	2026-09-28	0.00	1454275199
grossing	Entertainment	77	DC UNIVERSE INFINITE	Warner Bros.	2018-09-14	57977	4.68	2026-08-26	0.00	1329018000
grossing	Entertainment	78	Zee 5	Z5X Global FZ-LLC	2013-11-17	24221	4.62	2026-09-29	0.00	743691886
grossing	Entertainment	79	Color by Number：Coloring Games	Wildlife Studios	2017-12-13	1802282	4.74	2026-09-24	0.00	1317978215
grossing	Entertainment	80	Tencent Video	Image Future Investment (HK) Limited	2020-04-22	1090	3.34	2026-09-16	0.00	1492898204
grossing	Entertainment	81	UP Faith & Family	UP Faith & Family	2014-04-23	11108	4.56	2026-09-19	0.00	859991237
grossing	Entertainment	82	Kindroid: Your Personal AI	Beautifully Incorporated	2023-08-02	9074	4.78	2026-08-18	0.00	6451038161
grossing	Entertainment	83	Vigloo - Premier Short Dramas	Spoonlabs, Inc.	2024-06-30	1998	4.75	2026-09-30	0.00	6503421271
grossing	Entertainment	84	Univision Now	Univision Communications Inc.	2015-11-17	3724	2.79	2026-09-11	0.00	1049321283
grossing	Entertainment	85	Gaia: Streaming Consciousness	Gaia	2014-02-27	140627	4.83	2026-09-30	0.00	821068605
grossing	Entertainment	86	Shortical - Stream Dramas & TV	Short Entertainment	2025-07-03	53408	4.72	2026-10-01	0.00	6745260515
grossing	Entertainment	87	Digital Grading Co	Dominic Wood	2022-07-20	2788	4.58	2026-07-03	0.00	1594172751
grossing	Entertainment	88	HotDrama - Dramas & Reels	SKYWORK AI PTE LTD	2026-04-22	1320	4.87	2026-07-10	0.00	6758563145
grossing	Entertainment	89	Anamana: Short-Form Series	ANAMANA PTE. LTD.	2026-06-29	340	4.65	2026-09-28	0.00	6753784864
grossing	Entertainment	90	LoveShots - Dramas & Movies	NEWSTAR FOCUS LIMITED	2023-07-12	6142	4.83	2026-09-21	0.00	6448256175
grossing	Entertainment	91	StoReel - Movies, Dramas & TV	Storeel Us Inc.	2024-06-19	2166	4.78	2026-09-29	0.00	6502895473
grossing	Entertainment	92	MiniDrama: Stream Short Dramas	CHANGDU TECHNOLOGY (USA) CO.,LTD.	2025-05-12	696	4.41	2026-09-25	0.00	6738833494
grossing	Entertainment	93	Drama Pops - Reel Shorts TV	DEEP FLOW SOFTWARE SERVICES	2024-08-22	24176	4.72	2026-09-21	0.00	6503891345
grossing	Entertainment	94	BestReels	bestnovel	2024-11-15	2188	4.17	2025-07-02	0.00	6737598824
grossing	Entertainment	95	Famefy: AI Live Stream & Fans	Wavera Dijital Hizmetler A.S.	2023-06-23	294334	4.65	2026-10-01	0.00	6449603689
grossing	Entertainment	96	MoboDrama - AI Comic Dramas	CHANGDU TECHNOLOGY (USA) CO.,LTD.	2026-03-05	189	4.39	2026-09-24	0.00	6758762494
grossing	Entertainment	97	MoreShort: Stream Drama Shorts	SUNRISEAI PTE. LTD.	2024-07-21	114	3.31	2026-10-02	0.00	6503328539
grossing	Entertainment	98	IF Drama Chat: AI Video	Abovetech Inc.	2026-09-16	83	4.53	2026-09-23	0.00	6797708554
grossing	Entertainment	99	iWantTFC	ABS-CBN Corp	2012-08-09	1300	3.94	2026-09-22	0.00	549386004
grossing	Entertainment	100	WePlay Lite (ويبلاي)	WEJOY PTE. LTD.	2021-12-08	93232	4.33	2026-09-25	0.00	1589399089
grossing	Education	1	Duolingo: Language Lessons	Duolingo	2012-11-13	5486595	4.72	2026-09-28	0.00	570060128
grossing	Education	2	Learna: Speak & Learn English	DEEP FLOW SOFTWARE SERVICES	2024-09-25	422672	4.64	2026-10-01	0.00	6478287397
grossing	Education	3	PictureThis - Plant Identifier	Glority Global Group Ltd.	2017-07-20	1117638	4.8	2026-09-22	0.00	1252497129
grossing	Education	4	ClassDojo	ClassDojo, Inc.	2012-09-10	4092604	4.85	2026-10-02	0.00	552602056
grossing	Education	5	Quizlet: More than Flashcards	Quizlet Inc	2012-08-08	1126223	4.78	2026-09-29	0.00	546473125
grossing	Education	6	Lingokids: Games & Shows	Monkimun Inc	2015-09-10	661640	4.26	2026-09-28	0.00	1002043426
grossing	Education	7	Simply Piano: Learn Piano Fast	Simply Ltd	2015-09-01	854384	4.68	2026-10-01	0.00	1019442026
grossing	Education	8	Babbel - Language Learning	Babbel GmbH	2014-06-11	755166	4.72	2026-10-02	0.00	829587759
grossing	Education	9	Toca Boca World: Game & Play	Toca Boca AB	2018-11-21	890900	4.29	2026-09-22	0.00	1208138685
grossing	Education	10	Pimsleur | Language Learning	Simon & Schuster	2018-08-06	30114	4.74	2026-09-17	0.00	1405735469
grossing	Education	11	Gauth: AI Study Companion	GAUTHTECH PTE. LTD.	2021-03-31	1514502	4.83	2026-09-29	0.00	1542571008
grossing	Education	12	LangLearn: AI English Tutor	AIFLAME TECHNOLOGY PTE. LTD.	2025-04-22	21064	4.58	2026-09-18	0.00	6744358897
grossing	Education	13	Impulse - Brain Training	GMRD Apps Limited	2019-02-19	849961	4.75	2026-09-25	0.00	1451295827
grossing	Education	14	Learn to Read - Reading.com	Teaching.com	2021-12-14	73431	4.7	2026-09-21	0.00	1534938305
grossing	Education	15	Zutobi: Permit & Driving Prep	Zutobi AB	2018-08-03	237770	4.73	2026-09-28	0.00	1394069110
grossing	Education	16	Speak: Language Learning	Speakeasy Labs	2017-12-21	62571	4.83	2026-10-01	0.00	1286609883
grossing	Education	17	DMV Practice Test 2026 myDMV	Kain Suite Pte. Ltd.	2022-06-17	109541	4.62	2026-09-14	0.00	1625234008
grossing	Education	18	Vocabulary - Learn words daily	Monkey Taps	2016-02-19	218984	4.77	2026-09-30	0.00	1084540807
grossing	Education	19	PlantIn: Plant Identifier・Care	Vortemol Limited	2020-08-14	229606	4.56	2026-09-29	0.00	1527399597
grossing	Education	20	Coursera: Grow your career	Coursera	2013-12-10	176568	4.85	2026-09-21	0.00	736535961
grossing	Education	21	Keiki Learning games for Kids	BENIPOL LIMITED	2020-05-17	92576	4.61	2026-09-30	0.00	1508098273
grossing	Education	22	Kiddopia: Kids Learning Games	Kiddopia, Inc.	2017-06-06	157805	4.35	2026-09-28	0.00	1223397201
grossing	Education	23	Lingvano - Learn Sign Language	Lingvano GmbH	2021-03-18	118392	4.88	2026-09-28	0.00	1547252782
grossing	Education	24	Blinkist: Book Summaries Daily	Blinks Labs	2013-11-13	156353	4.77	2026-09-28	0.00	568839295
grossing	Education	25	Epic - Kids' Books & Reading	Epic Creations, Inc.	2013-12-01	519082	4.72	2026-10-02	0.00	719219382
grossing	Education	26	Rock Identifier: Stone ID	Next Vision Limited	2021-01-26	81058	4.65	2026-09-23	0.00	1546796934
grossing	Education	27	HelloTalk - Language Learning	HELLOTALK FOREIGN LANGUAGE EXCHANGE LEARNING TALK CHAT APP	2012-12-15	43932	4.58	2026-09-23	0.00	557130558
grossing	Education	28	MasterClass: Online Classes	MasterClass	2018-04-02	122867	4.87	2026-09-16	0.00	1273867416
grossing	Education	29	Praktika – AI Language Tutor	Praktika.ai Company	2022-05-25	164884	4.75	2026-09-29	0.00	1624701477
grossing	Education	30	Simply Draw: Learn to Draw	Simply Ltd	2022-11-15	789414	4.71	2026-09-28	0.00	1639875485
grossing	Education	31	Solid Starts: Baby First Foods	SolidStarts LLC	2021-05-10	45755	4.91	2026-10-02	0.00	1564189151
grossing	Education	32	Headway - Daily Micro Learning	GTHW App Limited	2019-03-31	117138	4.64	2026-10-01	0.00	1457185832
grossing	Education	33	Ziggy: Learn ASL Sign Language	OneDegree Labs	2026-07-21	3799	4.8	2026-09-30	0.00	6781227577
grossing	Education	34	Elevate - Brain Training Games	The Mind Company	2014-05-21	543638	4.77	2026-09-28	0.00	875063456
grossing	Education	35	Finelo: Master Trading	Finelo Limited	2024-10-08	100740	4.59	2026-09-04	0.00	6670422243
grossing	Education	36	Simply Guitar - Learn Guitar	Simply Ltd	2020-01-26	397419	4.72	2026-09-27	0.00	1476695335
grossing	Education	37	Speech Blubs: Language Therapy	Blub Blub Inc.	2017-06-07	57074	4.62	2026-09-25	0.00	1239522573
grossing	Education	38	BetterSpeak: AI Language Tutor	HUBX	2025-08-08	13947	4.58	2026-09-18	0.00	6740192624
grossing	Education	39	Photomath	Google	2014-10-17	733162	4.77	2026-08-31	0.00	919087726
grossing	Education	40	Gizmo: AI Tutor	Save All	2022-02-17	13835	4.76	2026-10-02	0.00	1610516671
grossing	Education	41	DMV Genie: Permit Test 2026	Elegant eLearning	2012-04-24	183838	4.77	2026-10-01	0.00	513850893
grossing	Education	42	Micro Learning - SmartyMe	ApexTech Ltd	2024-11-09	57150	4.54	2026-09-28	0.00	6736654449
grossing	Education	43	AnkiMobile Flashcards	Anki Software, LLC	2010-05-26	2346	4.04	2025-09-08	24.99	373493387
grossing	Education	44	Solvely - AI Study Tools	Aignite Inc.	2023-04-14	41052	4.77	2026-09-30	0.00	6446930976
grossing	Education	45	Botan: Plant Identifier & Care	Botan App Limited LLC	2021-03-17	6585	4.37	2026-10-01	0.00	1557446434
grossing	Education	46	Question.AI-Math Calculator	3HOUSE	2023-05-30	163115	4.7	2026-09-09	0.00	6449486871
grossing	Education	47	YayTalk: Learn & Speak English	IdeaLabs	2025-04-28	8111	4.75	2026-09-24	0.00	6743074605
grossing	Education	48	Picture Insect: Bug Identifier	Next Vision Limited	2019-05-14	44624	4.65	2026-01-15	0.00	1461694973
grossing	Education	49	Deepstash: Smarter Every Day!	Brainstash, Inc	2019-02-23	75282	4.67	2026-09-30	0.00	1445023295
grossing	Education	50	Pok Pok | Montessori Preschool	Pok Pok	2021-05-19	24635	4.68	2026-09-22	0.00	1550204730
grossing	Education	51	Bebi: Baby Games for Preschool	Bebi Family Games	2019-07-29	40993	4.56	2026-10-02	0.00	1474248135
grossing	Education	52	Coloring Games for Kids 2-6!	KidloLand Kids & Toddler Games	2011-10-22	221781	4.36	2026-08-31	0.00	451719402
grossing	Education	53	PlantLush: Plant ID & Care Pro	Umut Koray Melek	2024-07-04	8113	3.98	2026-06-16	0.00	6505012222
grossing	Education	54	memoryOS: Memory Games	Encoder Inc.	2021-04-11	16502	4.87	2026-10-03	0.00	1553283646
grossing	Education	55	Coconote - AI Note Taker	Quizlet Inc	2024-04-15	17088	4.77	2026-09-28	0.00	6479320349
grossing	Education	56	Socratic AI - Homework Helper	BEFUN AI TECH. PTE. LTD.	2022-02-15	6285	4.75	2026-09-24	0.00	1605965391
grossing	Education	57	Kahoot! Play & Create Quizzes	Kahoot ASA	2016-09-19	47951	4.56	2026-09-29	0.00	1131203560
grossing	Education	58	Plant Identifier: Plantiary	Plantiary	2021-12-03	28301	4.66	2026-08-05	0.00	1596971856
grossing	Education	59	Phomemo	PHOMEMO PTE. LTD.	2019-03-21	6597	4.64	2026-09-16	0.00	1456102145
grossing	Education	60	IQ Boost: Brain Trainer, Games	FlowMind Technology Inc.	2025-11-19	9238	4.51	2026-09-17	0.00	6755378185
grossing	Education	61	Chegg Study - Homework Help	Chegg, Inc.	2010-08-09	204666	4.69	2026-08-29	0.00	385758163
grossing	Education	62	Gibson: Learn to Play Guitar	Zoundio	2018-09-13	12815	4.76	2026-09-14	0.00	1116032929
grossing	Education	63	Toca Boca Jr: Fun Kids Games	Piknik	2014-12-18	59330	4.01	2026-09-01	0.00	943869618
grossing	Education	64	Picture Mushroom: Identifier	Next Vision Limited	2019-08-10	24437	4.72	2025-10-29	0.00	1474578078
grossing	Education	65	SplashLearn: Kids Learning App	StudyPad, Inc.	2013-11-05	32226	4.51	2026-09-29	0.00	672658828
grossing	Education	66	SkillCat: EPA 608 & HVAC	SkillCat Inc	2021-10-12	9986	4.89	2026-06-22	0.00	1588071312
grossing	Education	67	ASL Bloom - Sign Language	SignLab AS	2022-06-30	35742	4.9	2026-09-10	0.00	1631587710
grossing	Education	68	Busuu: Language Learning App	Busuu Limited	2010-09-21	101052	4.71	2026-09-27	0.00	379968583
grossing	Education	69	Hooked on Phonics Learning	Hooked on Phonics	2013-01-02	18136	4.5	2026-09-28	0.00	588868907
grossing	Education	70	Plantum - AI Plant Identifier	AIBY	2019-08-22	119334	4.59	2026-09-02	0.00	1476047194
grossing	Education	71	flowkey – Learn to Play Piano	flowkey GmbH	2015-08-21	65503	4.71	2026-09-18	0.00	1020357408
grossing	Education	72	IQ Masters: Brain Games, Tests	DEEP FLOW SOFTWARE SERVICES	2024-03-12	65147	4.63	2026-09-30	0.00	6475717895
grossing	Education	73	Sago Mini World: Kids Games	Piknik	2014-08-07	66412	4.32	2026-07-22	0.00	874425722
grossing	Education	74	Lumosity: Brain Training Games	Lumos Labs, Inc.	2013-06-19	130323	4.68	2026-10-04	0.00	577232024
grossing	Education	75	IQ Elevate - Brain Training	澳 董	2026-04-02	3002	4.62	2026-05-28	0.00	6761459934
grossing	Education	76	Quiz AI: AI Homework Helper	INTSIG PTE. LTD.	2022-12-30	11155	4.87	2026-09-23	0.00	6444201819
grossing	Education	77	RiseGuide: Self Improvement	CELEB INNOVATIONS LIMITED	2024-10-29	19233	4.6	2026-10-03	0.00	6737224695
grossing	Education	78	Yousician: Learn & Play Guitar	Yousician Ltd	2015-02-26	138579	4.61	2026-09-28	0.00	959883039
grossing	Education	79	Ling – Learn Languages Easily	SIMYA LABS COMPANY LIMITED	2018-12-28	15953	4.64	2026-09-17	0.00	1403783779
grossing	Education	80	Quizard AI: Homework Helper	Quizard AI, Inc.	2023-01-26	58834	4.73	2026-04-14	0.00	1667996582
grossing	Education	81	Kinedu: Baby Development	Kinedu, Inc	2013-11-14	7111	4.57	2026-09-27	0.00	741277284
grossing	Education	82	Gleam: Social Intelligence	C137	2025-05-29	11351	4.75	2026-09-22	0.00	6745815058
grossing	Education	83	Imprint: Visual Micro Learning	Polywise, Inc.	2019-10-26	56630	4.76	2026-10-02	0.00	1482780647
grossing	Education	84	Brilliant: Learn Math & Coding	Brilliant.org	2015-06-18	32800	4.73	2026-09-25	0.00	913335252
grossing	Education	85	HelloChinese - Learn Chinese	HelloChinese Technology Co., Ltd.	2015-06-18	23403	4.87	2026-09-24	0.00	1001507516
grossing	Education	86	ELSA Speak - English Learning	Elsa Corp	2016-03-07	113408	4.75	2026-09-30	0.00	1083804886
grossing	Education	87	Mindvalley: Self Improvement	Mindvalley Inc	2016-05-12	7093	4.77	2026-09-29	0.00	1108786610
grossing	Education	88	BoldVoice: Accent Training	Wellocution Inc.	2021-06-17	53722	4.81	2026-10-01	0.00	1567841142
grossing	Education	89	Align: The Human Design App	38 (Guernsey) Ltd	2021-08-10	1447	4.43	2026-09-18	0.00	1577739358
grossing	Education	90	Mimo: Learn Coding/Programming	Mimo GmbH	2016-08-21	110328	4.85	2026-09-28	0.00	1133960732
grossing	Education	91	Knowt: AI Flashcards & Notes	Knowt Inc.	2023-10-13	10908	4.73	2026-09-27	0.00	6463744184
grossing	Education	92	Course Hero: AI Homework Help	Learneo, Inc.	2014-10-28	65496	4.69	2026-09-16	0.00	922208952
grossing	Education	93	Buddy.ai: Kids Learning Games	MyBuddy.ai	2018-03-26	40670	4.61	2026-09-16	0.00	1255783056
grossing	Education	94	FlyCowboys - Pilot Training	Navero LLC	2025-10-23	101	4.21	2026-09-27	0.00	6752837940
grossing	Education	95	Yuno: Daily Micro Learning	Gaiali GmbH	2021-10-28	14232	4.77	2026-10-01	0.00	1500143611
grossing	Education	96	Birdbuddy: ID & Collect Birds	Buddy Bird Inc	2022-09-28	61868	4.8	2026-09-30	0.00	1622355240
grossing	Education	97	Nibble: Daily Learning & Quiz	Kremital Limited	2022-11-21	46769	4.34	2026-09-11	0.00	6444046612
grossing	Education	98	Brainly: Your Personal Tutor	Brainly sp. z o o	2013-11-28	284200	4.72	2026-09-07	0.00	745089947
grossing	Education	99	Turbo AI - Learn Faster	TurboLearn AI	2024-07-31	33408	4.75	2026-09-09	0.00	6502794561
grossing	Education	100	Plant App: Plant Identifier	SCALEUP YAZILIM HIZMETLERI	2022-04-19	55488	4.7	2026-09-30	0.00	1595795215
grossing	Books	1	Audible: Audiobooks & Podcasts	Audible, Inc.	2010-07-10	5601106	4.85	2026-09-28	0.00	379693831
grossing	Books	2	GoodNovel - Booktok, Stories	SINGAPORE NEW READING TECHNOLOGY PTE. LTD.	2020-04-23	229801	4.53	2026-10-01	0.00	1503128132
grossing	Books	3	Shonen Jump Manga & Comics	VIZ Media, LLC	2013-03-21	260560	4.89	2026-09-08	0.00	594237344
grossing	Books	4	AnyStories-Top Novels & Books	READ ASAP LTD	2020-03-13	32734	4.63	2026-07-21	0.00	1500217654
grossing	Books	5	Everand: Audiobooks & Ebooks	Scribd	2012-08-06	27460	4.28	2026-08-28	0.00	542557212
grossing	Books	6	Scroll The Bible	Gabriel Jacobson	2025-12-17	16107	4.82	2026-09-28	0.00	6756558351
grossing	Books	7	Wattpad - Read & Write Stories	Wattpad Corp	2009-03-08	706067	4.66	2026-10-01	0.00	306310789
grossing	Books	8	Marvel Unlimited	Disney	2013-03-07	62318	4.78	2026-07-15	0.00	607205403
grossing	Books	9	Dreame - Read Best Romance	STARY PTE. LTD.	2018-08-13	170431	4.4	2026-09-04	0.00	1421091911
grossing	Books	10	Manta - Manga, Manhwa, Novels	RIDI Corporation	2020-11-13	27474	4.7	2026-09-30	0.00	1536116642
grossing	Books	11	Wehear - Audiobooks & Stories	STAR READING LIMITED	2021-05-18	39638	4.52	2026-09-11	0.00	1560926379
grossing	Books	12	WebNovel - Read Novels & Manga	Cloudary Holdings Limited	2017-05-15	48097	4.34	2026-09-28	0.00	1234939196
grossing	Books	13	MegaNovel - fiction & webtoon	SINGAPORE NEW READING TECHNOLOGY PTE. LTD.	2022-01-12	11856	4.62	2026-09-11	0.00	1600844711
grossing	Books	14	Y/n	Emittance Inc.	2025-04-22	5318	4.48	2026-09-24	0.00	6744907251
grossing	Books	15	JoyRead-Enjoy Novels & Shorts	UREAD GLOBAL PTE. LTD.	2021-05-25	23306	4.6	2026-08-03	0.00	1551079603
grossing	Books	16	Glimmer: Interactive Fanfics	Glimmer Fics	2025-07-02	5379	4.66	2026-06-19	0.00	6746514946
grossing	Books	17	JoyLit: Novels, Stories	Techdelic Investment Co., Limited	2023-05-16	4976	4.33	2026-09-25	0.00	1495582649
grossing	Books	18	Inkitt Galatea: Audio & eBooks	Inkitt	2018-05-14	297256	4.63	2026-10-01	0.00	1380362212
grossing	Books	19	MoboReader: Top Novels & Books	CHANGDU (HK) TECHNOLOGY LIMITED	2017-10-08	52452	4.25	2026-09-22	0.00	1291247971
grossing	Books	20	Tappytoon Comics & Novels	Contents First	2015-06-25	18531	4.32	2026-09-28	0.00	985615352
grossing	Books	21	Novellair	QVON	2023-05-15	2782	4.23	2026-09-22	0.00	6448085430
grossing	Books	22	Lezhin Comics-Premium Webtoons	Lezhin Entertainment	2013-08-16	2880	2.58	2026-10-01	0.00	664973122
grossing	Books	23	Audiobooks.com: Get audiobooks	Storytel Audiobooks USA LLC	2012-05-18	66002	4.72	2026-09-28	0.00	521227008
grossing	Books	24	BueNovela - leer novela libro	SINGAPORE NEW READING TECHNOLOGY PTE. LTD.	2021-01-15	22768	4.78	2026-09-18	0.00	1547565419
grossing	Books	25	Fable: Track & Discuss Books	Fable	2020-12-01	81171	4.77	2026-10-01	0.00	1488170618
grossing	Books	26	NovelBar	QVON	2023-08-22	2128	4.11	2026-09-22	0.00	6453157225
grossing	Books	27	MyPassion: Read Novels & Books	HW FANTASY LIMITED	2021-06-07	35821	4.51	2026-09-30	0.00	1568149521
grossing	Books	28	WebComics - Webtoon, Manga	WEBCOMICS HOLDINGS	2018-01-22	66823	4.81	2026-09-30	0.00	1337550955
grossing	Books	29	微信读书	Tencent Technology (Shenzhen) Company Limited	2015-08-27	27693	4.83	2026-09-17	0.00	952059546
grossing	Books	30	Janitor: Interactive Stories	JanitorAI	2025-11-29	4367	4.49	2026-09-30	0.00	6692609366
grossing	Books	31	Dipsea: Audio Stories	Dipsea	2018-12-05	7771	4.65	2026-08-25	0.00	1434242889
grossing	Books	32	AlphaNovel - Novels & Stories	Brailion Ventures Limited	2022-01-17	84122	4.69	2026-09-21	0.00	1585933612
grossing	Books	33	MANGA Plus by SHUEISHA	SHUEISHA Inc.	2019-01-27	1991	3.82	2026-09-29	0.00	1442476536
grossing	Books	34	Novel Effect: Read Aloud Books	Novel Effect Inc	2016-09-03	9774	4.89	2026-09-08	0.00	1057374139
grossing	Books	35	NovelFlow-Unlimited Books	RNOVEL PTE. LTD.	2022-06-06	11494	4.67	2026-09-11	0.00	1627205148
grossing	Books	36	Magnificat English Editions	Magnificat, Inc.	2010-04-26	868	4.35	2025-10-14	0.00	363526415
grossing	Books	37	Shelfy: Book Tracker & TBR	Oleksandr Oleksandrovych Murakhovskyi	2025-12-10	1037	4.49	2026-09-28	0.00	6755626127
grossing	Books	38	HealMusic	Aby Abraham	2026-05-19	82	4.66	2026-09-16	0.00	6762613708
grossing	Books	39	Literie	LITERIE PTE. LTD.	2023-07-18	3117	4.15	2026-09-23	0.00	6450409461
grossing	Books	40	My Fiction: Stories & Novels	Crazy Maple Studio, Inc.	2020-08-22	3865	4.27	2026-07-23	0.00	1508942129
grossing	Books	41	StoryPort: Romance & Fantasy	志浩 卓	2026-03-29	189	4.42	2026-10-03	0.00	6760353881
grossing	Books	42	起点读书-看小说听书的阅读神器	起点中文网	2012-08-22	2072	3.8	2026-09-20	0.00	534174796
grossing	Books	43	Okudu AI - Create Stories	Okudu	2025-01-22	398	4.61	2026-09-17	0.00	6502702338
grossing	Books	44	Litres: Books and audiobooks	LitRes OOO	2011-10-14	8800	4.76	2026-09-23	0.00	438441429
grossing	Books	45	VIZ Manga	VIZ Media, LLC	2011-05-02	73513	4.85	2026-09-28	0.00	421486286
grossing	Books	46	Tarteel: AI Quran Memorization	Tarteel Inc.	2018-07-01	10835	4.72	2026-09-18	0.00	1391009396
grossing	Books	47	Tapon - Stories & Novels	SPOTON LIMITED	2022-04-24	16539	4.71	2026-09-22	0.00	1615344447
grossing	Books	48	SlowRead: Book Tracker & TBR	Adrian Martinez Moreno	2026-07-04	606	4.75	2026-10-03	0.00	6763293288
grossing	Books	49	PickNovel - Novels & Stories	HONG KONG RUIPAI TECHNOLOGY LIMITED	2021-04-15	1310	4.35	2026-08-18	0.00	1556961805
grossing	Books	50	Jesus Calling Devotional	HarperCollins Christian Publishing, Inc.	2011-07-11	56696	4.86	2026-05-01	0.00	444553118
grossing	Books	51	NovelMist - Novels & Stories	晓东 王	2026-05-27	5497	4.18	2026-09-23	0.00	6772875404
grossing	Books	52	TapRead - Read Good Story	SevenCat Interactive Technology Limited	2019-05-29	1262	4.48	2026-09-16	0.00	1458083055
grossing	Books	53	K MANGA	Kodansha Ltd.	2023-05-10	2811	4.62	2026-09-10	0.00	1637040002
grossing	Books	54	만화 웹툰 웹소설 도서는 리디	RIDI Corporation	2009-11-15	1122	4.49	2026-09-28	0.00	338813698
grossing	Books	55	Vibe Reads: Novels & AI Reels	Techdelic Investment Co., Limited	2025-04-15	110	4.31	2026-09-17	0.00	6744311637
grossing	Books	56	NovellTale - Novels & Stories	孝敦 田	2025-11-11	964	4.39	2026-09-29	0.00	6754626612
grossing	Books	57	GlobalComix: Comics and Manga	Global Publishing Interactive, Inc	2023-09-07	4646	4.78	2026-09-29	0.00	6444957733
grossing	Books	58	NovelHit - Read Romance Story	BlinkPlay Network Limited	2025-09-21	894	4.69	2026-09-24	0.00	6749604640
grossing	Books	59	Manobook: My Good Story Reader	CHANGDU (HK) TECHNOLOGY LIMITED	2018-11-21	36710	4.58	2026-09-20	0.00	1436687796
grossing	Books	60	Bible Word Study	Gabriel Jacobson	2025-07-24	2119	4.79	2026-08-22	0.00	6747986444
grossing	Books	61	喜马拉雅FM（听书社区）电台有声小说相声评书	Xi Da (Shanghai) Network Technology Co., Ltd.	2015-03-21	25606	4.79	2026-09-18	0.00	876336838
grossing	Books	62	WeRead: Popular Books & Novels	ChangYi Co.,Ltd	2020-09-25	1489	4.18	2026-08-18	0.00	1524592877
grossing	Books	63	Moshi Kids: Sleep, Relax, Play	Mind Candy Ltd	2017-11-24	70233	4.73	2026-08-17	0.00	1306719339
grossing	Books	64	Bookly: Book Tracker	TwoDoor Games	2016-12-06	61692	4.61	2026-10-03	0.00	1085047737
grossing	Books	65	NovelOasis-Read Without Limits	Q-VON PTE. LTD.	2022-11-17	1493	4.4	2026-09-18	0.00	6443462029
grossing	Books	66	Novelaria - Read Book, Booktok	窕翔 刘	2024-09-27	9587	4.87	2026-09-20	0.00	6587560745
grossing	Books	67	PeakNovel-Stories & Books	华超 李	2024-04-30	397	4.62	2026-09-21	0.00	6498877096
grossing	Books	68	Storytel - Audiobooks Library	Storytel Sweden AB	2011-01-02	11142	4.73	2026-09-29	0.00	348177651
grossing	Books	69	밀리의서재	kt millie seojae Co.,Ltd	2017-03-16	1413	4.5	2026-10-01	0.00	1213788923
grossing	Books	70	Meb : หนังสือดี นิยายดัง	MEB Corporation Public Company Limited	2011-11-04	1433	4.89	2026-10-01	0.00	453213960
grossing	Books	71	Sagaland - Interactive Fiction	Sevn AI Inc.	2025-07-22	981	4.64	2026-06-17	0.00	6748543926
grossing	Books	72	Kifflire:Fantasy Novel Stories	CHANGDU (HK) TECHNOLOGY LIMITED	2020-06-08	2001	4.06	2026-09-24	0.00	1503290173
grossing	Books	73	SERIES - 네이버 시리즈	NAVER WEBTOON Ltd.	2011-10-25	1988	4.53	2026-09-16	0.00	433592412
grossing	Books	74	LeReader- Navigate New Tales	Q-VON TECHNOLOGY CO., LIMITED	2021-07-08	558	4.1	2026-09-18	0.00	1564066347
grossing	Books	75	Lera: Livros Story & Audiobook	CHANGDU (HK) TECHNOLOGY LIMITED	2020-05-02	2095	4.32	2026-09-23	0.00	1501665743
grossing	Books	76	AudioBooks Unlimited to Kindle	Nguyen Hong Phuc	2025-08-27	533	4.49	2026-09-24	0.00	6751460204
grossing	Books	77	Storify - Read Books & Novels	晓霞 吴	2025-12-31	673	4.71	2026-09-11	0.00	6756460808
grossing	Books	78	NovelSpark - Read Good Stories	Zongheng Culture Limited	2025-11-11	60	4.07	2026-08-14	0.00	6754365181
grossing	Books	79	Manga UP!	SQUARE ENIX	2022-07-21	2537	4.5	2026-09-09	0.00	1623721894
grossing	Books	80	Funovel – Reading Good Books	倩 李	2025-12-28	1955	4.75	2026-09-24	0.00	6755107081
grossing	Books	81	ReadNow: Novels & Stories	CHANGDU TECHNOLOGY (USA) CO.,LTD.	2019-08-07	2839	4.21	2026-10-01	0.00	1471258643
grossing	Books	82	Novelmates-Best Stories&Novels	HK IReader Technology Limited	2023-03-30	4454	4.09	2026-09-29	0.00	6446470442
grossing	Books	83	BookWatch - Visual Learning	Morfosis	2022-12-18	13508	4.68	2026-09-10	0.00	1660054787
grossing	Books	84	Tempt: Romance Audiobooks	Womanly Corp	2022-04-16	1649	4.78	2026-09-15	0.00	1615542845
grossing	Books	85	RedChapters	HM Games LLC FZ	2026-05-01	4261	4.67	2026-10-03	0.00	6763258930
grossing	Books	86	Yestory - Read Books & Booktok	Yestory Mobile Development Limited.	2022-10-26	11015	4.89	2026-09-22	0.00	6443988199
grossing	Books	87	Wuxiaworld - Online Novels	Wuxiaworld	2020-04-03	279	3.91	2026-10-03	0.00	1503356244
grossing	Books	88	motonovel	Tromo Electronics LLC	2025-04-22	145	1.24	2026-09-23	0.00	6744429534
grossing	Books	89	Hinovel - Read Stories	HONG KONG RiMing TECHNOLOGY LIMITED	2020-01-02	1646	3.92	2026-04-20	0.00	1492422313
grossing	Books	90	Himalaya:Audiobooks & Podcasts	Himalaya Media Inc.	2017-09-19	15213	4.66	2026-08-04	0.00	1275493456
grossing	Books	91	Litrad: Booktok, Reading Books	CHANGDU (HK) TECHNOLOGY LIMITED	2022-09-05	1402	4.33	2026-10-03	0.00	1554794636
grossing	Books	92	Moonstories- Werewolf stories	HK IReader Technology Limited	2023-07-04	1035	4.66	2026-09-25	0.00	6446772145
grossing	Books	93	Magfic-Booktok, Reading Books	Buu mobile limited	2022-05-16	16779	4.89	2026-09-07	0.00	1621027852
grossing	Books	94	Manga Reader Infinity	Manga Darya	2023-11-12	7622	4.4	2026-09-07	0.00	6465748012
grossing	Books	95	Vooks: Read-Aloud Kids' Books	Vooks Inc	2018-10-23	9818	4.55	2026-09-27	0.00	1435813450
grossing	Books	96	Freewave: Romance Audiobooks	Womanly Corp	2025-04-10	588	4.83	2026-09-24	0.00	6743933151
grossing	Books	97	BestNovel: Read Romance Novels	Weread	2022-06-22	1946	3.3	2026-08-25	0.00	1628300409
grossing	Books	98	MyBook: books and audiobooks	Zhivaya Biblioteka OOO	2013-01-05	3790	4.75	2026-04-22	0.00	556540446
grossing	Books	99	StoryGraph: Reading Tracker	The StoryGraph	2021-06-22	3582	4.48	2026-03-15	0.00	1570489264
grossing	Books	100	Litres: Audio	LitRes OOO	2012-09-19	2702	4.74	2026-10-01	0.00	529094166
grossing	Medical	1	Huckleberry: Baby Tracker	Huckleberry Labs Inc.	2017-07-04	74321	4.92	2026-09-30	0.00	1169136078
grossing	Medical	2	epocrates: Drug Info & Pill ID	Epocrates	2019-02-12	7213	4.43	2026-09-24	0.00	281935788
grossing	Medical	3	Pregnancy + | Tracker App	Philips Digital UK Limited	2012-04-05	76443	4.85	2026-08-10	0.00	505864483
grossing	Medical	4	SnoreLab : Record Your Snoring	Reviva Softworks Ltd	2012-10-25	57417	4.71	2026-09-22	0.00	529443604
grossing	Medical	5	Eko: Digital Stethoscope + ECG	Eko Health, Inc.	2015-09-02	11032	4.85	2026-07-23	0.00	1026457544
grossing	Medical	6	Nara Baby & Pregnancy Tracker	Nara	2019-02-04	24028	4.9	2026-09-25	0.00	1444639029
grossing	Medical	7	Sanford Guide Antimicrobial	Antimicrobial Therapy, Inc.	2014-08-28	1879	4.78	2026-09-14	0.00	863196620
grossing	Medical	8	PCOS Pal	Slayyy, Inc.	2024-01-28	2576	4.66	2026-09-15	0.00	6474100020
grossing	Medical	9	Davis's Drug Guide - Nurses	Unbound Medicine, Inc.	2009-02-05	9236	4.85	2026-09-02	0.00	301427093
grossing	Medical	10	PMcardio for Individuals	Powerful Medical	2023-11-11	326	4.52	2026-09-23	0.00	1640037895
grossing	Medical	11	Blood Pressure Tracker SmartBP	Evolve Medical Systems, LLC	2012-06-28	60321	4.5	2026-09-22	0.00	519076558
grossing	Medical	12	NYSORA Nerve Blocks	NYSORA inc.	2014-09-06	1054	4.87	2026-10-01	0.00	912563749
grossing	Medical	13	WeMoms - Pregnancy & Baby App	Globalia	2014-11-13	27122	4.79	2026-10-02	0.00	938845147
grossing	Medical	14	VisualDx	Logical Images	2010-01-20	186	4.4	2026-09-29	0.00	348177521
grossing	Medical	15	Full Code Medical Simulation	Full Code Medical Inc.	2017-07-26	6498	4.77	2026-07-09	0.00	1207424206
grossing	Medical	16	Complete Anatomy for iPhone	3D4Medical from Elsevier	2017-12-16	3664	4.53	2026-08-27	0.00	1309253074
grossing	Medical	17	Davis Drug Guide For Nurses	Atmosphere Apps, Inc.	2011-07-08	8780	4.81	2026-08-26	0.00	444811704
grossing	Medical	18	UpToDate Lexidrug	Lexi-Comp	2009-06-22	5627	4.74	2026-07-22	0.00	313401238
grossing	Medical	19	Migraine Buddy: Track Headache	Voluntis	2015-03-27	41924	4.8	2026-09-18	0.00	975074413
grossing	Medical	20	Prepry - ARDMS & CCI Exam Prep	Imago AI LLC	2020-02-03	3801	4.83	2026-09-18	0.00	1481825715
grossing	Medical	21	Body Temperature App For Fever	AboutMe Apps, Inc.	2020-06-07	22273	4.74	2026-09-16	0.00	1516844582
grossing	Medical	22	Contraction Timer & Counter 9m	Aleksei Neiman	2014-07-19	68972	4.79	2026-07-10	0.00	877303791
grossing	Medical	23	Baby Connect: Newborn Tracker	Seacloud Software LLC	2009-09-14	13982	4.79	2026-10-03	0.00	326574411
grossing	Medical	24	Finger Blood Pressure: BP Mate	军 刘	2025-09-09	4500	4.44	2026-09-20	0.00	6739974263
grossing	Medical	25	AMBOSS Medical Knowledge	AMBOSS	2017-02-23	13841	4.91	2026-09-07	0.00	1169487026
grossing	Medical	26	EpiWatch - Seizure Monitor	EpiWatch, Inc.	2025-09-24	133	4.17	2026-09-25	0.00	6751776471
grossing	Medical	27	Freed: AI Medical Scribe	Freed Inc	2023-05-29	514	4.77	2026-09-30	0.00	6449428266
grossing	Medical	28	Blood Oxygen App	AboutMe Apps, Inc.	2020-12-03	31298	4.59	2026-10-02	0.00	1541992656
grossing	Medical	29	Glucose | Blood Sugar Tracker	App Sub 1 LLC	2016-07-18	28352	4.57	2026-09-21	0.00	1135157609
grossing	Medical	30	Christian Hypnobirthing	Gather Pty Ltd	2018-03-30	1830	4.92	2026-02-11	0.00	1362809276
grossing	Medical	31	MediSearch AI	MediSearch	2023-12-12	213	4.7	2026-10-02	0.00	6473300940
grossing	Medical	32	Kidney Pal: Renal Diet Tracker	Prestige Worldwide Apps LLC	2020-07-15	1681	4.6	2026-10-02	0.00	1523371555
grossing	Medical	33	5 Minute Clinical Consult	Unbound Medicine, Inc.	2009-03-26	3126	4.81	2026-09-02	0.00	301865751
grossing	Medical	34	BACtrack View	KHN Solutions Inc	2019-01-16	646	4.35	2026-08-27	0.00	1440817501
grossing	Medical	35	ECG+ | Your Watch ECG Reader	Heartworks Pty Ltd	2021-05-21	2492	4.46	2026-09-01	0.00	1567047859
grossing	Medical	36	Johns Hopkins Antibiotic Guide	Unbound Medicine, Inc.	2011-04-11	3800	4.86	2026-09-02	0.00	429504851
grossing	Medical	37	Glow Baby Tracker & Growth App	Glow	2016-02-24	23459	4.67	2025-11-05	0.00	1077177456
grossing	Medical	38	Anatomy 3D Atlas	Catfish Animation Studio	2015-09-15	2649	4.49	2026-09-23	0.00	1034069206
grossing	Medical	39	T65 Locator	T65 Locator	2021-08-08	660	4.48	2026-08-17	0.00	1568472394
grossing	Medical	40	Easy Anatomy 3D with Voice AI	EASY ANATOMY - FZCO	2016-07-07	2048	4.75	2026-10-03	0.00	1130351296
grossing	Medical	41	Chartnote: AI Medical Scribe	StatNote Inc	2022-01-16	580	4.84	2026-09-16	0.00	1589970506
grossing	Medical	42	PillEye – tablet, pill counter	Medility Inc.	2020-12-22	224	2.94	2026-08-18	0.00	1537039316
grossing	Medical	43	hearingOS - Hearing Aid App	hearingOS GmbH	2016-10-10	2385	4.12	2026-05-10	0.00	1150934267
grossing	Medical	44	Vetpocket	Vetpocket LLC	2018-08-08	30	3.93	2026-05-06	0.00	1294121496
grossing	Medical	45	Clarity: CBT Self Help Journal	Inquiry Health LLC	2015-07-07	29392	4.84	2026-09-13	0.00	1010391170
grossing	Medical	46	MobilEM	Emergency Medicine Residents' Association	2019-10-21	39	3.59	2026-01-09	0.00	1474834329
grossing	Medical	47	MSK Sono: Ultrasound Guide	The Bold Apps	2026-06-09	5	5	2026-10-02	0.00	6765696708
grossing	Medical	48	Monash FODMAP Diet	Monash University	2012-12-17	2576	4.21	2026-03-12	7.99	586149216
grossing	Medical	49	EndeavorOTC®: Outplay ADHD	Akili Interactive Labs, Inc.	2023-06-06	1654	3.95	2026-02-25	0.00	6447322997
grossing	Medical	50	Diabetes Tracker by MyNetDiary	MyNetDiary Inc.	2012-07-17	6031	4.73	2026-10-02	0.00	541478695
grossing	Medical	51	AHA ACLS	Massachusetts General Hospital	2020-08-28	324	4.94	2026-09-10	0.00	1506944443
grossing	Medical	52	Vetcalculators	LifeLearn USA	2018-07-25	615	4.73	2026-08-07	0.00	1403466061
grossing	Medical	53	Medisafe Medication Management	MediSafe Inc.	2012-11-08	101415	4.71	2026-09-10	0.00	573916946
grossing	Medical	54	Anatomy Learning - 3D Atlas	3DMedical OU	2021-11-09	1346	4.7	2026-09-06	0.00	1593953398
grossing	Medical	55	AI Skin Scanner - SkinGuru	Conlan Limited	2024-01-15	746	4.0	2026-07-15	0.00	6474288157
grossing	Medical	56	NYSORA Anesthesia Assistant	NYSORA inc.	2025-01-20	70	4.66	2026-09-14	0.00	6737912287
grossing	Medical	57	FP Notebook	Atmosphere Apps, Inc.	2014-06-11	3333	4.85	2026-04-22	0.00	835973313
grossing	Medical	58	Prego: Pregnancy Baby Tracker	Zeeshan Aamir	2026-06-04	17	4.71	2026-10-02	0.00	6772696579
grossing	Medical	59	Rash ID: Skin Rash Identifier	Appsmiths LLC	2020-03-13	244	4.64	2026-02-28	0.00	1488063716
grossing	Medical	60	Baby Tracker & Newborn Log	Med ART Studios	2012-12-13	31512	4.78	2026-10-02	0.00	551448817
grossing	Medical	61	Baby Tracker - Newborn Log	Nighp Software LLC	2014-03-12	227326	4.8	2026-10-02	0.00	779656557
grossing	Medical	62	Cubtale: Pregnancy & Baby	Cubtale	2021-01-21	7360	4.85	2026-09-27	0.00	1541460870
grossing	Medical	63	Essential Anatomy 5	3D4Medical from Elsevier	2013-02-14	20608	4.84	2022-01-22	19.99	596684220
grossing	Medical	64	Vargo Anesthesia Mega App	Vargo Anesthesia Inc	2014-01-08	177	4.71	2026-09-20	99.99	791467318
grossing	Medical	65	Conveyor AI - EMR Dictation	Mobius Connective Technologies, Ltd.	2021-01-15	114	4.62	2026-05-26	0.00	1528999268
grossing	Medical	66	Recovery Record for Clinicians	Recovery Record	2013-09-10	719	4.92	2026-09-29	0.00	657266479
grossing	Medical	67	mySugr - Diabetes Tracker Log	mySugr GmbH	2013-06-03	33154	4.68	2026-09-23	0.00	516509211
grossing	Medical	68	Hearing Aid Pro 3 for AirPods	Sule Demir	2025-05-14	2107	4.39	2026-04-02	0.00	6745426986
grossing	Medical	69	My Baby Heart Sounds App	AESTHETIC WIDGETS LTD	2021-05-26	4533	4.34	2025-10-16	0.00	1559796143
grossing	Medical	70	TeachMe Anatomy: 3D Human Body	TeachMeSeries Limited	2015-11-07	2637	4.8	2026-09-21	0.00	1047116087
grossing	Medical	71	Nursing Central	Unbound Medicine, Inc.	2009-01-05	10470	4.85	2026-09-02	0.00	300420397
grossing	Medical	72	Noxogy : Sleep Tracker Sounds	Apirox, s.r.o.	2015-05-13	13219	4.51	2026-09-04	0.00	968720724
grossing	Medical	73	iPacemaker Device	IPACEMAKER S.R.L.	2016-06-25	366	4.66	2026-10-01	0.00	1126088055
grossing	Medical	74	Pregnancy Tracker・App by Moms	Wachanga LTD	2017-03-19	14099	4.74	2026-10-02	0.00	1144871267
grossing	Medical	75	Blood Pressure Tracker •	App Sub 1 LLC	2017-10-15	15120	4.66	2026-03-02	0.00	1296471956
grossing	Medical	76	Visible Body Suite	Visible Body Apps	2022-03-07	4461	4.83	2026-07-13	0.00	1594705297
grossing	Medical	77	Swaddle - Baby Translator	SaaS Studio LLC	2026-07-14	11	4.18	2026-09-24	0.00	6777380052
grossing	Medical	78	amma: Pregnancy & Baby Tracker	PERIOD TRACKER & PREGNANCY AND BABY CALENDAR LIMITED	2015-05-31	10133	4.7	2026-10-01	0.00	990178211
grossing	Medical	79	Sweet Dreams – Sugar Tracker	Marwan Elwaraki	2023-04-13	642	4.62	2026-07-31	0.00	1644428422
grossing	Medical	80	Moments for Therapists	Moments Journal, Inc.	2024-05-29	210	4.77	2026-09-28	0.00	6499332989
grossing	Medical	81	Deaf Transcribe:Speech to Text	YOUDAO EDUCATION TECHNOLOGY (HONG KONG) LIMITED	2023-09-14	481	4.5	2025-09-05	0.00	6463851667
grossing	Medical	82	Pump Log® - Track Breast Milk	Stefanik Software LLC	2014-02-17	5831	4.88	2026-09-18	0.00	814112299
grossing	Medical	83	Pregnancy Tracker App - Sprout	Med ART Studios	2011-06-23	24349	4.75	2026-10-02	0.00	441977097
grossing	Medical	84	NCLEX 2026 Simple Exam Prep	ExamReady	2025-02-28	1518	4.77	2026-09-30	0.00	6742110991
grossing	Medical	85	Preggers | Pregnancy tracker	Stroller AB	2022-02-10	1978	4.93	2026-08-24	0.00	1363479578
grossing	Medical	86	Commure Ambient - ScribeMobile	Athelas Inc.	2024-01-29	42	4.67	2026-10-01	0.00	6449020492
grossing	Medical	87	Human Anatomy Atlas 2027	Visible Body Apps	2016-07-27	20787	4.85	2026-09-08	24.99	1117998129
grossing	Medical	88	Official ATI TEAS 7 Prep 2026	INAPPLAB OU	2024-11-10	631	4.8	2026-09-05	0.00	6737777997
grossing	Medical	89	Pill Identifier: AI Pill ID ®	Tilak Shakya	2025-12-03	313	4.35	2026-09-15	0.00	6755951794
grossing	Medical	90	Lecturio Medical Education	Lecturio GmbH	2016-01-18	4275	4.8	2026-09-30	0.00	1067957933
grossing	Medical	91	IMAIOS e-Anatomy	IMAIOS	2009-12-04	1433	4.86	2026-09-03	0.00	334876403
grossing	Medical	92	DSM-5-TR® Diagnosis Handbook	Unbound Medicine, Inc.	2015-08-18	1559	4.57	2026-09-14	0.00	1008319988
grossing	Medical	93	PhotoDoc	Wiseminer	2021-09-03	59	4.86	2026-03-04	0.00	1509682627
grossing	Medical	94	Skriber - AI Medical Scriber	Skriber	2025-02-05	79	4.76	2026-10-01	0.00	6578454728
grossing	Medical	95	Contraction Timer ＆ Tracker	Going Merry LLC	2014-11-04	50031	4.63	2026-09-29	0.00	933501579
grossing	Medical	96	Eko Vet+	Eko Health, Inc.	2026-04-28	14	4.71	2026-09-05	0.00	6743011008
grossing	Medical	97	Critical Med: ICU & ACLS Prep	The Barringer Group, LLC	2012-02-28	1148	4.81	2026-09-17	29.99	504065732
grossing	Medical	98	Osmosis - Nursing Exam Prep	Knowledge Diffusion	2022-05-03	877	4.88	2026-08-31	0.00	1618951054
grossing	Medical	99	HEARING AID APP | Live listen	Hearing Aid App Solutions LLC	2014-02-15	2092	4.15	2026-09-25	0.00	816133779
grossing	Medical	100	TrayMinder: Aligner Timer	TrayMinder LLC	2017-12-12	5241	4.75	2026-10-04	0.00	1320684802
grossing	Food & Drink	1	ReciMe: Recipes & Meal Planner	ReciMe Pty Ltd	2021-11-12	304062	4.79	2026-10-01	0.00	1593779280
grossing	Food & Drink	2	NYT Cooking: Quick Tasty Meals	The New York Times Company	2014-09-17	547182	4.91	2026-09-22	0.00	911422904
grossing	Food & Drink	3	mise - meal planner	TEGS LABS LTD	2026-06-10	2926	4.7	2026-10-01	0.00	6777471316
grossing	Food & Drink	4	Localize - Farmers Market	OnePace LLC	2025-12-29	17050	4.82	2026-09-21	0.00	6756440767
grossing	Food & Drink	5	TapCook: Budget Meal Plans	TestMaxx	2026-07-17	2397	4.72	2026-10-03	0.00	6769601354
grossing	Food & Drink	6	Vivino: Drink The Right Wine	Vivino ApS	2011-01-17	138104	4.84	2026-09-28	0.00	414461255
grossing	Food & Drink	7	Potto - meal planner	Anete Ziedina	2026-06-12	2125	4.67	2026-09-24	0.00	6778760884
grossing	Food & Drink	8	Osta: Save & Share Recipes	GENERAL DIGITAL CONNOISSEURS LTD.	2025-04-08	6771	4.76	2026-09-24	0.00	6739286231
grossing	Food & Drink	9	Gronda: Recipes for Chefs	Gronda GmbH	2016-11-04	7549	4.81	2026-10-02	0.00	1164423781
grossing	Food & Drink	10	America's Test Kitchen	America's Test Kitchen LP	2018-05-16	17946	4.92	2026-09-28	0.00	1365223384
grossing	Food & Drink	11	ResX	ResX	2023-04-08	698	4.78	2026-08-24	0.00	6444920738
grossing	Food & Drink	12	TREAT: Play & impact REAL dogs	Treat App	2022-06-15	67953	4.88	2026-08-26	0.00	1591591442
grossing	Food & Drink	13	CellarTracker: #1 Wine Tracker	CellarTracker	2024-04-15	13093	4.9	2026-09-28	0.00	6446102275
grossing	Food & Drink	14	MealPrepPro Planner & Recipes	Nibble Apps Ltd	2017-08-02	12060	4.66	2026-10-01	0.00	1249805978
grossing	Food & Drink	15	eMeals - Healthy Meal Plans	eMeals, Inc.	2013-04-16	52667	4.61	2026-09-03	0.00	575756462
grossing	Food & Drink	16	Mob: Meal Planner and Recipes	Mouth Group Limited	2024-09-06	567	4.24	2026-10-01	0.00	6670216494
grossing	Food & Drink	17	MyRecipes	People Inc. Group	2026-08-27	147	4.06	2026-10-03	0.00	6755009073
grossing	Food & Drink	18	Epicurious	Advance Magazine Publishers Inc.	2009-04-24	99293	4.73	2026-08-26	0.00	312101965
grossing	Food & Drink	19	Seed Oil Scout: Healthy Dining	Seed Oil Scout	2022-08-12	28236	4.81	2026-10-02	0.00	1627514527
grossing	Food & Drink	20	CookShelf: Search Cookbooks	CookShelf Inc	2025-08-07	707	4.63	2026-09-25	0.00	6743496454
grossing	Food & Drink	21	InVintory: Wine Cellar Manager	InVintory Wines Incorporated	2020-03-03	4822	4.76	2026-09-27	0.00	1434754695
grossing	Food & Drink	22	Recipe Keeper	Tudorspan Limited	2015-04-02	30696	4.84	2026-04-09	0.00	974683711
grossing	Food & Drink	23	Wine-Searcher	Wine-Searcher Ltd	2013-03-25	17132	4.81	2026-09-28	0.00	599836194
grossing	Food & Drink	24	RecipeBox - Save Your Recipes!	RecipeBox, LLC	2018-11-12	13973	4.68	2026-08-07	0.00	1433840494
grossing	Food & Drink	25	Oeni: #1 Wine Cellar Manager	Oeni	2023-05-09	891	4.7	2026-09-28	0.00	6445827140
grossing	Food & Drink	26	Pepper - Recipe Organizer	Pepper App Inc.	2021-09-04	10368	4.78	2026-09-18	0.00	1583947369
grossing	Food & Drink	27	Thermomix® Cookidoo® App	Vorwerk, LLC	2019-07-11	36267	4.89	2026-09-17	0.00	1470401164
grossing	Food & Drink	28	Your Secret Menu for Starbucks	Anthem Ventures LLC	2021-02-13	15561	4.74	2026-08-17	0.00	1553130679
grossing	Food & Drink	29	OnlyDrams	OnlyDrams, LLC	2023-12-08	10396	4.86	2026-06-08	0.00	6446233656
grossing	Food & Drink	30	WineRatings+ by Wine Spectator	M. Shanken Communications, Inc.	2010-07-23	1034	4.65	2026-06-25	0.00	381341648
grossing	Food & Drink	31	Plan to Eat	Plan To Eat, LLC	2017-07-19	6106	4.84	2026-09-22	0.00	1215348056
grossing	Food & Drink	32	Delish: Original Fun Recipes	Hearst Communications, Inc.	2025-11-10	290	2.93	2026-09-07	0.00	6747781542
grossing	Food & Drink	33	Cooklist: Pantry Meals Recipes	Cooklist, Inc	2018-07-02	11329	4.73	2026-06-29	0.00	1352600944
grossing	Food & Drink	34	Paprika Recipe Manager 3	Hindsight Labs LLC	2017-11-15	53948	4.9	2026-07-16	4.99	1303222868
grossing	Food & Drink	35	Deglaze: Cooking, Simplified	Deglazed LLC	2023-09-07	3934	4.87	2026-09-18	0.00	6443578246
grossing	Food & Drink	36	Sanity - Eat at Clean Places	Sanity LLC	2026-04-17	3	2.33	2026-09-26	0.00	6761698711
grossing	Food & Drink	37	NeatEat - Meal Planner	Streamline Merch LLC	2026-07-17	764	4.87	2026-09-11	0.00	6783742855
grossing	Food & Drink	38	Anova Culinary	Anova Culinary	2015-02-04	25593	4.4	2026-09-26	0.00	959638683
grossing	Food & Drink	39	Stashcook: Recipe Keeper	Stashbox Ltd	2020-07-07	1794	4.7	2026-09-01	0.00	1518078585
grossing	Food & Drink	40	Inspo - Recipes & Meal Planner	Pinecone Labs LLC	2024-10-14	816	4.75	2026-06-11	0.00	6736347122
grossing	Food & Drink	41	Eatr: Tasty Cooking Recipes	Eatr	2024-04-01	11199	4.58	2026-09-25	0.00	6479693198
grossing	Food & Drink	42	RecipeLab - Healthy Recipes	NickKaz Fit LLC	2026-07-15	14	3.57	2026-09-30	0.00	6766358272
grossing	Food & Drink	43	Loaflo: Sourdough Starter	No Worries! Lifestyle, LLC	2024-10-23	527	4.68	2026-09-07	0.00	6736766728
grossing	Food & Drink	44	Pick Up Limes	Pick Up Limes B.V.	2023-06-01	1138	4.92	2026-09-09	0.00	1618589011
grossing	Food & Drink	45	Honeydew: Recipe & Cookbook AI	Red Honey LLC	2024-12-19	1627	4.76	2026-09-30	0.00	6714449541
grossing	Food & Drink	46	Recipe Keeper Box - OrganizEat	ORGANIZEAT LTD	2015-12-30	8361	4.79	2026-09-17	0.00	1059211083
grossing	Food & Drink	47	Farm To Table: Farmers Market	Viralyze LLP	2026-06-17	85	4.85	2026-09-28	0.00	6775965172
grossing	Food & Drink	48	Whipp: Meal Planner & Recipes	EVOY LTD	2026-06-12	51	4.92	2026-09-28	0.00	6778126199
grossing	Food & Drink	49	BLW Meals: Starting Solids	BLW SOCIAL PTE. LTD.	2020-11-20	321	4.66	2026-09-18	0.00	1540196240
grossing	Food & Drink	50	RecipeVault: Recipe Keeper	NutriLens Inc	2026-02-19	66	4.58	2026-09-15	0.00	6758783243
grossing	Food & Drink	51	Brevis.	BAYCHEL MONOKA	2026-09-21	4	5	2026-09-22	0.00	6812614221
grossing	Food & Drink	52	Flavorish | Save Any Recipe	Flavorish	2024-04-05	1667	4.74	2026-08-12	0.00	6478546136
grossing	Food & Drink	53	Untappd: Find Drinks You Love	Untappd, Inc	2011-09-30	215550	4.86	2026-08-06	0.00	449141888
grossing	Food & Drink	54	Spot: Get the table	Actually Useful Intelligence	2026-02-17	15	4.73	2026-10-02	0.00	6753764883
grossing	Food & Drink	55	Cookpad Recipes	Cookpad Inc.	2009-11-27	4331	4.84	2026-09-28	0.00	340368403
grossing	Food & Drink	56	BakeWay: AI Baking Assistant	PIXELCELL.LIMITED	2026-04-20	498	4.83	2026-09-25	0.00	6760693795
grossing	Food & Drink	57	Daily Bite: Save Recipes	Jasper Arandela	2026-08-07	24	4.79	2026-10-02	0.00	6779701143
grossing	Food & Drink	58	Tastemade Cooking	Tastemade, Inc.	2024-11-17	1211	4.75	2026-08-21	0.00	6736664843
grossing	Food & Drink	59	Bourboneur	Nicholas Owens	2024-06-22	122	1.97	2026-05-11	0.00	6503428230
grossing	Food & Drink	60	Recipe Keeper: CookBook	CookBook Co. Pty Ltd	2016-09-05	2653	4.78	2026-09-27	0.00	1073341917
grossing	Food & Drink	61	Cocktail Flow - Drink Recipes	Cocktai Flow	2012-01-04	21310	4.73	2019-12-14	0.00	486811622
grossing	Food & Drink	62	The Doctor’s Kitchen	Doctor's Kitchen Digital Ltd	2022-01-23	285	4.81	2026-08-05	0.00	1568122827
grossing	Food & Drink	63	Pestle: Recipe Manager	Will Bishop	2022-01-20	1813	4.73	2026-09-14	0.00	1574776971
grossing	Food & Drink	64	Herbi: Meal Planner + Recipes	Tempo Labs Creative Ltd	2026-06-16	51	4.51	2026-09-30	0.00	6777230233
grossing	Food & Drink	65	Robert Parker	Tablet Inc	2013-04-03	14	2.21	2026-08-07	0.00	619192493
grossing	Food & Drink	66	Chow: Meal Planner & Groceries	Flame Industries	2026-09-11	14	4.64	2026-09-22	0.00	6807514592
grossing	Food & Drink	67	FullyRaw by Kristina	FullyRaw Media LLC	2018-06-13	4475	4.77	2026-09-01	0.00	1351412313
grossing	Food & Drink	68	Sidekick by Sorted Food	Sorted Food	2019-10-23	299	4.49	2026-08-18	0.00	1472765520
grossing	Food & Drink	69	101 before one	101 before one LLC	2024-02-13	95	4.55	2026-10-01	0.00	6477230784
grossing	Food & Drink	70	Just the Recipe: Cook smarter	Streamliners	2022-02-22	3509	4.88	2026-07-30	0.00	1598423213
grossing	Food & Drink	71	Vego: Vegan Meal Planner	JACOPO GIANNETTI	2026-09-11	43	4.63	2026-09-24	0.00	6801582860
grossing	Food & Drink	72	BarrelBook: Whiskey Collection	BarrelBook, LLC	2025-12-15	677	4.82	2026-08-12	0.00	6751737898
grossing	Food & Drink	73	Zest: Meal Planner & Recipes	Culi, Inc.	2021-12-24	3768	4.71	2026-08-05	0.00	1595938390
grossing	Food & Drink	74	Crouton: Recipe Manager	Crouton LLC	2019-09-02	2858	4.82	2026-09-13	0.00	1461650987
grossing	Food & Drink	75	Recipe Keeper - Cook'n	DVO Enterprises	2013-10-05	3696	4.7	2026-09-29	0.00	706367884
grossing	Food & Drink	76	Nebula Eats Diary	GUL PGBNSVT LIMITED SIRKETI	2026-09-21	0	0	2026-09-22	0.00	6809375767
grossing	Food & Drink	77	Snag Reservations	KARAN SINGH JAGGI	2026-03-30	19	3.74	2026-08-15	0.00	6760045661
grossing	Food & Drink	78	RecipeSnap: Recipe Saver	Appable Yazilim Hizmetleri Limited Sirketi	2025-09-22	622	4.8	2026-08-26	0.00	6749500813
grossing	Food & Drink	79	Ai System	Granew LTD	2026-07-30	4	4	2026-08-18	0.00	6791510261
grossing	Food & Drink	80	Food Recalls & Alerts	SmartAddress, Inc.	2020-04-19	3540	4.77	2026-09-10	0.00	1508680654
grossing	Food & Drink	81	Umami - Recipe Manager	Strange Quark LLC	2022-07-12	472	4.8	2026-01-27	0.00	1597523594
grossing	Food & Drink	82	Pepperplate Cooking Planner	Pepperplate Inc.	2010-11-18	54	2.98	2023-04-01	0.00	403188971
grossing	Food & Drink	83	Reel Craft Pass	Fan Raised LLC	2026-09-06	3	5	2026-09-25	0.00	6775344653
grossing	Food & Drink	84	Gluten Dude: GF Restaurants	Gluten Dude, LLC	2020-09-30	798	4.74	2026-07-29	0.00	1500865981
grossing	Food & Drink	85	Real Plans - Meal Planner	Holistic Squid, LLC	2015-06-11	2173	4.57	2026-03-25	0.00	899058990
grossing	Food & Drink	86	Mixel - Cocktail Recipes	Cool Font LLC	2017-12-13	1536	4.75	2026-08-08	0.00	1280464759
grossing	Food & Drink	87	Allergy & Food Scanner: Nosher	VUNYO	2023-12-27	466	4.54	2026-09-30	0.00	6473447642
grossing	Food & Drink	88	Tasty: Recipes, Cooking Videos	BuzzFeed	2017-07-26	432822	4.91	2026-08-17	0.00	1217456898
grossing	Food & Drink	89	Balanced Roots Nutrition App	Balanced Roots LLC	2026-04-20	10	3	2026-09-28	0.00	6761655719
grossing	Food & Drink	90	Scoolinary: Learn & Cook	Scoolinary S.L.	2023-10-25	168	4.92	2026-09-30	0.00	6450664772
grossing	Food & Drink	91	Akly	protek	2026-02-16	6	3.67	2026-09-30	0.00	6758994088
grossing	Food & Drink	92	BabyPlate: Starting Solids	HOLYMAKE SP Z O O	2025-08-01	61	4.67	2026-09-26	0.00	6744701507
grossing	Food & Drink	93	Brewfather	Warpkode AS	2019-12-05	752	4.92	2026-09-07	0.00	1488585822
grossing	Food & Drink	94	Gluten Free Scanner	Food Barcode Scanner Ltd	2022-10-10	11269	4.87	2026-08-12	0.00	1642357030
grossing	Food & Drink	95	TGB: Meal Planner & Recipes	The Good Bite	2026-01-09	7	3.29	2026-09-22	0.00	6754413004
grossing	Food & Drink	96	Love, Manuela	Passion For Baking AS	2020-04-22	177	4.31	2026-05-27	12.99	1505065609
grossing	Food & Drink	97	Freezer Inventory Tracker	Cristian Bozzato	2025-04-14	38	4.37	2026-09-30	0.00	6744560567
grossing	Food & Drink	98	FoodiePrep AI Meal Planner	Refactor Consulting Ltd	2025-06-06	26	4.58	2026-09-11	0.00	6745411191
grossing	Food & Drink	99	Freeze-Dry Buddy: Batch Log	BUILT BY FOUNDRY, INC.	2026-05-22	53	4.68	2026-09-30	0.00	6763676080
grossing	Food & Drink	100	SOMM TV	Forgotten Man Films LLC	2019-08-07	451	4.92	2026-08-24	0.00	1458370339
grossing	Shopping	1	OfferUp Buy & Sell Marketplace	OfferUp Inc.	2011-10-18	4445302	4.75	2026-09-21	0.00	468996152
grossing	Shopping	2	CARFAX - New & Used Cars	CARFAX, Inc.	2011-11-15	370685	4.85	2026-10-02	0.00	479267592
grossing	Shopping	3	‎My Package Delivery Tracker	MultiApp Dynamics OU	2023-08-01	10858	4.43	2026-09-23	0.00	6447516226
grossing	Shopping	4	SellRaze: List, sell, earn	SellRaze Inc	2023-09-11	40814	4.81	2026-09-24	0.00	6455042085
grossing	Shopping	5	Package Tracker - TrackPack	EpicScale Inc	2026-06-17	705	3.88	2026-10-03	0.00	6762376278
grossing	Shopping	6	HotStock - in-stock alerts	Litebox Ltd	2017-09-21	14874	4.69	2026-05-12	0.00	1257690900
grossing	Shopping	7	ThriftAI: Profit Identifier	smallstack ApS	2025-06-05	20530	4.77	2026-09-21	0.00	6746565278
grossing	Shopping	8	Cameo - Personal celeb videos	Baron App, Inc.	2017-10-17	47964	4.88	2026-10-03	0.00	1258311581
grossing	Shopping	9	Value Scout - AI Value Scanner	Rhythm App, LLC	2026-02-25	593	4.37	2026-09-24	0.00	6758783772
grossing	Shopping	10	Package tracker: Parcels Hub	Advensa Grupp OU	2021-06-20	1299	3.49	2026-09-25	0.00	1559261145
grossing	Shopping	11	Consumer Reports	Consumer Reports	2013-03-04	63957	4.79	2026-09-28	0.00	606511415
grossing	Shopping	12	Sole Retriever - Sneakers	Sole Retriever	2021-04-01	5166	4.77	2026-08-11	0.00	1553374770
grossing	Shopping	13	KinNet: Your Community Circles	Connectopia Inc	2023-05-24	9	4.67	2026-09-10	0.00	6447816580
grossing	Shopping	14	WorthPoint	WorthPoint Corporation	2019-07-16	116	2.09	2026-09-28	0.00	1472512649
grossing	Shopping	15	Amazon Shopping	AMZN Mobile LLC	2008-12-03	8450903	4.83	2026-09-27	0.00	297606951
grossing	Shopping	16	TrackaLacker: In-stock Tracker	TrackaLacker Inc.	2025-07-30	2362	4.84	2026-10-03	0.00	6708238805
grossing	Shopping	17	CheckCheck App	CheckCheck LLC	2019-11-23	7114	4.68	2026-10-01	0.00	1486562900
grossing	Shopping	18	Bumper: Vehicle History Report	Bumper, LLC	2021-03-24	1234	4.29	2026-08-18	0.00	1543977359
grossing	Shopping	19	Offload AI	100 Ideaz, LLC	2026-08-19	21	4.33	2026-09-25	0.00	6790490668
grossing	Shopping	20	Marketplace: Buy & Sell	AppKoncept	2017-04-20	196	2.73	2026-09-24	0.00	1212024479
grossing	Shopping	21	WatchCharts	WatchEnthusiasts LLC	2020-11-18	1368	4.8	2026-06-24	0.00	1539580724
grossing	Shopping	22	Drop: Clearance Finder	PlatePal	2026-08-06	29	2.93	2026-10-01	0.00	6794188884
grossing	Shopping	23	Double Holo: Card Scanner	Double Holo Inc.	2026-03-12	805	4.7	2026-10-03	0.00	6759494054
grossing	Shopping	24	Parcel - Delivery Tracking	Ivan Pavlov Pty Ltd	2010-06-11	22732	4.84	2026-09-10	0.00	375589283
grossing	Shopping	25	Conscious - Spend Ethically.	Farran Ventures LLC	2026-04-30	761	4.84	2026-09-26	0.00	6762069204
grossing	Shopping	26	Warehouse Runner	Danielle Jackson	2024-11-12	607	4.7	2026-10-03	0.00	6737151631
grossing	Shopping	27	Starving Student Card App	Cade Humphrey	2020-07-08	49	3.57	2026-08-05	0.00	1482047241
grossing	Shopping	28	WinStamp Business	WinStamp Oy	2020-07-27	554	4.82	2026-08-11	0.00	1520546750
grossing	Shopping	29	Snag - Zero Dollar Items	rotu	2025-11-21	7460	4.62	2026-08-24	0.00	6755341741
grossing	Shopping	30	Penny: Deal Scanner & Alerts	ALEX ENRIQUE SANCHEZ JARDINES	2026-05-22	31	3.32	2026-09-28	0.00	6762319872
grossing	Shopping	31	Yard Sale Treasure Map	Shawn Kolodgie	2009-07-29	36549	4.72	2026-09-26	0.00	318649229
grossing	Shopping	32	DealHawk: Clearance Finder	DealHawk	2026-02-08	83	4.84	2026-09-28	0.00	6757320510
grossing	Shopping	33	Raide - Your Campus Closet	Raide App LLC	2023-07-24	266	4.78	2026-10-01	0.00	6451276939
grossing	Shopping	34	Visor - Smarter Car Search	Currents Systems Inc.	2025-03-05	64	4.27	2026-07-30	0.00	6742114429
grossing	Shopping	35	Our Groceries Shopping List	OurGroceries, Inc.	2009-08-14	84864	4.82	2026-09-15	0.00	325851015
grossing	Shopping	36	ResalePal - Resale Scanner	Sawtelle Ventures LLC	2026-04-19	93	4.9	2026-10-03	0.00	6762302637
grossing	Shopping	37	FSD Hunter	David Hugenberg	2024-11-07	79	4.46	2026-09-30	9.99	6737280679
grossing	Shopping	38	Privault - Private Photo Vault	Binspir Technologies Co., Ltd.	2017-01-02	76585	4.68	2025-02-28	0.00	1186436980
grossing	Shopping	39	DropSync	Tori Elstrom	2026-08-12	9	4.56	2026-08-22	0.00	6794956693
grossing	Shopping	40	Pass2U Wallet - Add store card	MicroMacro Mobile Inc.	2016-09-27	2894	4.25	2026-09-21	0.00	1142473931
grossing	Shopping	41	Claw Eden - Prize Mall	君友 杜	2023-10-17	504	3.79	2026-03-26	0.00	6469260108
grossing	Shopping	42	Restockr X	OG Giveaways Corporation	2025-11-14	77	3.65	2026-09-27	0.00	6754809251
grossing	Shopping	43	Package Tracker & Track Parcel	Appelio	2025-06-24	509	4.69	2026-04-18	0.00	6746402409
grossing	Shopping	44	Currency converter, widget	Beaverhood LLC	2020-07-23	1959	4.61	2024-04-21	0.00	1503245694
grossing	Shopping	45	Luxe Hunt	Luxe Hunt, Inc.	2021-02-24	78	4.41	2025-09-15	0.00	1546759254
grossing	Shopping	46	Sneakers Drops: Release＋Raffle	David Eritsyan	2020-11-13	3466	4.82	2026-09-11	0.00	1538187530
grossing	Shopping	47	Guppy: Collector Copilot	DropKit, Inc.	2025-12-12	366	4.56	2026-09-01	0.00	6756319687
grossing	Shopping	48	Walletsmith: Wallet Pass Maker	Juan Rodriguez	2021-12-29	70	4.21	2026-10-01	0.00	1589618453
grossing	Shopping	49	Sniper for ebay bid auctions	THINKLAB GmbH	2013-08-16	4308	4.84	2026-02-18	0.00	490091459
grossing	Shopping	50	PokeRestock	Honest Software Solutions	2025-09-24	76	3.72	2026-09-30	0.00	6751137030
grossing	Shopping	51	Yardly - Find Garage Sales	PlatePal	2026-05-08	1423	4.49	2026-07-16	0.00	6765746464
grossing	Shopping	52	StyleScanner: Find Clothes	AntiSocial Apps LLC	2025-02-25	794	4.53	2026-06-24	0.00	6742427939
grossing	Shopping	53	DROPS by SoleSavy - Sneakers	SoleSavy	2020-03-16	662	4.72	2026-08-04	0.00	1494807663
grossing	Shopping	54	Tedooo	M.A Tedooo Group LTD	2020-10-05	517	4.13	2026-04-06	0.00	1487331226
grossing	Shopping	55	VIN Check Report, Plate Lookup	VINDecoded LLC	2017-01-25	3064	4.74	2026-10-02	0.00	1191483515
grossing	Shopping	56	Thrift AI Profit Identifier	AAB Creative Studio	2026-01-14	163	4.13	2026-10-01	0.00	6756645703
grossing	Shopping	57	Scouter Pro: Deals & Discounts	Scouter Services	2026-03-30	7	5	2026-09-12	0.00	6756548932
grossing	Shopping	58	Christmas Gift List Tracker	LW Brands, LLC	2018-11-28	26926	4.86	2026-10-02	0.00	1444504033
grossing	Shopping	59	Thrifted: Scan & Price Clothes	Luke Tucich	2026-01-26	23	4.17	2026-05-28	0.00	6757867446
grossing	Shopping	60	Passbook - Wallet Pass Creator	HAPPYPIXEL	2022-07-07	1689	4.46	2026-10-01	0.00	1633472455
grossing	Shopping	61	Barcode Scanner - QR Scanner	MD Mokammal Hossain	2017-03-03	42237	4.45	2018-04-05	0.00	1210662415
grossing	Shopping	62	VIN Report for Used Cars	iSeeCars.com	2017-01-03	1803	4.68	2026-02-06	0.00	1181052583
grossing	Shopping	63	Scavenger: Penny Deal Finder	Scale Ventures LLC	2026-09-21	2	5	2026-09-21	0.00	6804930165
grossing	Shopping	64	Sneaker Value Scanner: Check	Nam Nguyen	2026-03-12	6	5	2026-03-19	0.00	6760274866
grossing	Shopping	65	Equal Eats	Allergy Translation Inc.	2021-06-29	32	4.62	2026-08-10	0.00	1574293110
grossing	Shopping	66	Jacars	Larixon Classifieds	2019-03-21	88	4.69	2026-09-21	0.00	1450753646
grossing	Shopping	67	BudWatcher	Joomify, LLC	2021-04-23	234	4.5	2026-09-26	0.00	1564333761
grossing	Shopping	68	ButtonUp	ButtonUp App LLC	2025-11-24	764	4.77	2026-09-09	0.00	6753327738
grossing	Shopping	69	HopUp - Airsoft Marketplace	HopUp	2016-07-04	5950	4.62	2026-10-03	0.00	1128903141
grossing	Shopping	70	VIN PRO Check Used Car History	Sergey Vishnyov	2024-07-21	79	4.78	2026-08-10	0.00	6504913101
grossing	Shopping	71	My Movies 6 - Movie & TV List	Binnerup Consult	2021-12-15	1362	4.69	2026-10-01	0.00	1565797040
grossing	Shopping	72	Thrift - Find & Scan	TAB Creative Studio LLC	2026-03-17	145	4.67	2026-08-27	0.00	6760568455
grossing	Shopping	73	Thrifty: AI Profit Identifier	Joshua Kaleb Rowland	2025-08-06	390	4.67	2026-09-29	0.00	6749215897
grossing	Shopping	74	Gixen eBay Auction Sniper	Mario Vodopivec	2023-03-20	775	4.93	2024-07-28	0.00	6446328339
grossing	Shopping	75	Price Snap - Thrift Scanner AI	Adem Cilgin	2025-10-09	31	4.1	2026-06-15	0.00	6749811323
grossing	Shopping	76	Pocket Pricer - Thrift Scanner	Auto Keep	2026-02-23	23	4.04	2026-09-05	0.00	6758423765
grossing	Shopping	77	Bridge: Debit Card Rewards	BridgeMoney	2021-04-07	7961	4.62	2026-09-14	0.00	1562008274
grossing	Shopping	78	Color Match: Shop Your Palette	Agile Styling	2025-08-20	4	4.75	2026-09-30	0.00	6745172966
grossing	Shopping	79	Pantry Check - Grocery List	Sunroom Labs, LLC	2015-03-15	1566	4.51	2025-06-18	0.00	966702368
grossing	Shopping	80	Price Scanner for Funko Pop	Jalm Studio Inc	2025-09-19	70	4.59	2026-08-22	0.00	6752584002
grossing	Shopping	81	WorthIt: Pocket Appraiser	Colby Schenck	2026-05-16	10	5	2026-08-04	0.00	6760252733
grossing	Shopping	82	JDMarket: Marketplace Alerts	Amine Hamane	2026-06-26	0	0	2026-10-02	0.00	6779777748
grossing	Shopping	83	The Cupboard	Chase Kunz	2024-10-20	214	4.64	2026-09-15	0.00	6670328491
grossing	Shopping	84	Sneaker Crush - Release Dates	Cashably llc	2013-06-18	120049	4.82	2026-09-19	0.00	661034398
grossing	Shopping	85	Inventory Bot	Inventory Bot	2022-02-02	210	4.4	2026-09-18	0.00	1599747004
grossing	Shopping	86	The Best of Logan	Rise social LLC	2023-10-06	33	3.94	2026-09-30	0.00	6443572836
grossing	Shopping	87	WhatPrice	GOAT STEW LLC	2026-09-14	3	5	2026-09-21	0.00	6808504126
grossing	Shopping	88	Tracko: Package Tracking App	MEASURE TECH SOCIEDAD LIMITADA	2025-05-12	58	4.22	2026-04-22	0.00	6741073278
grossing	Shopping	89	Pointed Needle	Pointed Designs LLC	2026-04-03	13	5	2026-09-27	0.00	6758898755
grossing	Shopping	90	looklike: swipe fashion on you	lookai	2025-06-16	87	4.48	2026-06-22	0.00	6744337310
grossing	Shopping	91	AutoGauge - Car Valuation	Zachary Skinner	2026-05-07	16	3.69	2026-10-01	0.00	6762141650
grossing	Shopping	92	ShopSavvy - Shopping Assistant	ShopSavvy, Inc.	2009-11-17	10002	4.43	2026-09-30	0.00	338828953
grossing	Shopping	93	Toy Value Scanner for Funko	Dung Vu	2025-07-10	240	4.65	2025-11-26	0.00	6748356485
grossing	Shopping	94	Carousell: Snap-Sell, Chat-Buy	Carousell Pte. Ltd.	2012-12-10	10499	4.7	2026-09-29	0.00	548607187
grossing	Shopping	95	Freebie Alerts: Free Stuff App	RoMa LLC	2019-05-16	247598	4.76	2026-03-23	0.00	1458308488
grossing	Shopping	96	Legit Check: AI Scanner	Meltem Arslan	2025-06-03	130	4.72	2025-06-22	0.00	6746682460
grossing	Shopping	97	Findies – Your Digital Experts	Dealpump Limited	2025-03-26	327	4.54	2026-09-29	0.00	6743708082
grossing	Shopping	98	EZsniper Auction Bid Sniper	Abercrombie Online	2015-12-21	261	4.44	2024-02-06	0.00	1066349015
grossing	Shopping	99	Package Tracker: Parcels	Dripcode SP Z O O	2026-03-11	11	4.91	2026-10-03	0.00	6759458866
grossing	Shopping	100	TCV: Collector Car Marketplace	The Classic Valuer	2025-02-27	1	3	2026-09-21	0.00	6602898888
grossing	Developer Tools	1	Replit: Vibe Code with AI Fast	Replit	2022-10-18	21079	4.72	2026-09-14	0.00	1614022293
grossing	Developer Tools	2	Cursor	Anysphere	2026-06-28	837	4.72	2026-10-01	0.00	6767085653
grossing	Developer Tools	3	Termius - Modern SSH Client	Termius Corporation	2012-08-07	19321	4.7	2026-09-30	0.00	549039908
grossing	Developer Tools	4	GitHub	GitHub	2020-03-17	37605	4.83	2026-10-01	0.00	1477376905
grossing	Developer Tools	5	Moshi: herdr/tmux on SSH/MOSH	Moshi Tech Ltd.	2026-01-21	552	4.74	2026-10-04	0.00	6757859949
grossing	Developer Tools	6	OrbitSSH - Mobile Terminal	Daniel Dobrowolski	2026-09-30	0	0	2026-09-30	0.00	6814387995
grossing	Developer Tools	7	Goiey - Collect, Share, Chat	Emma Koupferschmitt	2026-07-05	23	4.83	2026-08-27	0.00	6785842690
grossing	Developer Tools	8	Surge 5	Surge Networks Inc.	2018-11-17	1002	4.1	2026-09-13	0.00	1442620678
grossing	Developer Tools	9	Vibecode Apps IDE - LastApp	LastApp.AI	2025-11-13	2355	4.68	2025-12-23	0.00	6751259948
grossing	Developer Tools	10	Proxyman - Capture HTTPS	Proxyman LLC	2021-03-10	801	4.8	2026-10-02	0.00	1551292695
grossing	Developer Tools	11	O-KAM Pro	Shenzhen VeePai IoT Intelligent Technology LLC	2022-01-06	8563	4.53	2026-09-24	0.00	1602054864
grossing	Developer Tools	12	Boya OS	Shenzhen Perfect Acoustic Technology Co., LTD	2025-10-30	3	2.33	2026-09-04	0.00	6754067458
grossing	Developer Tools	13	Blink Shell, Build & Code	Blink Shell, Inc	2022-02-09	419	3.12	2026-09-17	0.00	1594898306
grossing	Developer Tools	14	Milq AI: Mobile App Builder	Milq	2026-08-13	10	4.9	2026-09-27	0.00	6767423666
grossing	Developer Tools	15	Reins: for Ollama & LM Studio	Ibrahim Cetin	2025-01-02	294	4.54	2026-09-29	0.00	6739738501
grossing	Developer Tools	16	GDevelop - Create & Play Games	GDEVELOP FRANCE	2023-04-10	2411	4.35	2026-09-30	0.00	1663675754
grossing	Developer Tools	17	Packet Capture Pro: HTTPS	REALSIGNAL PTE. LTD.	2025-04-17	15	4.67	2026-09-30	0.00	6742767975
grossing	Developer Tools	18	Textastic Code Editor	Alexander Blach	2016-03-12	2531	4.69	2026-09-05	0.00	1049254261
grossing	Developer Tools	19	Python Coding Editor & IDE App	Cloudbit d.o.o.	2022-11-16	2928	4.42	2026-09-22	0.00	6444399635
grossing	Developer Tools	20	Xogot: Godot for iPad & iPhone	Xibbon, Inc	2025-05-05	153	4.09	2026-09-10	0.00	6469385251
grossing	Developer Tools	21	OnSpace AI: Mobile App Builder	SoulZ AI Inc.	2025-05-30	29	3.31	2026-02-03	0.00	6746471538
grossing	Developer Tools	22	WebSSH - Sysadmin Toolbox	MENGUS ARNAUD	2012-03-08	2538	4.73	2026-09-30	0.00	497714887
grossing	Developer Tools	23	Storm Sniffer - Packet Capture	Hunan Storm Technology Co.,Ltd	2022-04-09	120	3.85	2024-07-14	0.00	1610958307
grossing	Developer Tools	24	Jupyter Notebook - JuCode	Devang Samirbhai Shah	2025-10-08	9	4	2026-09-12	0.00	6753707203
grossing	Developer Tools	25	SSHHIP - Modern SSH Client	Kun Chen	2026-07-03	15	4.93	2026-09-29	0.00	6785186457
grossing	Developer Tools	26	Text Editor.	TAPUNIVERSE LLC	2019-10-18	4340	4.41	2026-10-02	0.00	1483790257
grossing	Developer Tools	27	v0	Vercel, Inc	2025-10-23	848	4.84	2026-10-02	0.00	6745097949
grossing	Developer Tools	28	Python IDE & Jupyter – Juno	Rational Matter	2019-09-26	1102	4.6	2026-10-03	0.00	1462586500
grossing	Developer Tools	29	Supanator: Supabase Manager	Layton Labs AB	2025-07-30	18	4.78	2026-09-16	0.00	6748534773
grossing	Developer Tools	30	Python Editor App	Andromeda Corp LTD	2023-02-19	6443	4.13	2026-05-16	0.00	1672453872
grossing	Developer Tools	31	Git client - Working Copy	Anders Borum	2014-11-08	3771	4.85	2026-09-18	0.00	896694807
grossing	Developer Tools	32	Python Coding	婉媚 邵	2024-11-20	1175	4.77	2026-10-03	0.00	6738411328
grossing	Developer Tools	33	xTerminal - SSH Terminal Shell	婉媚 邵	2020-12-17	1949	4.73	2026-03-23	0.00	1544728400
grossing	Developer Tools	34	Termix Pro: SSH & SFTP Client	Simon Zvara	2025-03-24	114	4.71	2026-08-01	9.99	6743685377
grossing	Developer Tools	35	Runestone Text Editor	Simon B. Støvring	2022-05-05	2048	4.73	2026-09-10	0.00	1548193893
grossing	Developer Tools	36	Sticky -  AI Game Maker	Sticky NFT Marketplace Ltd.	2020-03-25	8810	4.5	2026-09-12	0.00	1497044357
grossing	Developer Tools	37	HTML Editor	Intrepid	2021-08-10	868	4.15	2026-01-19	0.00	1580431405
grossing	Developer Tools	38	AgentsRoom: Dev Remote Control	CHAUVIN Jean-Baptiste Thibault	2026-03-28	5	4.6	2026-10-03	0.00	6761265182
grossing	Developer Tools	39	HTML Viewer ++	HurryApp LTD	2024-12-04	48	4.56	2026-02-18	0.00	6738789687
grossing	Developer Tools	40	Prompt 3	Panic, Inc.	2024-01-16	371	4.35	2026-04-06	0.00	1594420480
grossing	Developer Tools	41	Bluetooth Inspector	George Garside	2020-05-02	1555	4.57	2026-08-11	0.00	1509085044
grossing	Developer Tools	42	Vulk - AI App Builder	Code Ahead Lda	2026-06-04	1	1	2026-06-17	0.00	6761396403
grossing	Developer Tools	43	ServerCat - SSH Terminal	Early Moon, LLC	2020-04-27	1001	4.6	2026-09-29	0.00	1501532023
grossing	Developer Tools	44	Device Monitor²	Fast-Devs Project	2021-01-16	9367	4.66	2026-07-10	0.00	1522870046
grossing	Developer Tools	45	WebProxyTool - Inspect Network	FJEDI	2021-10-27	310	4.38	2025-08-15	0.00	1578538118
grossing	Developer Tools	46	OpenClient for OpenCode	Nicolas Toporcov	2026-05-13	6	4	2026-10-01	0.00	6763641767
grossing	Developer Tools	47	Scripting	Shenzhen Yin Shi Technology Co., Ltd.	2024-12-05	112	4.91	2026-10-01	0.00	6479691128
grossing	Developer Tools	48	Wifi Analyzer: Network Scanner	Muhammet Yalcın Ozdemir Halil Ibrahim Karahan Mustafa Ayten Kupertino Bilisim Yazılım K.S	2022-07-22	294	4.34	2025-10-24	0.00	1578710731
grossing	Developer Tools	49	Pyto IDE	Develobile S.p.A.	2018-09-23	999	3.67	2024-06-09	0.00	1436650069
grossing	Developer Tools	50	Rev for Vercel	FarFetched	2025-02-20	90	4.4	2026-09-10	0.00	6740740427
grossing	Developer Tools	51	Machete DGX	SLOVE SP. Z O. O.	2026-08-09	0	0	2026-09-12	0.00	6778950085
grossing	Developer Tools	52	Cloudflare Remote	Emre Keles	2025-03-20	86	4.79	2026-10-02	0.00	6743181258
grossing	Developer Tools	53	Swifty Compiler: Swift IDE	Hassan Taleb	2020-12-31	202	4.46	2026-05-11	0.00	1544749600
grossing	Developer Tools	54	SSH Client - Secure ShellFish	Anders Borum	2019-06-28	1533	4.82	2026-09-29	0.00	1336634154
grossing	Developer Tools	55	Nowdex	涛南 卢	2026-07-20	9	4.56	2026-09-30	0.00	6791450777
grossing	Developer Tools	56	NextVPN: Fast & Secure Proxy	Surf Safe Network Ltd	2022-03-11	44734	4.67	2026-09-04	0.00	1610773520
grossing	Developer Tools	57	STL & 3D Model Viewer - Mes3D	ONNEX YAZILIM ANONIM SIRKETI	2026-04-18	12	4.5	2026-10-01	0.00	6761634572
grossing	Developer Tools	58	HTML Creator : Editor & Viewer	Hardik Khanesa	2026-02-20	87	4.56	2026-09-23	0.00	6759328000
grossing	Developer Tools	59	Python 3 AI Code & Run : Vibes	Maxim Svitavsky	2022-09-08	24	4.88	2026-05-20	0.00	1643541348
grossing	Developer Tools	60	Limits: AI Usage Tracker	Pranav Karthik Mruthyunjayan	2026-07-14	37	4.32	2026-08-26	0.00	6783130074
grossing	Developer Tools	61	ZenVPN - Free Super Fast VPN	Surf Safe Network Ltd	2024-08-08	893	4.6	2026-09-25	0.00	6593663767
grossing	Developer Tools	62	WLOC: Location Changer	就洪 邓	2026-07-07	4	1	2026-09-14	0.00	6785566876
grossing	Developer Tools	63	AI Content Detector, Humanizer	CAPPINATION LIMITED	2026-04-26	1	3	2026-08-10	0.00	6760641934
grossing	Developer Tools	64	HTTPBot: API & HTTP Client	Arvindh Sukumar	2017-05-06	1322	4.48	2026-09-12	0.00	1232603544
grossing	Developer Tools	65	Inspect Browser	Parallax Dynamics Inc.	2017-02-09	124	4.25	2026-03-01	6.99	1203594958
grossing	Developer Tools	66	Find My Device₊	Georgy Natsvlishvili	2026-04-27	6	5	2026-09-20	0.00	6763365337
grossing	Developer Tools	67	brrr • send push notifications	Simon B. Støvring	2026-03-25	15	4.47	2026-08-10	0.00	6755617665
grossing	Developer Tools	68	AI App Builder - FlutterPilot	Abrar Malekji	2026-03-15	13	4.15	2026-10-01	0.00	6759552936
grossing	Developer Tools	69	SteerCode: Vibe Coding Builder	Cognitic	2025-03-13	145	4.33	2025-10-13	0.00	6742994386
grossing	Developer Tools	70	STL File Viewer Pro	Andeesh Mehdi Syed	2025-03-24	78	4.53	2026-07-09	0.00	6741022143
grossing	Developer Tools	71	Dashify for Netlify.com	FarFetched	2025-02-23	9	4.78	2026-01-30	0.00	6742102359
grossing	Developer Tools	72	HTML Viewer: View Source	Utsav Mangla	2025-06-03	13	4.46	2025-07-08	0.00	6746666386
grossing	Developer Tools	73	Firelog: Firebase Console App	Valet Hero LLC	2025-04-28	47	4.62	2026-08-27	0.00	6744783540
grossing	Developer Tools	74	ShadowTerm ssh & mosh Terminal	Carlos Savcic	2025-07-19	17	4.29	2026-09-30	0.00	6746274402
grossing	Developer Tools	75	Taste: AI Design & Coding Tool	Infinite Idea Machine LLC	2026-04-08	5	5	2026-09-17	0.00	6761808391
grossing	Developer Tools	76	Smart Chatbot & AI Assistant	Miczon LLC	2026-02-04	0	0	2026-08-18	0.00	6757588699
grossing	Developer Tools	77	ProxMan	Routecore LLC	2025-05-26	89	4.73	2026-09-19	0.00	6744579428
grossing	Developer Tools	78	TDLiDAR	ari lintzeris	2026-03-29	11	4.27	2026-09-30	0.00	6760954732
grossing	Developer Tools	79	SpeedTest- Wifi Analyzer 5G 4G	HYPE YAZILIM	2025-05-07	10	1	2025-07-02	0.00	6741807217
grossing	Developer Tools	80	Clouder for Cloudflare	Layton Labs AB	2025-12-08	9	4.67	2026-09-30	0.00	6755757771
grossing	Developer Tools	81	LLMAPI: AI Chat & API	Tashfeen Ahmed	2026-09-05	0	0	2026-09-25	0.00	6804648934
grossing	Developer Tools	82	N8N Automations — Nathan	FarFetched	2025-10-29	15	4.07	2026-02-24	0.00	6754570005
grossing	Developer Tools	83	Netli.fyi: Netlify Client	Fenrir Digital	2026-02-09	8	4.5	2026-08-18	0.00	6741714545
grossing	Developer Tools	84	VVTerm: Native SSH Client	Vivy Technologies	2026-01-29	7	5	2026-09-21	0.00	6757482822
grossing	Developer Tools	85	AI Code Generator & Assistant	Malik Hamza Khalid	2024-05-08	44	4.61	2026-03-22	0.00	6479595778
grossing	Developer Tools	86	Crafty: Addons, Maps & Skins	MINICRAFT LLC	2026-05-18	194	4.47	2026-09-27	0.00	6758113780
grossing	Developer Tools	87	Wheel of Names: Random Picker	Nghia Pham Hieu	2026-02-26	176	4.55	2026-06-11	0.00	6759365425
grossing	Developer Tools	88	Nautik for Kubernetes	DWRPD Software UG haftungsbeschraenkt	2024-03-18	15	4.6	2026-06-02	0.00	1672838783
grossing	Developer Tools	89	ProxMate	Lars Herres	2023-10-28	26	4.15	2026-10-02	0.00	6470526961
grossing	Developer Tools	90	Base44 IDE, AI Code Assistant	Merrick Larsen	2026-03-30	31	4.58	2026-04-07	0.00	6760459330
grossing	Developer Tools	91	Terminux: SSH Client	HANSIFY TECHNOLOGIES	2024-06-28	82	4.45	2026-09-20	0.00	6504843668
grossing	Developer Tools	92	Desktop Browser • Zoomable	Actowise LLC	2021-05-23	3744	4.5	2026-04-07	0.00	1568442831
grossing	Developer Tools	93	MarkChart - Mermaid Editor	Alexandre Colucci	2024-01-30	14	4	2026-09-28	0.00	6475648822
grossing	Developer Tools	94	Promptoll: Multi AI Chat & API	Chenhan Global Trading Co., Limited	2026-08-13	0	0	2026-09-17	0.00	6781749549
grossing	Developer Tools	95	Visual Code Editor - vCode	Devang Samirbhai Shah	2026-07-13	9	5	2026-09-24	0.00	6789877680
grossing	Developer Tools	96	PostX - Rest API Client	Anupkumar Naginbhai Patel	2025-12-26	10	3	2026-08-26	0.00	6756872354
grossing	Developer Tools	97	HTTP Catcher	MESS LAB LTD	2018-12-12	137	3.07	2021-06-03	0.00	1445874902
grossing	Developer Tools	98	Tactic Remote: AI Coding	Shanghai TacticSpace Technology Co., Ltd.	2026-03-31	1	5	2026-09-10	0.00	6758008464
grossing	Developer Tools	99	JavaScript Coding Editor & IDE	Cloudbit d.o.o.	2022-11-09	100	4.27	2026-04-20	0.00	6444286049
grossing	Developer Tools	100	Codex Claude - Website Builder	Tetiana Oliinyk	2025-08-07	66	4.27	2026-05-30	0.00	6749557696
grossing	Graphics & Design	1	AI Maker: Photo Video Filters	Hungry Birds	2025-11-16	15103	4.43	2026-09-30	0.00	6753982990
grossing	Graphics & Design	2	Cricut Design Space	Cricut, Inc.	2014-06-04	745596	4.74	2026-09-29	0.00	749471884
grossing	Graphics & Design	3	Kling AI: AI Image&Video Maker	KLING AI PTE. LTD.	2025-01-06	31513	4.68	2026-09-11	0.00	6738049229
grossing	Graphics & Design	4	AI Home Design: Interior DecAI	COOL SUMMER LIMITED	2024-05-23	33691	4.57	2026-09-03	0.00	6502747597
grossing	Graphics & Design	5	Pose: AI Photo Video Generator	Spark Dynamic	2025-02-05	145254	4.66	2026-09-21	0.00	6737417022
grossing	Graphics & Design	6	Home AI - AI Interior Design	HUBX	2024-04-05	160376	4.53	2026-09-10	0.00	6464476667
grossing	Graphics & Design	7	‎AI Remodel — Interior Design	PulseApps Solutions OÜ	2024-05-09	24325	4.56	2026-10-01	0.00	6477533581
grossing	Graphics & Design	8	ReShoot: AI Face Photo Editor	HUBX	2025-09-03	17423	4.58	2026-09-19	0.00	6751296351
grossing	Graphics & Design	9	Creati: Gen AI Content Creator	IMGCreator Limited	2024-03-08	15493	4.54	2026-08-21	0.00	6478513085
grossing	Graphics & Design	10	Pixelcut AI Photo Editor	Pixelcut Inc.	2020-11-03	220218	4.74	2026-09-21	0.00	1534785237
grossing	Graphics & Design	11	Tattoo AI - Tattoo Design	HUBX	2024-06-15	51004	4.55	2026-09-01	0.00	6479689893
grossing	Graphics & Design	12	AI Video Generator + Creator	Plus Apps Bilisim Teknolojileri Reklamcilik Limited Sirketi	2023-06-07	13798	4.36	2026-09-21	0.00	6446647507
grossing	Graphics & Design	13	Layout - Photo Collage Maker	Fitness Labs	2019-12-11	46919	4.63	2026-09-25	0.00	1472157401
grossing	Graphics & Design	14	AI Video Generator - Vidmor	APPINNOVATORS LIMITED	2024-11-13	5250	4.39	2026-09-11	0.00	6737960820
grossing	Graphics & Design	15	AR Drawing: Sketch & Paint	Digital Solutions Technologies Limited	2023-05-02	92522	4.49	2026-09-19	0.00	6448484908
grossing	Graphics & Design	16	Adobe Express: Create Anything	Adobe Inc.	2015-12-17	368584	4.83	2026-09-25	0.00	1051937863
grossing	Graphics & Design	17	Themify - Widget & Icon Themes	AIBY	2020-10-02	343731	4.56	2026-09-17	0.00	1534126062
grossing	Graphics & Design	18	Brother Artspira	Brother Industries, LTD.	2022-09-27	6487	4.55	2026-09-14	0.00	1590796710
grossing	Graphics & Design	19	PicTrace: AR Drawing & Sketch	AvnTech Inc.	2024-07-05	58508	4.6	2026-08-21	0.00	6504559449
grossing	Graphics & Design	20	Reface: AI Face Swap & Editor	NEOCORTEXT, INC.	2019-12-23	495871	4.76	2026-09-17	0.00	1488782587
grossing	Graphics & Design	21	Piñata Farms Meme Generator	Pinata Farms	2020-11-30	48818	4.78	2026-09-17	0.00	1461925825
grossing	Graphics & Design	22	AI Home Decor-Interior Design	Wildsmyth AI	2025-07-09	7449	4.75	2026-09-14	0.00	6748313878
grossing	Graphics & Design	23	Leonardo.Ai - Image Generator	Leonardo Interactive Pty Ltd	2023-08-03	10997	4.83	2026-09-30	0.00	1662773014
grossing	Graphics & Design	24	AI Generator - Photo Revive	Hong Kong Lavish Limited	2024-11-27	12932	4.58	2026-09-30	0.00	6738237021
grossing	Graphics & Design	25	Arvin®: AI Product Photo Maker	IdeaLabs	2023-04-25	59337	4.63	2026-08-04	0.00	6446556788
grossing	Graphics & Design	26	ThemePack: Widgets & Wallpaper	ThemePack.Inc	2022-04-12	478269	4.7	2026-09-30	0.00	1616629991
grossing	Graphics & Design	27	Remove Objects	TAPUNIVERSE LLC	2020-06-03	129041	4.77	2026-10-03	0.00	1511285118
grossing	Graphics & Design	28	ARtie Lab: AR Drawing & Sketch	TenetApps	2025-11-11	5649	4.7	2026-05-06	0.00	6754274246
grossing	Graphics & Design	29	Filmit : AI Cinematic Video	XIANG GANG RADIANCE LIMITED	2026-01-23	460	4.29	2026-10-02	0.00	6755591057
grossing	Graphics & Design	30	ThemeKit: Widget & Icon Themes	PIXELSPARK TECHNOLOGY LIMITED	2022-04-22	25020	4.6	2026-10-01	0.00	1602458018
grossing	Graphics & Design	31	Provideo:AI Video & Mini Vlog	JEWEL LIMITED	2026-04-08	236	4.21	2026-09-01	0.00	6756776435
grossing	Graphics & Design	32	Glabu	Northbridge Labs Inc	2026-05-18	32	3.91	2026-07-25	0.00	6764781870
grossing	Graphics & Design	33	ibis Paint X	ibis inc.	2011-08-01	298728	4.71	2026-09-29	0.00	450722833
grossing	Graphics & Design	34	Logo Maker - AI Art Design	COOL SUMMER LIMITED	2025-05-22	3831	4.28	2026-09-21	0.00	6745779947
grossing	Graphics & Design	35	PixAI - AI Anime Art Generator	METANOMALY PTE. LTD.	2024-01-23	2018	4.64	2026-09-30	0.00	6474528911
grossing	Graphics & Design	36	Da Vinci Eye: AR Trace & Draw	Da Vinci Eye LLC	2016-06-16	11742	4.55	2026-09-29	0.00	1120304868
grossing	Graphics & Design	37	Decor AI: Room & Home Design	FENIX MOBILE YAZILIM A.S.	2024-10-24	4236	4.45	2026-09-09	0.00	6599855511
grossing	Graphics & Design	38	Remodel AI - Home Design	REIMAGE AI INC.	2023-04-18	14884	4.7	2026-10-02	0.00	6446040791
grossing	Graphics & Design	39	iScreen - Widgets & Wallpaper	Xiamen ShenZhuo Information Technology Co., Ltd.	2020-11-25	151687	4.74	2026-09-29	0.00	1534704608
grossing	Graphics & Design	40	AI Background Remover - Eraser	Video editor & maker app	2023-10-18	13714	4.66	2026-09-28	0.00	6450694828
grossing	Graphics & Design	41	Drawsy: AR Draw for Sketching	EIGEN SOFTWARE LIMITED	2025-06-27	2548	4.67	2026-09-22	0.00	6746871740
grossing	Graphics & Design	42	WallPics - Live Wallpapers 4K	IgKnight Technologies Ltd	2023-03-28	50341	4.7	2026-10-03	0.00	6446832902
grossing	Graphics & Design	43	House AI: AI Room Design, Home	Hungry Birds	2025-09-02	7034	4.43	2026-09-17	0.00	6749636465
grossing	Graphics & Design	44	ImaginAI - AI Art & Video	Scate	2024-09-18	3304	4.62	2026-07-22	0.00	6468676714
grossing	Graphics & Design	45	Home Style AI: Interior Design	Lumetro LLC	2025-08-12	2526	4.57	2026-08-12	0.00	6748883633
grossing	Graphics & Design	46	Split Pic Collage Maker Layout	Mosaic S.r.l.	2012-11-22	15668	4.62	2025-04-07	0.00	570748340
grossing	Graphics & Design	47	Flyer Maker + Poster Maker	Bhavesh Gabani	2018-01-22	48628	4.82	2026-09-28	0.00	1337666644
grossing	Graphics & Design	48	Procreate Pocket	Savage Interactive Pty Ltd	2014-12-17	12715	3.84	2026-09-20	5.99	916366645
grossing	Graphics & Design	49	Flashloop: AI Video Generator	Buy Beaver Technologies	2025-06-06	12400	4.73	2026-09-25	0.00	6746771178
grossing	Graphics & Design	50	Wonder - AI Art Generator	DEEP FLOW SOFTWARE SERVICES	2022-06-01	65336	4.31	2025-09-17	0.00	1621278575
grossing	Graphics & Design	51	Adobe Firefly AI Video & Photo	Adobe Inc.	2025-06-17	10444	4.7	2026-09-30	0.00	6742595426
grossing	Graphics & Design	52	Boon: AI Logo Maker & Design	PIXO Incorporation	2017-07-19	81994	4.75	2026-09-30	0.00	1190077343
grossing	Graphics & Design	53	AI Garden Design: Landscape AI	MOBIVERSITE YAZILIM BILISIM REKLAM VE DANISMANLIK HIZMETLERI SANAYI TICARET LIMITED STI	2025-05-04	8155	4.65	2026-09-22	0.00	6744179402
grossing	Graphics & Design	54	Mematic - The Meme Maker	Trilliarden Entertainment GmbH	2012-02-17	163123	4.74	2026-09-17	0.00	491076730
grossing	Graphics & Design	55	Home Interior Decor: AI Design	GRIMLAX TRADE, S.L.	2025-10-20	809	4.59	2026-09-30	0.00	6745964345
grossing	Graphics & Design	56	Word Swag - Cool Fonts	Oringe Inc.	2013-05-27	109940	4.85	2026-09-15	0.00	645746786
grossing	Graphics & Design	57	Cool Themes & Fonts: Cute Text	Kika Tech (HK) Holdings Co., Limited	2023-05-18	67367	4.67	2026-09-24	0.00	6447543971
grossing	Graphics & Design	58	CozyAI - AI Home Design	Collov Inc	2025-04-26	2672	4.67	2026-09-08	0.00	6744885843
grossing	Graphics & Design	59	Themie: Wallpapers & Theme	Lutech-DN	2023-09-28	24852	4.42	2026-09-29	0.00	6466241694
grossing	Graphics & Design	60	Photo Editоr	VIDEO EDITOR PTE. LTD.	2012-06-11	17212	4.68	2026-09-19	0.00	530957470
grossing	Graphics & Design	61	Mico - Widget & Live Wallpaper	Unbing International Limited	2022-09-15	99717	4.71	2026-09-16	0.00	1640653011
grossing	Graphics & Design	62	Renovate AI - Home Remodel App	Trial and Error, Inc	2023-01-17	10840	4.68	2026-09-27	0.00	1661709494
grossing	Graphics & Design	63	Nsketch: Viral Video Generator	NS7 LLC	2026-02-21	60	4.15	2026-09-15	0.00	6749814704
grossing	Graphics & Design	64	Handy - Live Widget Wallpaper	FAT, LLC	2022-01-16	24960	4.55	2026-08-26	0.00	1595736086
grossing	Graphics & Design	65	3DMockups – Clothes Designer	Endder Sabino	2025-01-31	9864	4.72	2026-09-24	0.00	6739668223
grossing	Graphics & Design	66	AR Drawing Sketch AI - ArtEasy	AI Art Apps	2024-11-07	9242	4.57	2026-10-02	0.00	6698868958
grossing	Graphics & Design	67	Revive: AI Face Photo Animator	RefaceAI Limited	2022-06-09	25194	4.65	2026-07-01	0.00	1616862692
grossing	Graphics & Design	68	Mody : AI Car Modifications	Scate	2024-08-07	6200	4.51	2026-06-18	0.00	6523376299
grossing	Graphics & Design	69	Invitation Maker: Cards & RSVP	Greetings Island	2018-06-03	46952	4.89	2026-07-09	0.00	1329922018
grossing	Graphics & Design	70	Artrace: AR Drawing & Sketch	Braly	2024-01-30	69705	4.67	2026-09-27	0.00	6475700817
grossing	Graphics & Design	71	Rebrand - AI Logo Maker	HUBX	2025-01-30	13648	4.47	2026-07-13	0.00	6737123019
grossing	Graphics & Design	72	Sogni: AI Image, Video & Music	we&robot pte ltd	2023-06-30	176	4.37	2026-09-28	0.00	6450021857
grossing	Graphics & Design	73	AI Tattoo Generator・Tattooist	Video editor & maker app	2025-04-01	1469	4.31	2026-09-22	0.00	6742195872
grossing	Graphics & Design	74	Text Art: Typography & Word	Appostrophe AB	2019-09-17	68722	4.78	2024-04-30	0.00	1478737802
grossing	Graphics & Design	75	AI Photo Generator: Remake AI	Must Have Apps	2024-07-09	5476	4.35	2026-10-02	0.00	6503238787
grossing	Graphics & Design	76	FlipaClip: Draw 2D Animation	Visual Blasters LLC	2017-03-04	267357	4.6	2026-09-28	0.00	1101848914
grossing	Graphics & Design	77	Creatic: Graphic Design Editor	DELIX SOFTWARE SH.P.K	2014-10-16	3707	4.63	2026-07-26	0.00	912171064
grossing	Graphics & Design	78	ThemeMe: Top Widgets & Themes	Estu LLC	2021-12-13	47323	4.62	2026-09-22	0.00	1595070966
grossing	Graphics & Design	79	AI Art & Image Generator: Gala	Caqui Apps	2024-12-19	1187	4.52	2026-09-25	0.00	6736942377
grossing	Graphics & Design	80	SayHi: Chat Now	艺霖 王	2025-09-24	1730	4.83	2026-04-24	0.00	6752631485
grossing	Graphics & Design	81	AI Home Design - Ruma	EXXE DIJITAL TEKNOLOJI ANONIM SIRKETI	2025-03-26	2794	4.62	2026-10-02	0.00	6742654523
grossing	Graphics & Design	82	Widgify:Widget&Wallpapers	SunnyScorpio(HK)Mobile Limited	2023-09-25	21103	4.6	2026-09-28	0.00	6449579793
grossing	Graphics & Design	83	Gallerie Wallpapers	Sibelius Studios LLC	2025-11-01	3834	4.68	2026-07-30	0.00	6752269317
grossing	Graphics & Design	84	Poster Maker - Crea	Salix Dijital Pazarlama Anonim Sirketi	2022-10-06	10049	4.8	2026-09-09	0.00	6443671340
grossing	Graphics & Design	85	Dreamina AI: Image&Video Maker	Bytedance Pte. Ltd	2026-08-20	29	3.45	2026-09-07	0.00	6749606485
grossing	Graphics & Design	86	Themelia: Theme & Widget	WOOHOO LIMITED	2023-10-04	14330	4.56	2026-09-22	0.00	6467189759
grossing	Graphics & Design	87	Object Removal AI Retouch	煦慧 蒙	2019-04-06	72621	4.6	2026-07-18	0.00	1457711961
grossing	Graphics & Design	88	Modyfy: AI Car Designer	Papcorns AŞ	2026-05-24	1342	4.42	2026-09-11	0.00	6762754163
grossing	Graphics & Design	89	LOOMY: Story Font & Templates	Anton Havrylenko	2020-08-11	670	4.56	2026-08-11	0.00	1512686487
grossing	Graphics & Design	90	Artimind - AI Video Generator	APERO TECHNOLOGIES GROUP PTE.LTD	2023-09-05	3632	3.08	2026-08-20	0.00	6459831969
grossing	Graphics & Design	91	Genmoji: AI Emoji Maker - Mix	Emoji Apps GmbH	2010-02-24	7409	4.63	2026-08-15	0.00	357563302
grossing	Graphics & Design	92	PhotoCut - AI Photo Editor	Human Apps	2023-01-12	1092	4.24	2025-12-17	0.00	6444792863
grossing	Graphics & Design	93	Lazy Lighting	AUDITY APPS LLC	2025-09-21	364	4.55	2026-09-20	0.00	6751762579
grossing	Graphics & Design	94	Remodel AI - Home Room Design	Yajun Yang	2023-06-14	725	3.5	2026-09-23	0.00	6449718419
grossing	Graphics & Design	95	Playground: AI Design & Editor	AI Playground, Inc.	2024-05-17	5898	4.9	2026-08-10	0.00	6478421458
grossing	Graphics & Design	96	Clockology Watch Faces	Clockology, LLC	2020-06-14	56515	4.8	2026-10-04	0.00	1456386228
grossing	Graphics & Design	97	Google Flow	Google	2026-09-09	69	3.93	2026-09-29	0.00	6751294549
grossing	Graphics & Design	98	ArtCoach:Learn to Draw & Paint	PIXELCELL.LIMITED	2025-12-24	1484	4.71	2026-09-28	0.00	6756040750
grossing	Graphics & Design	99	Aviart: AI Photo Generator	Walme LLC	2023-01-19	5006	4.26	2026-09-29	0.00	1665148098
grossing	Graphics & Design	100	UNUM — Layout & Feed Preview	UNUM, Inc.	2016-01-06	12203	4.46	2026-09-20	0.00	1057252115
free	Business	1	Indeed Job Search	Indeed Inc.	2009-06-07	4075005	4.79	2026-09-28	0.00	309735670
free	Business	2	DoorDash - Dasher	DoorDash, Inc.	2019-03-13	2464065	4.68	2026-10-03	0.00	1451754591
free	Business	3	LinkedIn: Community & Network	LinkedIn Corporation	2019-02-03	644611	4.77	2026-10-01	0.00	288429040
free	Business	4	Informed Delivery® Mobile	United States Postal Service	2025-09-17	86115	4.86	2026-09-23	0.00	6478885776
free	Business	5	Microsoft Teams	Microsoft Corporation	2016-11-02	3377544	4.8	2026-09-30	0.00	1113153706
free	Business	6	Zoom Workplace	Zoom Communications, Inc.	2012-08-15	3242948	4.66	2026-09-28	0.00	546505307
free	Business	7	WhatsApp Business	WhatsApp Inc.	2019-04-04	1515881	4.68	2026-09-28	0.00	1386412985
free	Business	8	Uber - Driver: Drive & Deliver	Uber Technologies, Inc.	2016-10-18	656903	4.42	2026-09-28	0.00	1131342792
free	Business	9	ADP Mobile Solutions	ADP, Inc	2011-07-13	4460330	4.71	2026-10-04	0.00	444553167
free	Business	10	Spark Driver	Walmart	2019-11-11	306177	4.69	2026-09-30	0.00	1483998235
free	Business	11	Okta Verify	Okta, Inc.	2012-01-06	37254	4.75	2026-09-14	0.00	490179405
free	Business	12	Amazon Flex	AMZN Mobile LLC	2019-06-14	439272	4.71	2026-09-24	0.00	1454725763
free	Business	13	UKG Pro	UKG INC.	2023-10-02	313349	4.66	2026-09-23	0.00	6445849909
free	Business	14	PDF Scan – Image to PDF	L3S ARIEL LIMITED	2026-01-05	526	4.17	2026-06-05	0.00	6757074164
free	Business	15	Workday	Workday	2009-06-05	1903359	4.73	2026-09-21	0.00	316800034
free	Business	16	FedEx Mobile	FedEx	2015-11-10	398403	4.6	2026-09-10	0.00	1010729050
free	Business	17	Square Point of Sale (POS)	Block, Inc.	2010-04-02	605455	4.81	2026-09-28	0.00	335393788
free	Business	18	Acrobat Reader: PDF Editor	Adobe Inc.	2011-10-17	657598	4.65	2026-09-21	0.00	469337564
free	Business	19	UPS	UPS	2009-10-28	1186995	4.58	2026-09-19	0.00	336377331
free	Business	20	Package Tracker - pkge Mobile	DARADDO APPS	2018-07-25	19387	4.47	2026-09-09	0.00	1397865865
free	Business	21	Slack	Slack Technologies, Inc.	2013-03-20	52879	4.13	2026-09-30	0.00	618783545
free	Business	22	Instacart Shopper: Earn money	Maplebear Inc	2019-05-01	1643696	4.81	2026-09-30	0.00	1454056744
free	Business	23	Amazon A to Z	AMZN Mobile LLC	2020-04-30	775196	4.75	2026-09-04	0.00	1413909063
free	Business	24	Meta Business Suite	Meta Platforms, Inc.	2012-05-21	504205	4.68	2026-09-30	0.00	514643583
free	Business	25	Duo Mobile	Duo Security LLC	2011-03-08	2301880	4.87	2026-09-23	0.00	422663827
free	Business	26	ZipRecruiter Job Search	ZipRecruiter, Inc.	2013-12-28	588645	4.86	2026-09-18	0.00	541933937
free	Business	27	Scanner App - Scan PDF & Docs	TAPSUITE YAZILIM HIZMETLERI ANONIM SIRKETI	2021-12-07	36249	4.61	2026-10-03	0.00	1568660349
free	Business	28	Shopify: Ecommerce business	Shopify Inc.	2010-05-12	42130	4.7	2026-09-21	0.00	371294472
free	Business	29	Handshake: Jobs & AI work	Stryder Corp.	2017-08-15	137490	4.85	2026-09-28	0.00	1220620171
free	Business	30	Google Chat	Google	2018-02-28	306261	4.64	2026-09-28	0.00	1163852619
free	Business	31	Shiftsmart - Find Work	Shiftsmart	2017-06-23	60499	4.17	2026-09-23	0.00	1235930724
free	Business	32	Instawork: Work when you want	Instawork	2016-06-22	100961	4.71	2026-09-16	0.00	1123819773
free	Business	33	Paylocity	Paylocity	2013-06-27	674102	4.81	2026-09-24	0.00	652438572
free	Business	34	Public Storage	Public Storage	2020-12-07	103597	4.55	2026-09-28	0.00	1537135259
free	Business	35	USPS Mobile®	United States Postal Service	2009-12-02	1772855	4.77	2025-02-28	0.00	339597578
free	Business	36	Lyft Driver	Lyft, Inc.	2017-05-08	386281	4.64	2026-09-28	0.00	1203077485
free	Business	37	Roadie Driver	Roadie Inc	2019-11-18	129639	4.64	2026-09-30	0.00	1436325695
free	Business	38	Paycom	Paycom	2017-05-30	1578894	4.77	2026-09-23	0.00	1207929487
free	Business	39	Adobe Scan: PDF & Doc Scanner	Adobe Inc.	2017-05-31	1596241	4.88	2026-09-29	0.00	1199564834
free	Business	40	HireVue for Candidates	HireVue, Inc.	2012-02-22	2075	4.34	2024-09-24	0.00	492573020
free	Business	41	Invoice Maker - Invoice Fly	Labhouse Mobile	2022-02-10	107810	4.76	2026-09-28	0.00	1606911248
free	Business	42	Trybe Creators	Trybe Tech Inc	2026-03-24	4174	4.92	2026-09-19	0.00	6759299465
free	Business	43	Meta Ads Manager	Meta Platforms, Inc.	2015-02-24	51422	4.5	2026-10-02	0.00	964397083
free	Business	44	Stripe Dashboard	Stripe, LLC	2015-06-10	68545	4.7	2026-09-17	0.00	978516833
free	Business	45	Homebase: Employee Scheduling	Pioneer Works, Inc.	2014-05-06	94629	4.78	2026-09-29	0.00	871544379
free	Business	46	Paychex Flex	Paychex, Inc	2012-06-11	575679	4.84	2026-09-11	0.00	527740152
free	Business	47	Drive and Shop with Shipt	Shipt	2018-02-05	230169	4.71	2026-09-14	0.00	976353472
free	Business	48	Webex	Cisco	2014-09-12	9447	4.58	2026-09-22	0.00	833967564
free	Business	49	Veho Driver	Veho technologies	2019-06-26	65631	4.79	2026-10-03	0.00	1457078986
free	Business	50	Grubhub for Drivers	GrubHub.com	2019-02-12	176403	4.71	2026-09-22	0.00	1452071632
free	Business	51	MyWalmart	Walmart	2019-11-14	534406	4.79	2026-10-01	0.00	1459898418
free	Business	52	GoDaddy: Websites & Marketing	GoDaddy Mobile LLC	2012-07-05	107105	4.83	2026-09-28	0.00	535811906
free	Business	53	Blinq: Digital Business Card	Blinq Technologies Pty Ltd	2017-12-14	131960	4.87	2026-09-27	0.00	1324102258
free	Business	54	HHAeXchange+	Homecare Software Solutions, LLC	2023-06-12	1158	4.43	2026-09-28	0.00	1623129489
free	Business	55	Seller, a Facebook app	Meta Platforms, Inc.	2026-07-23	10756	4.85	2026-09-28	0.00	6766382815
free	Business	56	Swoopa	Market Sourcing Solutions PTY LTD	2024-01-31	550	4.39	2026-10-02	0.00	6475300269
free	Business	57	Dayforce	Dayforce Corporation	2011-08-17	513424	4.68	2026-09-21	0.00	456073226
free	Business	58	Paperly PDF	GUANGJIANG MINERAL INTERNATIONAL TRADING CO., LIMITED	2025-11-27	500	4.19	2026-04-24	0.00	6755665299
free	Business	59	ParkNYC Powered by Flowbird	New York City Department of Transportation	2016-12-16	251308	4.77	2026-08-17	0.00	1135073877
free	Business	60	Bandana Job Search	Bandana	2026-03-03	24458	4.83	2026-09-29	0.00	6755500772
free	Business	61	Intune Company Portal	Microsoft Corporation	2013-11-19	714965	4.65	2026-09-16	0.00	719171358
free	Business	62	Booksy Biz: Booking & Payments	Booksy	2013-10-21	14976	4.52	2026-10-01	0.00	725335996
free	Business	63	Connecteam Team Management App	Connecteam, Inc	2016-06-08	59765	4.86	2026-10-02	0.00	1121613912
free	Business	64	Sling: Employee Scheduling App	Sling Incorporated	2014-11-02	27428	4.68	2026-09-09	0.00	922995624
free	Business	65	QuickBooks Workforce	Intuit Inc.	2014-07-17	196389	4.65	2026-09-28	0.00	864076487
free	Business	66	Launchpoint: Make Money	Launchpoint	2024-05-02	1144	4.74	2026-09-25	0.00	6479632197
free	Business	67	Curri Driver	Curri, Inc.	2019-11-25	14322	4.72	2026-09-16	0.00	1480866255
free	Business	68	Amazon Business: B2B Shopping	AMZN Mobile LLC	2021-05-04	17884	4.82	2026-10-02	0.00	1498197033
free	Business	69	Square Team	Block, Inc.	2018-10-19	40699	4.72	2026-09-28	0.00	1435368303
free	Business	70	Glassdoor | Jobs & Careers	Glassdoor	2013-01-10	786060	4.77	2026-09-29	0.00	589698942
free	Business	71	TikTok Shop Seller Center	TikTok Ltd.	2023-05-29	26328	4.61	2026-09-22	0.00	1591003012
free	Business	72	Intuit QuickBooks for Business	Intuit Inc.	2013-02-13	269600	4.74	2026-09-30	0.00	584606479
free	Business	73	MyToast	Toast, Inc.	2022-09-19	7005	4.75	2026-09-29	0.00	1509268882
free	Business	74	7shifts: Employee Scheduling	7shifts, Inc.	2013-10-30	30070	4.84	2026-09-14	0.00	731444612
free	Business	75	Copart - Online Auto Auctions	Copart, Inc.	2011-01-14	186706	4.82	2026-09-28	0.00	414275302
free	Business	76	UKG Ready	UKG INC.	2017-12-17	52551	4.42	2026-09-25	0.00	1231506825
free	Business	77	MiniVAN Touch	NGP VAN	2010-01-25	283	3.28	2026-08-28	0.00	352087547
free	Business	78	Smart Printer App & Scan	Kain Suite Pte. Ltd.	2021-12-04	79671	4.21	2026-09-03	0.00	1597439129
free	Business	79	Rain Instant Pay	Rain Inc.	2020-02-05	45017	4.85	2026-09-30	0.00	1492069669
free	Business	80	Indeed Flex - Job Search	Indeed Flex	2021-06-09	7541	4.77	2026-09-29	0.00	1013812731
free	Business	81	Manheim	Manheim	2026-01-22	200	3.57	2026-09-24	0.00	6744660081
free	Business	82	Ualett	Cabicash Solutions, Inc	2018-10-09	34046	4.91	2026-09-27	0.00	1438430972
free	Business	83	Resident Center	Buildium	2019-08-15	156260	4.78	2026-09-26	0.00	1466854902
free	Business	84	Cvent Events	Cvent	2020-03-30	39721	4.85	2026-09-22	0.00	1491335576
free	Business	85	Fiverr - Freelance Services	Fiverr International Ltd.	2011-12-11	573362	4.92	2026-09-27	0.00	346080608
free	Business	86	Viettel Tammi	Viettel Telecom	2026-05-05	135	2.56	2026-09-26	0.00	6749427319
free	Business	87	Workstream US	Workstream Technologies Inc.	2024-01-23	63	2.49	2026-09-14	0.00	6463991552
free	Business	88	VPN - Super VPN Buck	FATCAT TECH PTE. LTD	2025-04-23	7087	4.58	2025-06-16	0.00	6743363646
free	Business	89	iScanner: PDF Document Scanner	BPMobile	2015-09-23	1404412	4.76	2026-09-29	0.00	1040093707
free	Business	90	Whiteboard: just draw together	James Schultz	2019-09-10	87726	4.52	2026-08-05	0.00	1160517834
free	Business	91	Alight Mobile	Alight Solutions, LLC	2020-10-10	296770	4.8	2026-09-24	0.00	1534367732
free	Business	92	Scanner App: Genius Scan	The Grizzly Labs	2010-06-22	1366741	4.9	2026-09-21	0.00	377672876
free	Business	93	Paycor Mobile	Paycor, Inc.	2012-09-10	33673	4.53	2026-10-02	0.00	555322549
free	Business	94	Noise - Make Money Posting	Noise Inc.	2024-11-05	47437	4.75	2026-03-24	0.00	6736955388
free	Business	95	O'Reilly Pro	O'Reilly Auto Parts	2024-12-02	378	4.35	2026-09-16	0.00	6467030803
free	Business	96	Avigilon Alta Open	OpenPath Security, Inc.	2017-11-10	16431	4.8	2026-09-10	0.00	1306430829
free	Business	97	GigSmart Get Gigs	GigSmart Inc	2018-11-29	11872	4.69	2026-10-03	0.00	1321576690
free	Business	98	Whova - Event & Conference App	Whova Inc.	2013-10-08	250835	4.8	2026-09-24	0.00	716979741
free	Business	99	SumTotal Next	SumTotal Systems	2025-12-02	26	1.27	2026-09-25	0.00	6463742570
free	Business	100	Voice Recorder — Audio Memos	PrimeForm OU	2022-12-02	3904	4.4	2026-08-31	0.00	1639516366
free	Weather	1	The Weather Channel - Radar	The Weather Channel Interactive	2008-11-08	6058768	4.76	2026-09-30	0.00	295646461
free	Weather	2	Islandwide Weather	USDSC	2026-09-30	178	4.98	2026-10-01	0.00	6793144772
free	Weather	3	NOAA Weather Radar Live Map	Lutech-DN	2024-01-09	12673	4.54	2026-09-30	0.00	6473724440
free	Weather	4	Hi Weather	EINMOB LIMITED	2023-10-08	947	3.89	2026-04-07	0.00	6468010213
free	Weather	5	AccuWeather: Weather Forecast	AccuWeather International, Inc.	2008-12-21	1496313	4.59	2026-09-21	0.00	300048137
free	Weather	6	WeatherBug: Weather Forecast	WeatherBug	2019-02-07	2185646	4.78	2026-10-01	0.00	281940292
free	Weather	7	MyRadar Accurate Weather Radar	Aviation Data Systems, Inc	2009-07-17	1084170	4.85	2026-09-21	0.00	322439990
free	Weather	8	RainDrop - Rain Totals & Radar	Raindrop Limited Liability Company	2023-07-17	22206	4.71	2026-10-03	0.00	6450370964
free	Weather	9	Windy.com	Windyty, SE	2016-10-31	79626	4.82	2026-09-14	0.00	1161387262
free	Weather	10	Clime: NOAA Weather Radar Live	Mosaic S.r.l.	2013-11-25	1054324	4.47	2026-10-02	0.00	749133753
free	Weather	11	CARROT Weather: Alerts & Radar	Grailr LLC	2015-03-19	87406	4.7	2026-09-18	0.00	961390574
free	Weather	12	Zoom Earth - Weather Forecast	Neave Interactive	2023-06-27	38831	4.85	2026-09-15	0.00	1531561063
free	Weather	13	Weather & Radar	WetterOnline - Meteorologische Dienstleistungen GmbH	2012-08-01	305263	4.68	2026-09-28	0.00	545993260
free	Weather	14	Weather Underground: Local Map	Weather Underground, LLC	2011-12-21	31704	3.91	2025-06-30	0.00	486154808
free	Weather	15	Windy.app — Wind, Tides, Radar	Windy Weather World Inc	2015-06-26	73045	4.69	2026-09-28	0.00	997079492
free	Weather	16	Drive Weather with Live Radar	Concept Elements LLC	2018-11-16	12690	4.65	2026-09-29	0.00	1424517685
free	Weather	17	My Lightning Tracker & Alerts	JRustonApps B.V.	2016-11-16	66310	4.76	2026-09-15	0.00	1175031987
free	Weather	18	CNN Weather	CNN Interactive Group, Inc.	2026-05-11	1533	4.68	2026-09-21	0.00	6752570228
free	Weather	19	Precip - Rain Forecast & Alert	Precipitation Inc.	2024-04-15	6072	4.79	2026-10-03	0.00	6471449887
free	Weather	20	DeerCast-Prep. Predict. Pursue	GSM Outdoors	2018-08-24	6832	4.54	2026-09-21	0.00	1425879996
free	Weather	21	Weatherly:Forecast&Radar	Magic Snail	2025-12-03	94	4.56	2026-09-21	0.00	6754548876
free	Weather	22	Weather & Rain Radar Forecast	Deep Orbit B.V.	2026-08-12	4	4.75	2026-09-28	0.00	6782572775
free	Weather	23	My Aurora Forecast & Alerts	JRustonApps B.V.	2016-01-26	69711	4.74	2026-09-15	0.00	1073082439
free	Weather	24	Surfline: Wave & Surf Reports	Surfline/Wavetrak	2010-10-12	30541	4.66	2026-10-01	0.00	393782096
free	Weather	25	Indoor Thermometer	Ravibhai Ramani	2025-09-16	2639	4.21	2025-09-16	0.00	6748070101
free	Weather	26	Weather on the Way	Piotr Knapczyk	2020-07-27	19863	4.75	2026-09-02	0.00	1471394318
free	Weather	27	My Earthquake Alerts & Feed	JRustonApps B.V.	2015-04-03	147762	4.75	2026-09-15	0.00	975709372
free	Weather	28	Weather Kitty: Weather + Radar	Weather Creative Inc.	2013-07-23	65662	4.84	2026-09-26	0.00	617045654
free	Weather	29	Storm Radar: Weather Tracker	The Weather Channel Interactive	2017-06-15	132710	4.48	2026-09-16	0.00	1216396545
free	Weather	30	Tide Charts	7th Gear	2015-02-22	112396	4.78	2026-09-30	0.00	957143504
free	Weather	31	MoonX: Moon Calendar for Life	Vibes LLC	2019-05-08	22362	4.78	2026-10-02	0.00	1454249438
free	Weather	32	NOAA Live Weather Radar	East End Technologies Ltd.	2023-06-16	2423	4.69	2026-05-22	0.00	1666079570
free	Weather	33	Tides Near Me	Shelter Island Mapping Company, LLC	2012-12-12	162574	4.79	2026-09-26	0.00	585223877
free	Weather	34	MyShake Earthquake Alerts	University of California, Berkeley	2019-07-17	1932	3.3	2026-01-06	0.00	1467058529
free	Weather	35	BaroBuddy: Barometric Pressure	Ghost Systems	2026-04-07	257	4.81	2026-08-22	0.00	6760428667
free	Weather	36	ForeFlight Mobile EFB	ForeFlight	2009-12-16	3257	4.41	2026-09-10	0.00	333252638
free	Weather	37	Thermometer - Indoor & Outdoor	Vaibhavi Bhingradiya	2025-07-03	3078	4.17	2026-01-26	0.00	6747973004
free	Weather	38	WeatherWise.app	Interactive Weather Limited	2024-10-16	766	4.62	2026-09-17	0.00	6736407724
free	Weather	39	PredictWind — Marine Forecasts	PredictWind Limited	2012-01-03	32816	4.8	2026-09-24	0.00	477048487
free	Weather	40	Temperature in Room +	Sinus Electric Ltd	2026-04-16	110	3.7	2026-08-17	0.00	6756997829
free	Weather	41	(Not Boring) Weather	Not Boring Software LLC	2021-02-15	18435	4.75	2026-09-11	0.00	1531063436
free	Weather	42	Ventusky: Weather Forecast	Ventusky s.r.o.	2017-09-11	35272	4.81	2026-09-17	0.00	1280984498
free	Weather	43	Windfinder: Wind & Weather map	Windfinder	2009-11-15	62005	4.8	2026-09-16	0.00	336829635
free	Weather	44	FOX Weather: Daily Forecasts	Fox News Network, LLC	2021-10-24	368395	4.76	2026-09-11	0.00	1559236118
free	Weather	45	GeoShake - Earthquake Alerts	AppFlows	2026-02-25	78	4.79	2026-10-03	0.00	6755887999
free	Weather	46	Weather Live° - Local Forecast	Mosaic S.r.l.	2013-11-25	400330	4.62	2026-09-23	0.00	749083919
free	Weather	47	Weather Live Radar - NOAA	lighten	2026-07-07	46	3.91	2026-09-29	0.00	6781655348
free	Weather	48	WeatherFront - Radar & Models	WeatherFront LLC	2025-05-03	452	4.78	2026-09-17	0.00	6739154126
free	Weather	49	RainViewer: Live Weather Radar	MeteoLab Inc.	2015-07-22	30787	4.55	2026-10-01	0.00	980123924
free	Weather	50	FOX 4 Dallas-FTW: Weather	Fox Television Stations, Inc.	2012-03-05	907	2.99	2026-05-05	0.00	506375544
free	Weather	51	Weather Navigation for Car!	byss mobile	2023-05-20	5829	4.45	2026-09-29	0.00	1673731295
free	Weather	52	Weather & Widget - Weawow	weawow	2021-06-17	7303	4.89	2026-09-10	0.00	1209810737
free	Weather	53	Ambient Weather Network	Ambient,LLC	2018-08-29	13930	4.59	2026-06-22	0.00	1426025887
free	Weather	54	Tide Guide: Charts & Tables	Condor Digital	2018-07-30	10101	4.74	2026-09-27	0.00	1406371071
free	Weather	55	Buoyweather - Marine Forecasts	Surfline/Wavetrak	2013-08-31	1055	4.67	2026-09-23	0.00	686664992
free	Weather	56	FEMA	Federal Emergency Management Agency (FEMA)	2011-10-25	1032	3.67	2026-08-17	0.00	474807486
free	Weather	57	Moon Phases and Lunar Calendar	Kinetic Stars	2016-06-27	37551	4.87	2026-09-21	0.00	1126370589
free	Weather	58	Current - Surf Forecast	Colin Weaver	2026-07-14	16	4.75	2026-08-31	0.00	6779697881
free	Weather	59	Perry Weather	Perry Weather, Inc.	2014-02-20	71	3.73	2026-10-01	0.00	820674810
free	Weather	60	What The Forecast?!!	Byzantine Apps	2015-11-03	9364	4.56	2026-08-11	0.00	1031653653
free	Weather	61	NOAA Radar & Weather Forecast	Position Mobile Ltd SEZC	2020-06-25	75963	4.39	2024-12-03	0.00	1520179063
free	Weather	62	Weather Radar - NOAA Channel	Impala Studios	2013-06-11	251971	4.58	2026-09-30	0.00	649264704
free	Weather	63	EverythingWeather	Cory Mottice	2025-03-03	1343	4.83	2026-09-29	0.00	6736664582
free	Weather	64	IQAir AirVisual | Air Quality	IQAir AG	2015-10-23	44835	4.82	2026-08-10	0.00	1048912974
free	Weather	65	Weather ۬	Impala Studios	2018-03-22	272100	4.54	2026-05-19	0.00	1335982274
free	Weather	66	Tide Alert (NOAA) - Tide Chart	Rivolu LLC	2018-04-09	44627	4.8	2026-09-20	0.00	1352211125
free	Weather	67	UV Index Widget - Worldwide	Bjorn Jenssen	2016-05-03	14526	4.76	2026-09-15	0.00	1100568288
free	Weather	68	The Wildfire Tracker: Fire Map	Retenica SP Z.O.O	2023-06-05	180	4.52	2026-09-15	0.00	6448724524
free	Weather	69	Panhandle Weather App	Panhandle Weather	2025-10-11	86	4.86	2026-09-02	0.00	6751287841
free	Weather	70	The Moon: Calendar Moon Phases	Vitalii Gryniuk	2016-03-11	118066	4.82	2026-03-12	0.00	1077455978
free	Weather	71	Game Weather IRL	Firat Tekin	2026-04-29	192	3.98	2026-09-01	0.00	6757721929
free	Weather	72	My Moon Phase - Lunar Calendar	JRustonApps B.V.	2016-04-27	60228	4.85	2026-09-15	0.00	1104649246
free	Weather	73	MeteoSwiss	MeteoSwiss	2013-02-24	141	4.4	2026-09-24	0.00	589772015
free	Weather	74	NERV Disaster Prevention	Gehirn Inc.	2021-08-31	47	4.66	2026-09-17	0.00	1472338480
free	Weather	75	HD Thermometer ⊎	Christophe Pereira	2013-02-15	13096	4.34	2026-10-02	0.00	595482076
free	Weather	76	National Hurricane Center Data	LW Brands, LLC	2017-10-05	75647	4.79	2026-10-03	0.00	1289108781
free	Weather	77	AuroraMe: Aurora Forecast Map	Nikolai Iakubovskii	2025-09-16	172	4.52	2026-10-02	0.00	6749782053
free	Weather	78	Weather Scope: NOAA Radar Live	Aviator Assistant LLC	2023-05-23	2504	4.7	2026-08-11	0.00	1644911162
free	Weather	79	Emergency: Severe Weather App	American Red Cross	2015-04-14	7725	4.83	2026-07-27	0.00	954783878
free	Weather	80	Strike Weather	Stephen Glassell	2026-09-23	4	5	2026-10-02	0.00	6814252639
free	Weather	81	Thermometer++ App	Viachaslau Tysianchuk	2013-10-08	7273	4.71	2026-06-11	0.00	704237014
free	Weather	82	Yahoo Weather: Daily Forecasts	Yahoo	2013-04-18	191326	4.69	2026-09-29	0.00	628677149
free	Weather	83	OSHA-NIOSH Heat Safety Tool	Centers For Disease Control and Prevention	2017-05-23	316	2.57	2025-01-06	0.00	1239425102
free	Weather	84	Room Temperature + Thermometer	Zain ul Abdin	2025-06-29	37	4.03	2026-09-25	0.00	6747571294
free	Weather	85	RiverApp - River levels	Florian Bessiere	2013-07-04	5399	4.8	2026-09-26	0.00	667012473
free	Weather	86	MojiWeather: Weather Radar	MOJI WEATHER PTE.LTD.	2024-10-06	603	4.77	2026-09-28	0.00	6720731790
free	Weather	87	Turbli+	Turbli AB	2026-07-21	2	5	2026-09-29	0.00	6762553623
free	Weather	88	Explore Fall	Explore Fall LLC	2026-09-08	7	5	2026-09-30	0.00	6799756457
free	Weather	89	BoatUS - Boat Weather & Tides	BoatUS	2017-03-07	58181	4.79	2026-08-13	0.00	1210410671
free	Weather	90	Weatherzone: Weather Forecasts	DTN APAC Pty Ltd	2010-12-16	1839	4.63	2026-08-02	0.00	409060691
free	Weather	91	Meteo - by iLMeteo.it	ILMETEO srl	2009-11-16	3505	4.69	2026-10-02	0.00	338851554
free	Weather	92	Mr. Chilly	Alexander Chia	2015-03-05	6871	4.87	2025-07-28	0.00	933759132
free	Weather	93	NWS Weather: Deep Weather	Rate Of Climb Industries	2012-06-14	4865	4.69	2026-05-04	0.00	528748182
free	Weather	94	MOON - Current Moon Phase	MOON CALENDAR	2013-06-17	29584	4.82	2025-04-07	0.00	660036257
free	Weather	95	meteoblue weather & radar maps	meteoblue	2015-12-21	4149	4.77	2026-09-11	0.00	994459137
free	Weather	96	Shadowmap: Sunlight & Shade	Shadowmap Technologies GmbH	2022-01-31	6	3.17	2026-09-29	0.00	1566789060
free	Weather	97	Hello Aurora: Northern Lights	Jeremy Barbet	2019-10-25	112	4.38	2026-10-03	0.00	1457810302
free	Weather	98	Weather Wizard : 14D Forecast	COMPASSMOBI	2026-06-16	30	4.73	2026-09-26	0.00	6779130456
free	Weather	99	Room Temperature Thermometer.	Damuben Kachhad	2025-09-10	423	3.93	2026-01-09	0.00	6751794409
free	Weather	100	Safety tips	RC Solution Co.	2014-06-01	18	2.06	2026-09-28	0.00	858357174
free	Utilities	1	APTV	Suzhou Xiying Guangnian Technology Co., Ltd	2022-07-07	983	4.57	2026-10-01	0.00	1630403500
free	Utilities	2	Google	Google	2019-02-12	5167633	4.65	2026-09-28	0.00	284815942
free	Utilities	3	Google Chrome	Google	2012-06-28	3901728	4.69	2026-09-30	0.00	535886823
free	Utilities	4	TV Remote - Universal Control	EVOLLY.APP	2020-11-19	618220	4.44	2026-09-28	0.00	1539090879
free	Utilities	5	Cleanup: Phone Storage Cleaner	DEEP FLOW SOFTWARE SERVICES	2020-12-05	728890	4.65	2026-09-22	0.00	1510944943
free	Utilities	6	Google Authenticator	Google	2010-09-20	1191482	4.85	2026-08-24	0.00	388497605
free	Utilities	7	My Verizon	Verizon Wireless	2011-02-03	5537864	4.66	2026-09-14	0.00	416023011
free	Utilities	8	My Spectrum	Charter Communications	2014-12-16	3497581	4.79	2026-09-30	0.00	942608209
free	Utilities	9	AT&T	AT&T Services, Inc.	2009-05-01	258846	4.78	2026-09-30	0.00	309172177
free	Utilities	10	Xfinity	Comcast	2017-04-18	1389696	4.29	2026-09-24	0.00	1178765645
free	Utilities	11	Govee Home	Shenzhen Intellirocks Tech Co. Ltd.	2018-07-26	10526	4.21	2026-09-03	0.00	1395696823
free	Utilities	12	CarTV - M3U IPTV Player & Cast	Lyntra Technology Ltd	2026-08-16	3383	4.54	2026-09-30	0.00	6800211040
free	Utilities	13	e-Título	Tribunal Superior Eleitoral	2017-12-05	18898	4.76	2026-09-23	0.00	1320338088
free	Utilities	14	Blink Home Monitor	Immedia Semiconductor	2015-11-20	498879	4.74	2026-09-30	0.00	1013961111
free	Utilities	15	Proton VPN: Fast & Secure	Proton AG	2018-11-12	114858	4.64	2026-06-08	0.00	1437005085
free	Utilities	16	Starlink	SpaceX	2020-10-26	114927	4.92	2026-09-26	0.00	1537177988
free	Utilities	17	Microsoft Edge	Microsoft Corporation	2017-11-30	585110	4.7	2026-09-20	0.00	1288723196
free	Utilities	18	Universal TV Remote ·	KRAFTWERK 9 LTD	2018-11-08	92258	4.58	2026-10-03	0.00	1439422220
free	Utilities	19	Cast To TV Screen Mirror	Heer Patel	2026-04-07	3	3.67	2026-09-15	0.00	6761452136
free	Utilities	20	DuckDuckGo, optional Duck.ai	DuckDuckGo, Inc.	2013-06-27	2406510	4.84	2026-09-28	0.00	663592361
free	Utilities	21	Brave Browser & Search Engine	Brave Software	2016-02-19	659387	4.78	2026-09-24	0.00	1052879175
free	Utilities	22	Epic Games	Epic Games Inc.	2025-11-18	996	3.06	2026-09-16	0.00	6480077263
free	Utilities	23	NordVPN: VPN Fast & Secure	Nordvpn S.A.	2014-12-08	706404	4.66	2026-09-30	0.00	905953485
free	Utilities	24	Universal TV Remote Control・	toggle apps	2023-06-07	81325	4.75	2026-09-30	0.00	6443877058
free	Utilities	25	RentCafe Resident	Yardi Systems, Inc.	2012-07-16	1008739	4.83	2026-09-29	0.00	541403633
free	Utilities	26	Happ - Proxy Utility	Flyfrog LLC	2024-06-18	16156	4.64	2026-09-22	0.00	6504287215
free	Utilities	27	Tuya: Smart Life, Smart Living	Tuya Smart Inc.	2015-11-06	44468	4.59	2026-09-18	0.00	1034649547
free	Utilities	28	UK ETA	Home Office	2023-10-23	1581	3.24	2026-08-19	0.00	6444912481
free	Utilities	29	Opera Browser with VPN	Opera Norway AS	2018-10-01	259984	4.69	2026-09-20	0.00	1411869974
free	Utilities	30	Vizo - Remote for Vizio TV	Huy Hoang	2024-10-21	6693	4.55	2025-04-30	0.00	6550911475
free	Utilities	31	Remote for Samsung TV Smart	Controlla TV LTD.	2024-02-06	13108	4.25	2025-08-20	0.00	6474010687
free	Utilities	32	Universal Remote TV Control ·	BEGAMOB GLOBAL LIMITED	2021-08-30	141101	4.72	2026-08-28	0.00	1581765635
free	Utilities	33	Screen Mirroring App: Smart TV	Desidari Holding Ltd.	2023-11-23	18834	4.32	2026-09-28	0.00	6471257645
free	Utilities	34	myCar: Car Widgets & Dashboard	DOFUapps	2025-11-20	12809	4.6	2026-10-01	0.00	6755033589
free	Utilities	35	TP-Link Tether	TP-Link Systems Inc.	2013-05-16	158702	4.79	2026-09-24	0.00	599496594
free	Utilities	36	Firefox Fast & Private Browser	Mozilla	2015-11-11	217923	4.65	2026-09-28	0.00	989804926
free	Utilities	37	Facemoji AI Emoji Keyboard	NEXILEAP PRIVATE LIMITED	2016-04-28	495764	4.7	2026-09-27	0.00	1103138272
free	Utilities	38	ExpressVPN · Secure & Fast VPN	Express VPN	2014-08-11	419228	4.68	2026-09-28	0.00	886492891
free	Utilities	39	PayRange	PayRange Inc.	2014-04-08	221174	4.66	2026-03-07	0.00	845555232
free	Utilities	40	UniRemote：Universal TV Remote	Kanatom Limited	2024-08-19	7608	4.54	2026-09-23	0.00	6504182653
free	Utilities	41	Authenticator ℠ App	BEGAMOB GLOBAL LIMITED	2025-11-19	5616	4.31	2026-09-23	0.00	6754900760
free	Utilities	42	Swipewipe: Photo Cleaner	MWM	2022-03-05	95521	4.69	2026-09-22	0.00	1583884012
free	Utilities	43	Remote for Firestick · Fire TV	Netsis Mobile FZCO	2022-06-01	23828	4.32	2025-12-15	0.00	1625553531
free	Utilities	44	Universal TV Remote™ Control	SEAMOBI TECH PTE LTD	2024-08-08	32506	4.66	2026-09-15	0.00	6553976921
free	Utilities	45	Bambu Handy	上海轮廓科技有限公司	2022-07-14	39077	4.84	2026-09-22	0.00	1625671285
free	Utilities	46	Universal TV Remote Control＊	VISARGERD, S.L.	2024-11-19	30902	4.57	2026-09-21	0.00	6477382010
free	Utilities	47	Sony | Sound Connect	Sony Corporation	2017-02-28	67198	4.48	2026-09-30	0.00	1168502924
free	Utilities	48	Screen Mirroring | Cast to TV	Ozuna Limited	2024-10-11	14554	4.62	2026-09-30	0.00	6670321276
free	Utilities	49	Smooth Translate	L3S ARIEL LIMITED	2026-02-03	535	4.23	2026-06-02	0.00	6758365838
free	Utilities	50	JumpJumpVPN: Fast & Secure	SOON BODYWERKZ AUTO PTE. LTD.	2023-09-26	38942	4.73	2026-08-11	0.00	6451097052
free	Utilities	51	Find Air - My Device Tracker	Air Apps Systems	2020-05-21	26616	4.58	2026-02-23	0.00	1507917112
free	Utilities	52	Truecaller: Premium Caller ID	True Software Scandinavia AB	2012-03-28	252372	4.45	2026-09-29	0.00	448142450
free	Utilities	53	Samsung Smart Switch Mobile	Samsung Electronics Co., Ltd.	2021-06-10	223	3.13	2026-09-09	0.00	1571429529
free	Utilities	54	Universal Remote・TV Control	Ozuna Limited	2023-09-22	10821	4.62	2026-09-30	0.00	6467252904
free	Utilities	55	TV Remote Control · Universal	TrustOneApps L.L.C-FZ	2026-01-15	1163	4.29	2026-06-27	0.00	6757016336
free	Utilities	56	Offender Locator: Find & Watch	Offender Locator Inc.	2009-07-16	22201	4.41	2026-09-28	0.00	322664011
free	Utilities	57	Brother Mobile Connect	Brother Industries, LTD.	2021-03-30	75760	4.64	2026-09-07	0.00	1516235668
free	Utilities	58	TV Remote & Universal Control™	To Ngoc Mai	2023-08-19	148981	4.75	2026-09-30	0.00	6458692724
free	Utilities	59	AT&T ActiveArmor®	AT&T Services, Inc.	2018-09-25	82389	4.5	2026-09-23	0.00	1218465964
free	Utilities	60	incy	LLC ITDEV	2026-01-27	287	3.83	2026-09-21	0.00	6756943388
free	Utilities	61	Google Family Link	Google	2017-04-13	293289	4.68	2026-09-28	0.00	1150085200
free	Utilities	62	Camtro	DigitalConverge Intellect Limited	2025-06-16	68543	4.64	2026-08-31	0.00	6745863842
free	Utilities	63	DayBetter	SHENZHEN DAYBETTER OPTO-ELECTRONICS CO., LTD.	2022-12-04	1199	3.19	2026-09-28	0.00	6444903068
free	Utilities	64	VPN Unlimited・Proxy Master App	Phone Cleaner Tools	2026-08-31	154	4.34	2026-09-28	0.00	6795529595
free	Utilities	65	VPN cat: Fast Secure Unlimited	Secure Network	2016-07-21	48620	4.59	2026-03-18	0.00	1134784923
free	Utilities	66	GeoScope: GPS Map Camera	JOYLINK NETWORK TECH LIMITED	2026-06-09	4491	4.18	2026-06-14	0.00	6775737387
free	Utilities	67	Countdown	Find Appiness LLC	2018-09-10	187516	4.81	2026-10-01	0.00	1403367428
free	Utilities	68	Speedtest by Ookla	Ookla	2009-01-03	28194	4.49	2026-09-29	0.00	300704847
free	Utilities	69	Remote control for LG	Oz Shabbatth	2019-03-26	63273	4.68	2025-07-29	0.00	1457468797
free	Utilities	70	Extra Space Storage	Extra Space Storage	2021-01-11	25481	4.49	2026-07-15	0.00	1488957920
free	Utilities	71	Free VPN by Free VPN .org™	Free VPN LLC	2015-11-16	455418	4.52	2026-09-21	0.00	1050171910
free	Utilities	72	iLoveCleaner: Clean Up Storage	ZHONGZHI YOLO HK LIMITED	2024-10-11	42	4.4	2026-07-08	0.00	6463778651
free	Utilities	73	Clean Up Phone Storage: CleanX	TAPSUITE YAZILIM HIZMETLERI ANONIM SIRKETI	2021-08-27	26481	4.55	2026-10-02	0.00	1575903244
free	Utilities	74	Flashlight Ⓞ	ONE App Essentials	2010-10-08	30749	4.5	2022-12-02	0.00	381471023
free	Utilities	75	LocFind: GPS Family Tracker	Princess Limited	2026-08-20	211	4.27	2026-09-05	0.00	6794248220
free	Utilities	76	Mint Mobile	UVNV, Inc.	2017-11-15	260675	4.7	2026-09-30	0.00	1295303441
free	Utilities	77	VPN - Free VPN Potato ™	FREE VPN POTATO PTE. LTD.	2019-08-14	115930	4.66	2026-09-20	0.00	1473774730
free	Utilities	78	Connect IQ™ Store	Garmin	2019-04-09	8567	4.64	2026-08-20	0.00	1317652970
free	Utilities	79	Tailscale	Tailscale Inc.	2019-08-16	744	4.4	2026-09-11	0.00	1470499037
free	Utilities	80	1.1.1.1: Faster Internet	Cloudflare	2018-11-11	216129	4.5	2026-08-12	0.00	1423538627
free	Utilities	81	Visible mobile	Visible Service, LLC	2018-05-03	237775	4.63	2026-10-03	0.00	1367950045
free	Utilities	82	Seekee: Ai Search & Ai Tools	Seekee Verge Co., Ltd	2026-06-25	36	2.58	2026-09-18	0.00	6782837151
free	Utilities	83	Screen Mirroring・Smart View TV	toggle apps	2021-02-17	58361	4.72	2026-09-24	0.00	1529106085
free	Utilities	84	Holy Bible Faith:Verse&Audio	Lichu Studio	2026-05-21	88	4.23	2026-09-29	0.00	6767523015
free	Utilities	85	Screen Mirroring - TV Cast Air	EVOLLY.APP	2020-02-05	4012	3.49	2026-04-20	0.00	1494564197
free	Utilities	86	Boost Mobile	DISH Network LLC	2021-10-14	554758	4.71	2026-09-22	0.00	1587785671
free	Utilities	87	Burner: Second Phone Number	Ad Hoc Labs, Inc	2012-04-01	93904	4.69	2026-09-17	0.00	505800761
free	Utilities	88	textPlus: Text Message + Call	textPlus, Inc.	2009-06-01	271985	4.61	2026-08-20	0.00	314487667
free	Utilities	89	Second Phone Number - 2Number	BPMobile	2017-06-15	134793	4.5	2026-09-15	0.00	1216135390
free	Utilities	90	Kika Keyboard: Custom Themes	Cheese Mobile, Inc.	2015-10-12	324976	4.58	2026-10-02	0.00	1035199024
free	Utilities	91	Love8 - App for Couples	Chongqing Daole Er Technology Co., Ltd	2023-05-08	6944	4.6	2026-09-30	0.00	6448163027
free	Utilities	92	VPNIFY - Unlimited VPN	Neonetworks solution ltd	2020-07-31	111917	4.52	2026-09-29	0.00	1503251395
free	Utilities	93	Lens Scan: Identify Anything	EvenEdge	2024-09-04	18928	4.63	2026-09-24	0.00	6560107458
free	Utilities	94	LED light controller LED lamp	MARSHIS FLORIST CC	2022-05-06	12046	4.45	2026-09-17	0.00	1619787473
free	Utilities	95	myMetro®	MetroPCS	2017-05-04	144913	4.75	2026-09-26	0.00	1188830219
free	Utilities	96	TP-Link Deco	TP-Link Systems Inc.	2017-04-11	85328	4.86	2026-09-19	0.00	1186159417
free	Utilities	97	LotusLamp X	shenzhen ELK Technology Co., Ltd.	2021-08-17	440	2.82	2026-09-29	0.00	1581552792
free	Utilities	98	Joyhub	Leo Seto	2023-07-04	974	4.05	2026-09-22	0.00	6450443248
free	Utilities	99	Color Widgets	Digital Charms, Inc.	2020-09-17	525531	4.6	2026-09-15	0.00	1531594277
free	Utilities	100	ClearSpace：Clean Storage	GOOD STUDY NETWORK TECHNOLOGY LIMITED	2025-07-10	44	4.32	2026-05-15	0.00	6748386594
free	Travel	1	Uber - Rides, Eats, Hotels	Uber Technologies, Inc.	2010-05-20	16972301	4.9	2026-09-28	0.00	368677368
free	Travel	2	Lyft	Lyft, Inc.	2012-05-30	17754995	4.92	2026-09-29	0.00	529379082
free	Travel	3	Airbnb	Airbnb, Inc.	2010-11-10	702869	4.76	2026-10-01	0.00	401626263
free	Travel	4	Waymo	Waymo LLC	2019-12-05	255322	4.97	2026-09-28	0.00	1343524838
free	Travel	5	Booking.com: Hotels & Travel	Booking.com	2010-04-14	2177952	4.85	2026-10-01	0.00	367003839
free	Travel	6	Lime - #RideGreen	Neutron Holdings. Inc.	2017-05-09	2289042	4.93	2026-09-28	0.00	1199780189
free	Travel	7	American Airlines	American Airlines	2010-07-26	1635819	4.8	2026-09-28	0.00	382698565
free	Travel	8	Six Flags	Six Flags Entertainment Corporation	2015-05-29	171103	4.6	2026-09-21	0.00	988953433
free	Travel	9	Hilton Honors: Book Hotels	Hilton Worldwide Holdings Inc.	2013-04-29	3324233	4.9	2026-09-29	0.00	635150066
free	Travel	10	Fly Delta	Delta Air Lines, Inc.	2010-08-31	7003841	4.85	2026-09-23	0.00	388491656
free	Travel	11	U-Haul: Moving Made Easier®	U-Haul International, Inc.	2015-05-25	218109	4.49	2026-09-14	0.00	989307692
free	Travel	12	Trusted Traveler	US Customs and Border Protection	2026-09-15	872	4.73	2026-09-21	0.00	6761013741
free	Travel	13	Expedia: Hotels, Flights, Cars	Expedia, Inc.	2011-04-06	5952568	4.79	2026-09-29	0.00	427916203
free	Travel	14	United Airlines	United Airlines	2011-07-19	8371319	4.78	2026-09-30	0.00	449945214
free	Travel	15	Southwest Airlines: Travel App	Southwest Airlines Co.	2009-12-17	7222229	4.84	2026-10-01	0.00	344542975
free	Travel	16	Marriott Bonvoy: Book Hotels	Marriott International	2011-08-05	2873190	4.91	2026-09-25	0.00	455004730
free	Travel	17	Google Earth	Google	2008-10-27	47355	4.01	2026-09-24	0.00	293622097
free	Travel	18	Frontier Airlines	Frontier Airlines	2015-10-15	1300627	4.72	2026-10-02	0.00	1041410548
free	Travel	19	Upside: Gas & Food Cash Back	Upside Services Inc	2016-04-19	684789	4.79	2026-10-03	0.00	1099997174
free	Travel	20	Amtrak	Amtrak	2011-08-09	219421	4.66	2026-08-24	0.00	405074003
free	Travel	21	Turo — Better car rental	Turo Inc.	2012-08-31	853403	4.88	2026-09-28	0.00	555063314
free	Travel	22	Passport Parking	Passport Labs, Inc.	2012-03-09	97284	4.73	2026-06-30	0.00	501324867
free	Travel	23	PayByPhone Parking	PayByPhone Technologies Inc.	2011-07-15	761702	4.85	2026-09-22	0.00	448474183
free	Travel	24	Empower - Your ride, your way	Yazam Inc.	2019-11-22	81146	4.81	2026-10-02	0.00	1454849875
free	Travel	25	Veo	VEORIDE INC	2017-10-20	129249	4.83	2026-09-21	0.00	1279820696
free	Travel	26	Priceline - Hotel, Car, Flight	priceline.com	2009-10-26	1148850	4.83	2026-10-01	0.00	336381998
free	Travel	27	Vrbo: Vacation Rentals	HomeAway.com, Inc.	2017-07-19	3248536	4.82	2026-09-29	0.00	1245772818
free	Travel	28	Priority Pass+	Priority Pass Ltd	2026-01-19	965	1.5	2026-09-28	0.00	6739207531
free	Travel	29	Tesla Robotaxi	Tesla, Inc.	2025-09-03	8296	4.93	2026-09-24	0.00	6744257048
free	Travel	30	My Disney Experience	Disney	2012-08-02	3128817	4.68	2026-09-28	0.00	547436543
free	Travel	31	Flightradar24 | Flight Tracker	Flightradar24 AB	2010-07-21	665947	4.84	2026-09-28	0.00	382233851
free	Travel	32	Zoox	Zoox Inc.	2025-08-20	27954	4.96	2026-09-25	0.00	1588801295
free	Travel	33	GlobeRoam: GPS Camera Map	FIVE OCEANS	2024-11-20	9	3.22	2026-09-21	0.00	6738332678
free	Travel	34	Royal Caribbean International	Royal Caribbean Cruises Ltd.	2017-08-10	1267449	4.79	2026-09-17	0.00	1260728016
free	Travel	35	Universal Orlando Resort	NBCUniversal Media, LLC	2014-05-16	524517	4.81	2026-09-29	0.00	878217080
free	Travel	36	Alaska Hawaiian	Alaska Airlines, Inc.	2010-02-19	1639701	4.8	2026-09-22	0.00	356143077
free	Travel	37	Bolt: Request a Ride	BOLT TECHNOLOGY OU	2013-07-23	179439	4.79	2026-09-28	0.00	675033630
free	Travel	38	GasBuddy: Find & Pay for Gas	GasBuddy Organization Inc	2010-12-17	447897	4.69	2026-09-30	0.00	406719683
free	Travel	39	JetBlue	JetBlue Airways	2012-02-03	1452398	4.86	2026-09-30	0.00	481370590
free	Travel	40	Trip.com: Book Flights, Hotels	Trip.com Travel Singapore Pte. Ltd.	2013-08-05	37422	4.61	2026-09-22	0.00	681752345
free	Travel	41	GetYourGuide: Plan & Book	GetYourGuide	2013-10-30	327229	4.89	2026-09-28	0.00	705079381
free	Travel	42	Amex Travel	American Express	2025-09-18	45260	4.9	2026-09-09	0.00	6742465779
free	Travel	43	Enterprise Rent-A-Car	EAN Services, LLC	2015-10-03	777126	4.9	2026-10-01	0.00	1020641417
free	Travel	44	IHG One Rewards: Book Hotels	InterContinental Hotels Group	2010-04-26	809465	4.89	2026-09-30	0.00	368217298
free	Travel	45	Mobile Passport Control	US Customs and Border Protection	2021-05-11	640717	4.92	2026-09-28	0.00	1520656722
free	Travel	46	Disneyland®	Disney	2015-08-04	1882908	4.74	2026-09-28	0.00	1022164656
free	Travel	47	Viator Tours & Attractions	Viator	2011-05-16	290618	4.92	2026-09-28	0.00	434832826
free	Travel	48	Universal Studios Hollywood™	NBCUniversal Media, LLC	2016-09-26	208941	4.84	2026-09-29	0.00	1148662693
free	Travel	49	Hertz Rental Car, SUV, Van	The Hertz Corporation	2019-04-09	533471	4.81	2026-10-02	0.00	1456169098
free	Travel	50	Airalo: eSIM for travel & data	Airalo	2019-10-11	101378	4.58	2026-09-21	0.00	1475911720
free	Travel	51	Bird — Ride Electric	Blue Jay Transit Inc.	2017-09-11	1499683	4.89	2026-09-28	0.00	1260842311
free	Travel	52	Capital One Travel	Capital One	2026-03-17	26940	4.88	2026-10-01	0.00	6748926081
free	Travel	53	inDrive. Save on city rides	SUOL INNOVATIONS LTD	2013-12-20	413700	4.83	2026-10-01	0.00	780125801
free	Travel	54	LiveGlobe: GPS Map Camera	Yuenhe Innovations Co., Ltd.	2026-07-15	21	4.05	2026-09-25	0.00	6789414919
free	Travel	55	Grab: Taxi Ride, Food Delivery	Grab.com	2013-05-15	255686	4.85	2026-10-03	0.00	647268330
free	Travel	56	CLEAR: Travel Day Planning App	Alclear, LLC	2019-09-05	525673	4.75	2026-09-25	0.00	1436333504
free	Travel	57	Carnival HUB	Carnival Cruise Lines	2015-01-15	452355	4.68	2026-08-14	0.00	925117977
free	Travel	58	Breeze Airways	Breeze Airways	2021-05-21	143370	4.81	2026-08-14	0.00	1511231995
free	Travel	59	Love's Rewards	Love's Travel Stops & Country Stores, Inc.	2011-05-02	5978	3.78	2026-10-01	0.00	421276073
free	Travel	60	NJ TRANSIT	NEW JERSEY TRANSIT CORPORATION	2013-04-24	269576	4.8	2026-09-09	0.00	589549928
free	Travel	61	Hotels.com: Book Hotel Deals	Hotels.com	2019-02-11	2295361	4.79	2026-09-30	0.00	284971959
free	Travel	62	Allegiant	Allegiant Travel Company	2012-06-06	7873	2.78	2026-09-23	0.00	528413490
free	Travel	63	Rover – Pet Sitters	Rover.com	2012-08-08	515750	4.89	2026-09-30	0.00	547320928
free	Travel	64	World of Hyatt: Book Hotels	Hyatt	2011-11-02	259537	4.9	2026-09-02	0.00	476639005
free	Travel	65	Volaris	Volaris	2025-03-07	12576	4.78	2026-09-28	0.00	6739004533
free	Travel	66	The Official MTA App	Metropolitan Transportation Authority	2018-07-02	12589	4.37	2026-09-30	0.00	1297605670
free	Travel	67	Wanderlog - Travel Planner	Vacation and Travel Planner App LLC	2019-08-22	35648	4.9	2026-09-30	0.00	1476732439
free	Travel	68	Hopper: Flights, Hotels & Cars	Hopper	2015-01-27	1227232	4.82	2026-09-21	0.00	904052407
free	Travel	69	Spin — Electric Scooters	Pheenix USH LLC	2017-06-21	489929	4.67	2026-09-28	0.00	1241808993
free	Travel	70	Flighty – Live Flight Tracker	Flighty LLC	2019-08-19	155179	4.85	2026-09-17	0.00	1358823008
free	Travel	71	Allyz®	AGA Service Company	2013-02-22	53399	4.77	2026-09-14	0.00	598587147
free	Travel	72	Skyscanner Flights & Travel	Skyscanner	2011-02-17	500101	4.81	2026-09-29	0.00	415458524
free	Travel	73	Greyhound: Buy Bus Tickets	Greyhound Lines Inc	2014-10-28	237889	4.85	2026-09-22	0.00	931612822
free	Travel	74	Klook: Travel & Activities	Klook Travel Technology Limited	2015-04-23	8152	4.72	2026-09-20	0.00	961850126
free	Travel	75	Norwegian Cruise Line	Norwegian Cruise Line®	2024-08-28	220377	4.81	2026-10-01	0.00	6510931792
free	Travel	76	My BMW	BMW	2021-04-12	500988	4.85	2026-09-24	0.00	1519457734
free	Travel	77	SIXT rent, share, ride & plus	Sixt	2008-11-08	75709	4.9	2026-09-28	0.00	295079411
free	Travel	78	British Airways	British Airways Plc	2019-02-01	268749	4.49	2026-09-11	0.00	284793089
free	Travel	79	DiDi Rider: Affordable rides	DiDi	2018-04-22	32067	4.77	2026-09-17	0.00	1362398401
free	Travel	80	Fetii Ride	Rath Holdings	2019-11-07	4933	4.81	2026-08-26	0.00	1470368285
free	Travel	81	Freenow by Lyft - taxi & more	Intelligent Apps GmbH	2011-05-17	52557	4.79	2026-09-30	0.00	357852748
free	Travel	82	Ventra	Chicago Transit Authority	2015-11-18	3376	1.84	2026-07-15	0.00	1005645256
free	Travel	83	Locaris – GPS World Map	BIG BRIDGE NETWORK TECHNOLOGY LIMITED	2026-08-19	682	3.29	2026-09-16	0.00	6800541093
free	Travel	84	MBTA mTicket	MBTA	2012-11-11	652	2.61	2026-08-03	0.00	560487958
free	Travel	85	Lufthansa	Lufthansa Group Digital Hangar GmbH	2008-12-08	93722	4.75	2026-10-01	0.00	299219152
free	Travel	86	National Park Service	National Park Service	2021-02-01	132295	4.85	2026-09-19	0.00	1549226484
free	Travel	87	Air France - Book a flight	Societe Air France S.A.	2010-09-17	94842	4.78	2026-09-23	0.00	391968627
free	Travel	88	Avis - Car Rental	Avis Budget Group	2009-04-25	462912	4.73	2026-09-25	0.00	308342527
free	Travel	89	Recreation.gov	Booz Allen Hamilton Inc.	2019-03-29	387287	4.88	2026-09-23	0.00	1440487780
free	Travel	90	Air Canada + Aeroplan	Air Canada	2009-08-20	27351	4.78	2026-09-28	0.00	326459697
free	Travel	91	ATC - Live Air Traffic Radio	Enhanced Radar	2026-01-12	3802	4.68	2026-09-29	0.00	6755132266
free	Travel	92	Holafly eSIM: Unlimited Data	HOLAFLY LIMITED	2022-12-22	39395	4.81	2026-09-29	0.00	1629600786
free	Travel	93	FlixBus: Book Bus Tickets	Flix SE	2013-12-23	93603	4.82	2026-09-22	0.00	778437357
free	Travel	94	MGM Rewards	MGM Resorts	2010-04-12	263716	4.82	2026-09-29	0.00	366518979
free	Travel	95	GO / Taxi app for Japan visit	GO Inc.	2023-02-19	13218	4.88	2026-09-30	0.00	1254341709
free	Travel	96	Blacklane: Private Chauffeurs	Blacklane GmbH	2012-06-10	37885	4.91	2026-09-24	0.00	524123600
free	Travel	97	stayconnect® remote	SONIFI Solutions, Inc.	2022-11-01	135	1.69	2025-01-27	0.00	6443801825
free	Travel	98	Virgin Atlantic	Virgin Atlantic Airways Limited	2026-03-02	2737	4.7	2026-09-28	0.00	6755313143
free	Travel	99	NYC Ferry	Hornblower Cruises & Events	2017-04-23	54254	4.93	2026-09-03	0.00	1225258864
free	Travel	100	ParkChicago®	Chicago Parking Meters, LLC	2014-04-11	15127	4.72	2025-06-17	0.00	686658594
free	Sports	1	DraftKings: Sports & Casino	DraftKings	2018-08-03	1296953	4.82	2026-10-02	0.00	1375031369
free	Sports	2	Novig: Prediction Market	Novig, Inc.	2023-12-16	4679	4.58	2026-10-02	0.00	6443958997
free	Sports	3	ESPN: Live Sports & Scores	Disney	2009-06-01	4166567	4.65	2026-09-30	0.00	317469184
free	Sports	4	FanDuel Sportsbook & Casino	FanDuel, Inc.	2018-09-02	2272356	4.84	2026-10-02	0.00	1413721906
free	Sports	5	Luna Soccer: Scores & Stats	Cidades Food	2026-09-17	23	3.35	2026-09-17	0.00	6809375351
free	Sports	6	PrizePicks - Sports Picks	SidePrize, LLC	2018-10-15	500829	4.71	2026-10-02	0.00	1437843273
free	Sports	7	Twin Cities In Motion	Twin Cities In Motion	2025-02-11	6	3.33	2026-09-05	0.00	6741739063
free	Sports	8	bet365 - Sportsbook & Casino	Hillside Technology Limited	2019-08-22	347839	4.78	2026-09-30	0.00	1465717844
free	Sports	9	Underdog Sports	Underdog Sports, Inc.	2020-07-16	323692	4.85	2026-09-30	0.00	1514665962
free	Sports	10	Hudl	Agile Sports Technologies, Inc.	2011-02-17	16248	4.32	2026-10-02	0.00	412223222
free	Sports	11	Fanatics Sports & Casino	FBG ENTERPRISES OPCO, LLC	2023-03-31	282841	4.83	2026-10-02	0.00	1616738407
free	Sports	12	GoFan: Buy Tickets to Events	Huddle Tickets, LLC	2015-10-21	127236	4.78	2026-10-03	0.00	1049091284
free	Sports	13	ESPN Fantasy Sports & More	Disney	2012-09-04	2116257	4.78	2026-09-23	0.00	555376968
free	Sports	14	Fanatics: Shop NFL, NBA & MLB	Fanatics, Inc.	2013-11-05	197177	4.88	2026-09-28	0.00	712661687
free	Sports	15	NBA 2K HQ	2K	2026-08-21	901	3.06	2026-09-04	0.00	6745190566
free	Sports	16	GameChanger	GameChanger Media, Inc.	2017-11-15	905918	4.88	2026-09-26	0.00	1308415878
free	Sports	17	MLB	MLB	2012-02-29	945884	4.69	2026-09-23	0.00	493619333
free	Sports	18	DAZN: Stream Live Sports	DAZN Limited	2018-09-11	606121	4.66	2026-09-28	0.00	1129523589
free	Sports	19	Hard Rock Bet Sportsbook	Seminole Hard Rock Digital, LLC.	2021-11-01	351427	4.87	2026-10-02	0.00	1572525917
free	Sports	20	FOX Sports: Watch Live Games	FOX Sports Interactive	2008-11-24	71036	4.26	2026-09-18	0.00	294056623
free	Sports	21	Courtside - Social Sportsbook	Courtside Games Inc	2026-02-19	14184	4.85	2026-09-19	0.00	6759112783
free	Sports	22	MaxPreps: High School Sports	MaxPreps Inc.	2015-09-11	163333	4.77	2026-09-22	0.00	980665604
free	Sports	23	Betr - Sports & Gaming	Betr Holdings, Inc.	2022-08-25	69921	4.68	2026-09-17	0.00	1635215598
free	Sports	24	Apple Sports	Apple	2024-02-21	207320	4.74	2026-09-23	0.00	6446788829
free	Sports	25	NFHS Network	NFHS Network	2016-05-23	19108	4.27	2026-09-30	0.00	1116186798
free	Sports	26	BetMGM - Sportsbook & Casino	BetMGM	2018-10-20	261204	4.75	2026-09-22	0.00	1430875409
free	Sports	27	DraftKings Predictions	DraftKings	2025-12-19	13742	4.87	2026-10-03	0.00	6747457568
free	Sports	28	LA Clippers + Intuit Dome	LaClippers	2024-07-10	1028	4.61	2026-09-30	0.00	6476565235
free	Sports	29	Real - Sports	Real Vault, Inc.	2021-03-02	25807	4.81	2026-09-09	0.00	1514546162
free	Sports	30	Sleeper - Fantasy Sports	Blitz Studios	2015-05-01	292747	4.74	2026-09-29	0.00	987367543
free	Sports	31	CollX: Sports Card Scanner	CollX LLC	2022-01-10	48927	4.59	2026-09-30	0.00	1581164444
free	Sports	32	Moultrie	PRADCO Outdoor Brands	2016-04-20	39536	4.56	2026-09-28	0.00	1099295160
free	Sports	33	NFL	NFL Enterprises LLC	2010-09-09	412133	4.48	2026-09-29	0.00	389781154
free	Sports	34	FloSports: Watch Live Sports	FloSports Inc	2016-10-07	48278	4.5	2026-09-29	0.00	1149210891
free	Sports	35	sportsYou	sportsYou	2017-08-10	34945	4.82	2026-10-01	0.00	1186906455
free	Sports	36	ChiMarathon	Tata Consultancy Services	2013-10-08	1	4	2026-10-02	0.00	718145625
free	Sports	37	CBS Sports: Live Scores & News	CBS Interactive	2009-03-17	835515	4.72	2026-09-28	0.00	307184892
free	Sports	38	18Birdies: Golf GPS Tracker	18Birdies LLC	2014-07-05	305002	4.92	2026-09-22	0.00	892700751
free	Sports	39	MLB Ballpark	MLB	2012-04-02	1358843	4.63	2026-09-21	0.00	513135722
free	Sports	40	SoFi Stadium	Hollywood Park Management LLC	2021-09-12	1744	4.77	2026-09-09	0.00	1517896435
free	Sports	41	Wineglass Racing App	Dilltree Inc	2026-09-29	0	0	2026-09-29	0.00	6810794865
free	Sports	42	NBA: Live Games & Scores	NBA MEDIA VENTURES, LLC	2020-10-27	94012	4.66	2026-09-25	0.00	484672289
free	Sports	43	1v1Me - Esports Staking	1v1Me, Inc	2020-08-31	24499	4.81	2026-09-29	0.00	1522405338
free	Sports	44	Milwaukee Lakefront Marathon	Badgerland Striders	2023-09-12	9	3.22	2026-09-18	0.00	6466040083
free	Sports	45	Fliff - Sports & Casino	Fliff Inc.	2019-12-18	164641	4.82	2026-09-25	0.00	1489145500
free	Sports	46	Yahoo Fantasy Sports: NFL, MLB	Yahoo	2009-09-07	941887	4.79	2026-10-03	0.00	328415391
free	Sports	47	Bound Sports	ASPi Solutions, Inc.	2018-08-22	16569	4.46	2026-08-21	0.00	1342386997
free	Sports	48	NHL	NHL Interactive Cyberenterprises, LLC	2011-10-05	134699	4.7	2026-09-20	0.00	465092669
free	Sports	49	Caesars Sportsbook & Casino	Computerized Bookmaking Systems, Inc.	2018-09-26	112866	4.73	2026-09-30	0.00	1413099571
free	Sports	50	TeamSnap ONE	TeamSnap, Inc.	2025-06-12	13735	4.85	2026-09-29	0.00	6670517733
free	Sports	51	Dallas Cowboys	Dallas Cowboys Football Club, Ltd.	2012-08-03	858	3.97	2026-04-17	0.00	548528027
free	Sports	52	FotMob - Soccer Live Scores	FotMob AS	2011-12-21	173638	4.91	2026-10-03	0.00	488575683
free	Sports	53	Fishbrain - Fishing App	FishBrain	2013-02-23	74791	4.66	2026-09-21	0.00	477967747
free	Sports	54	IRONMAN Tracker	Dilltree Inc	2017-07-11	8331	4.87	2024-03-08	0.00	1183983404
free	Sports	55	Linemate: Find Your Next Bet	Linemate Inc.	2022-09-11	14322	4.85	2026-09-26	0.00	1635246793
free	Sports	56	Dabble - Real Money Pick 'Em	Dabble Sports	2023-10-23	37643	4.65	2026-09-28	0.00	6467868797
free	Sports	57	PlayMetrics	ReverbNation	2019-02-03	1162	4.06	2026-08-18	0.00	1450640824
free	Sports	58	FantasyPros - Fantasy Advice	Marzen Media LLC	2016-09-04	88143	4.79	2026-09-14	0.00	1141119371
free	Sports	59	RotoBot - AI Sports Insights	Rotobot.ai	2024-09-29	1804	4.6	2026-09-28	0.00	6502530085
free	Sports	60	TeamReach – Your Team App	TeamReach	2016-04-25	7051	4.63	2026-09-11	0.00	1101253705
free	Sports	61	B1G+: Watch College Sports	Big Ten Network	2011-11-15	31	1.84	2026-09-17	0.00	474679690
free	Sports	62	SportsEngine - Team management	SportsEngine, Inc.	2012-04-17	223771	4.8	2026-09-11	0.00	499597400
free	Sports	63	HryFine	Shenzhen United Power Technology Co., Ltd.	2018-12-18	1738	2.92	2026-09-10	0.00	1447215452
free	Sports	64	MN DNR Licensing	Sovereign Sportsman Solutions, LLC	2026-06-09	45	3.31	2026-10-02	0.00	6504260173
free	Sports	65	theScore: Sports News & Scores	Score Media and Gaming Inc.	2019-02-12	854418	4.82	2026-10-01	0.00	285692706
free	Sports	66	TV Azteca Deportes	Azteca Web, S.A. de C.V.	2010-06-15	4295	4.52	2026-09-23	0.00	376791387
free	Sports	67	Hometown Fan	HomeTown Ticketing, Inc	2021-05-27	28031	4.74	2026-07-17	0.00	1556279241
free	Sports	68	Hudl Fan: Find. Watch. Follow.	Agile Sports Technologies, Inc.	2023-08-24	289	2.58	2026-09-30	0.00	6449098724
free	Sports	69	Card Ladder	Ladder Studios, Inc	2021-02-02	10443	4.85	2026-09-17	0.00	1541535971
free	Sports	70	SWAC TV	GIDEO LLC	2025-07-10	40	3.3	2026-09-11	0.00	6748286883
free	Sports	71	TeamSnap	TeamSnap, Inc.	2010-09-23	60076	4.76	2026-09-30	0.00	393048976
free	Sports	72	New Ryan Field	Northwestern University	2026-09-21	32	3.84	2026-09-21	0.00	6801197851
free	Sports	73	LUDEX Sports Card Scanner +TCG	Ludex, LLC	2022-06-08	27690	4.71	2026-09-01	0.00	1616691213
free	Sports	74	Varsity Network	Learfield Communications, Inc.	2021-08-18	540	2.95	2025-12-15	0.00	1574519982
free	Sports	75	Pick6 DraftKings Sports Picks	DraftKings	2023-12-06	43762	4.83	2026-09-29	0.00	6469419630
free	Sports	76	Fanatics Collect	Fanatics Collectibles AD, Inc.	2021-07-06	8426	4.74	2026-09-29	0.00	1546059696
free	Sports	77	Veo: Watch & Analyze	Veo Technologies ApS	2022-03-12	13409	4.76	2026-09-21	0.00	1573754839
free	Sports	78	Sofascore: Live Sports Scores	Sofascore	2016-12-01	77723	4.87	2026-09-29	0.00	1176147574
free	Sports	79	WalterPicks – Data Insights	WalterPicks LLC	2020-08-06	19850	4.77	2026-09-26	0.00	1521523140
free	Sports	80	Sports Card Scanner - Cardora	Troodon	2026-05-08	674	4.52	2026-08-29	0.00	6762001564
free	Sports	81	NBC Sports	NBCUniversal Media, LLC	2012-07-12	438861	4.56	2026-09-24	0.00	542511686
free	Sports	82	ProphetX Prediction Market	ProphetX OpCo LLC	2024-08-13	3404	4.77	2026-09-30	0.00	6504584166
free	Sports	83	Golf Genius	Golf Genius Software, Inc.	2012-09-03	72866	4.84	2026-09-10	0.00	555651262
free	Sports	84	Trace Teams	AlpineReplay, Inc.	2018-06-11	4021	4.76	2026-10-01	0.00	1351001083
free	Sports	85	TUDN: TU Deportes Network	Univision Communications Inc.	2010-02-10	89107	4.55	2026-07-18	0.00	353665650
free	Sports	86	LeagueApps Play	LeagueApps	2021-02-24	4765	4.65	2026-10-01	0.00	1534160239
free	Sports	87	Winible: Expert Sports Picks	Winible	2026-01-13	1847	4.81	2026-09-28	0.00	6748405452
free	Sports	88	Texas Hunt & Fish	Texas Parks & Wildlife	2014-05-07	77	2.84	2026-09-09	0.00	873238098
free	Sports	89	My Epic: Skiing & Snowboarding	The Vail Corporation	2011-01-24	100424	4.6	2026-09-09	0.00	395375487
free	Sports	90	Seven Pro	ali el-ghizlany	2026-07-26	3	3.67	2026-09-15	0.00	6788516715
free	Sports	91	Chalkboard Sports	Taild Sports Inc.	2020-10-13	35746	4.72	2026-10-01	0.00	1489084813
free	Sports	92	Michigan DNR Hunt Fish	State of Michigan - Department of Technology, Management and Budget	2022-08-01	182	4.24	2026-08-04	0.00	1631380834
free	Sports	93	Gillette Stadium	New England Patriots	2010-08-10	924	4.81	2026-08-27	0.00	386241868
free	Sports	94	SPYPOINT	9138-4529 Quebec Inc.	2016-03-10	41427	4.32	2026-09-17	0.00	1074343060
free	Sports	95	Sports Card Scanner - StarSnap	Next Vision Limited	2025-10-24	27668	4.68	2026-09-28	0.00	6752947519
free	Sports	96	NorCal	NorCal Premier Soccer	2026-08-06	10	2.8	2026-10-02	0.00	6771761943
free	Sports	97	Nova Soccer Live Hub	SEBASTIAN COOPER	2026-07-01	72	3.25	2026-08-17	0.00	6784669618
free	Sports	98	HuntStand: GPS Maps & Tools	GSM Outdoors	2013-12-18	58826	4.6	2026-09-22	0.00	778772892
free	Sports	99	Arbiter	ArbiterSports LLC	2021-06-11	1160	4.41	2026-09-30	0.00	1570396662
free	Sports	100	Sun Devil Athletics Game Day	Arizona State University	2022-08-25	0	0	2026-09-29	0.00	1634252824
free	Social Networking	1	Threads	Instagram, Inc.	2023-07-05	2277282	4.64	2026-09-28	0.00	6446901002
free	Social Networking	2	WhatsApp Messenger	WhatsApp Inc.	2009-05-03	18710778	4.68	2026-09-28	0.00	310633997
free	Social Networking	3	Facebook	Meta Platforms, Inc.	2019-02-05	28605085	4.53	2026-09-30	0.00	284882215
free	Social Networking	4	Life360: Family Safety & GPS	Life360	2010-08-10	3096820	4.79	2026-10-01	0.00	384830320
free	Social Networking	5	Telegram Messenger	Telegram FZ-LLC	2013-08-14	281986	4.01	2026-09-12	0.00	686449807
free	Social Networking	6	Discord - Talk, Play, Hang Out	Discord Inc.	2015-05-21	3559116	4.7	2026-09-28	0.00	985746746
free	Social Networking	7	Messenger	Meta Platforms, Inc.	2011-08-09	13710945	4.66	2026-09-30	0.00	454638411
free	Social Networking	8	TextNow: Call + Text Unlimited	TextNow, Inc.	2009-05-06	922840	4.78	2026-09-29	0.00	314716233
free	Social Networking	9	GroupMe	Skype Communications S.a.r.l	2010-09-25	1559117	4.72	2026-09-30	0.00	392796698
free	Social Networking	10	Signal - Private Messenger	Signal Messenger, LLC	2014-07-29	1094245	4.73	2026-10-01	0.00	874139669
free	Social Networking	11	Google Meet	Google	2016-09-01	2332586	4.76	2026-09-28	0.00	1096918571
free	Social Networking	12	Valid - Compliment Classmates	RevueAI, Inc	2025-12-11	8388	4.78	2026-10-02	0.00	6755367062
free	Social Networking	13	Reco Social	Reco Social, Inc.	2025-03-12	28665	4.72	2026-09-24	0.00	6742024490
free	Social Networking	14	Locket Widget	Locket Labs, Inc.	2021-12-30	574166	4.76	2026-10-02	0.00	1600525061
free	Social Networking	15	LineLeap	LineLeap	2015-02-04	2947	4.66	2026-09-28	0.00	960804043
free	Social Networking	16	BAND - App for all groups	NAVER Corp.	2012-08-07	69187	4.74	2026-10-01	0.00	542613198
free	Social Networking	17	BIGO LIVE-Live Stream, Go Live	BIGO TECHNOLOGY PTE. LTD.	2016-03-11	231428	4.48	2026-07-23	0.00	1077137248
free	Social Networking	18	Text Free: Second Phone Number	Pinger, Inc.	2010-12-14	606752	4.67	2026-09-24	0.00	399355755
free	Social Networking	19	Forum, a Facebook app	Meta Platforms, Inc.	2026-05-21	6954	4.73	2026-10-03	0.00	6758308862
free	Social Networking	20	Letterboxd	Letterboxd	2016-03-15	88337	4.82	2026-09-16	0.00	1054271011
free	Social Networking	21	Zangi - Private Messenger	Secret Phone, Inc	2012-08-08	9981	3.98	2026-09-29	0.00	549493839
free	Social Networking	22	Text Me - Phone Call + Texting	TextMe, Inc.	2012-05-22	674293	4.7	2026-09-20	0.00	514485964
free	Social Networking	23	Instants, an Instagram app	Instagram, Inc.	2026-05-12	21657	4.74	2026-09-29	0.00	6756442328
free	Social Networking	24	WeChat	WeChat	2011-01-20	81257	3.93	2026-09-29	0.00	414478124
free	Social Networking	25	Skool Communities	Skool.com, Inc.	2023-05-14	773	3.84	2026-07-21	0.00	6447270545
free	Social Networking	26	Wizz App - chat now	VLB	2019-02-24	303662	4.19	2026-09-29	0.00	1452906710
free	Social Networking	27	Yik Yak	Yik Yak, Inc.	2021-08-16	51095	3.92	2026-09-22	0.00	1573043816
free	Social Networking	28	Clapper: Video, Live, Chat	CLAPPER MEDIA GROUP INC.	2020-07-10	84505	4.64	2026-09-24	0.00	1522122685
free	Social Networking	29	Widgetable: Besties & Couples	Widgetable,Inc.	2022-08-27	385940	4.92	2026-09-24	0.00	1641107226
free	Social Networking	30	Giggles: Videos & Trends	Giggles Platforms Inc	2025-04-05	5607	4.37	2026-09-21	0.00	6740692268
free	Social Networking	31	GettingOut	Telmate, LLC	2014-08-14	2187	1.92	2026-05-12	0.00	907226423
free	Social Networking	32	Yubo: Chat Meet & Make Friends	Twelve APP	2015-10-11	373402	4.52	2026-09-30	0.00	1038653883
free	Social Networking	33	BFF: Make friends & meet up	Geneva Technologies, Inc.	2020-03-16	8521	4.19	2026-10-01	0.00	1478573199
free	Social Networking	34	Grindr - Gay Dating & Chat	Grindr LLC	2009-06-24	388277	4.45	2026-10-01	0.00	319881193
free	Social Networking	35	Upward Dating: Meet Singles	Affinity Apps, LLC	2020-03-04	162147	4.34	2026-10-02	0.00	1499137942
free	Social Networking	36	Meetup: Social Events & Groups	Meetup LLC	2010-06-12	272659	4.72	2026-09-30	0.00	375990038
free	Social Networking	37	Beer Buddy - Friends Alerts	Buddy Network GmbH	2019-12-09	114244	4.86	2026-10-02	0.00	1487915470
free	Social Networking	38	Securus Mobile	SECURUS TECHNOLOGIES LLC	2016-01-20	58256	4.62	2026-09-03	0.00	1059629706
free	Social Networking	39	GettingOut Visits	Telmate, LLC	2018-07-27	128	2.2	2026-08-10	0.00	1342522622
free	Social Networking	40	Bump - real life is happening	amo	2023-12-19	6822	4.8	2026-10-03	0.00	6471519217
free	Social Networking	41	Facebook Creator Studio	Meta Platforms, Inc.	2026-08-10	306	4.76	2026-09-22	0.00	6761864604
free	Social Networking	42	Coverstar - Positive Social	Norae Inc.	2017-03-30	217757	4.74	2026-10-02	0.00	1219890480
free	Social Networking	43	rednote	Xingin	2013-12-04	269318	4.86	2026-10-01	0.00	741292507
free	Social Networking	44	LINE	LINE Corporation	2011-06-22	18415	3.2	2026-09-29	0.00	443904275
free	Social Networking	45	BeReal: Photos & Friends Daily	BeReal	2020-01-08	1158664	4.77	2026-09-29	0.00	1459645446
free	Social Networking	46	Sticker.ly - Sticker Maker	NAVER Z Corporation	2019-04-11	150127	4.77	2026-09-30	0.00	1458740001
free	Social Networking	47	BLK: Black Singles Dating App	Affinity Apps, LLC	2017-08-07	555340	4.57	2026-10-02	0.00	1253586891
free	Social Networking	48	MONOPOLY GO!Chat	Scopely, Inc.	2026-03-30	266	3.97	2026-10-01	0.00	6747054496
free	Social Networking	49	Taimi LGBTQ+ Dating & Chat App	Social Impact Inc.	2017-09-18	213455	4.42	2026-09-25	0.00	1282966364
free	Social Networking	50	Tumblr: Social Media & Art	Tumblr, Inc.	2009-02-24	373992	4.2	2026-09-28	0.00	305343404
free	Social Networking	51	Talkatone: WiFi Text & Calls	TALKATONE, INC.	2010-10-27	142371	4.7	2026-08-13	0.00	397648381
free	Social Networking	52	ThingsBook	Naver U.Hub Inc.	2026-01-25	1574	4.56	2026-09-23	0.00	6745533235
free	Social Networking	53	Plato: Fun Multiplayer Games	Plato Team Inc	2016-12-07	286735	4.75	2026-09-29	0.00	1054747306
free	Social Networking	54	Plenty of Fish : Dating App	PlentyOfFish	2010-09-16	1808824	4.29	2026-08-18	0.00	389638243
free	Social Networking	55	Nicegram: AI for Telegram X	Appvillis	2022-03-08	22254	4.64	2026-09-04	0.00	1608870673
free	Social Networking	56	Messenger Kids	Meta Platforms, Inc.	2017-12-04	116048	4.26	2026-08-19	0.00	1285713171
free	Social Networking	57	Hunch Dating App: Vibe & Meet	INKS TECHNOLOGY SERVICES PTE. LTD.	2022-12-20	6297	3.73	2026-10-02	0.00	6444654663
free	Social Networking	58	Bumpy – International Dating	Bumpy Inc.	2019-08-01	41472	4.54	2026-10-01	0.00	1455336523
free	Social Networking	59	Howbout: shared calendar	Howbout Ltd.	2019-11-30	50534	4.82	2026-09-30	0.00	1477248221
free	Social Networking	60	Rakuten Viber Messenger	Viber Media SARL.	2010-12-02	831101	4.6	2026-10-01	0.00	382617920
free	Social Networking	61	Garmin Messenger™	Garmin	2022-09-26	13484	4.6	2026-09-29	0.00	1550351929
free	Social Networking	62	Frnds of Frnds	Frnds LLC	2025-02-19	141	3.54	2026-08-31	0.00	6739178315
free	Social Networking	63	Match Dating App: Chat & Meet	Match Group Americas, LLC	2009-03-26	240974	3.87	2026-09-11	0.00	305939712
free	Social Networking	64	GТL: Gеtting Оut Messaging	Telmate product INC.	2026-06-30	1038	4.12	2026-09-24	0.00	6783769467
free	Social Networking	65	Curvy Dating App: WooPlus	DATING OASIS LIMITED	2015-10-20	59385	4.54	2026-10-03	0.00	1011085984
free	Social Networking	66	Chispa: Dating App for Latinos	Affinity Apps, LLC	2017-11-16	375152	4.53	2026-10-02	0.00	1289684085
free	Social Networking	67	setlog - friends camera	new chat	2025-12-24	56	3.93	2026-10-02	0.00	6587576438
free	Social Networking	68	Linktree: Link in Bio Creator	Linktree	2022-07-11	61685	4.82	2026-10-03	0.00	1593515263
free	Social Networking	69	ZEPETO: Avatar, Connect & Live	NAVER Z Corporation	2018-02-28	541464	4.65	2026-09-21	0.00	1350301428
free	Social Networking	70	Radiate	Radiate The World, Inc.	2015-06-30	30833	4.89	2026-08-30	0.00	939284774
free	Social Networking	71	Reports Unfollowers Followers+	BYTECORE MOBILITY LIMITED	2020-03-06	131195	4.45	2026-09-30	0.00	1499924074
free	Social Networking	72	Sea Soul	SUNRISEAI PTE. LTD.	2026-02-23	826	3.98	2026-09-25	0.00	6758688589
free	Social Networking	73	LINUX DO Community	UASM, LLC	2026-10-02	10	4.6	2026-10-02	0.00	6758321192
free	Social Networking	74	Steam Chat	Valve	2019-05-22	1582	1.8	2021-01-06	0.00	1434890245
free	Social Networking	75	Reports+ Unfollowers Follower	Deep Vision Labs	2020-08-07	493243	4.56	2026-06-27	0.00	1481469888
free	Social Networking	76	ClearTok: Repost Remover	Data-Traces LLC	2026-01-30	3165	4.74	2026-09-28	0.00	6758125008
free	Social Networking	77	Azar: Chat, Meet Friends	Hyperconnect LLC	2015-06-11	101966	4.33	2026-09-22	0.00	972558973
free	Social Networking	78	Flare - For Groups	Flare App, Inc.	2016-02-20	6621	4.88	2026-09-22	0.00	1086013687
free	Social Networking	79	Seasoned: Jobs & Community	Seasoned, LLC	2019-02-01	4236	4.46	2026-07-19	0.00	1440822962
free	Social Networking	80	Boo Dating App: Date & Friends	Boo Enterprises, Inc.	2020-02-22	210283	4.17	2026-09-29	0.00	1498407272
free	Social Networking	81	Litstick - Best Stickers App	Sociaaal LLC	2019-08-15	282788	4.64	2026-08-24	0.00	1472619338
free	Social Networking	82	Circle Communities	CircleCo Inc	2021-01-25	85011	4.87	2026-09-29	0.00	1509651625
free	Social Networking	83	Plots - Host & Find Events	Plots Inc.	2023-04-06	3349	4.79	2026-10-03	0.00	1633178565
free	Social Networking	84	Reports+ for Followers Tracker	FAMEDMOBILE MARKET LIMITED	2019-11-30	33447	4.52	2026-09-28	0.00	1485509764
free	Social Networking	85	Backbone — Next-Level Play	Backbone Labs, Inc. (US)	2020-10-19	101021	4.8	2026-09-14	0.00	1449660663
free	Social Networking	86	botim	Algento Cloud Computing Limited	2017-08-13	52258	4.33	2026-10-02	0.00	1263036818
free	Social Networking	87	Vlogit: Vlogs With Friends	Vlogit	2026-06-15	3168	4.76	2026-08-05	0.00	6753156888
free	Social Networking	88	Marco Polo - Video Messenger	Joya Communications	2014-10-07	2161483	4.76	2026-09-28	0.00	912561374
free	Social Networking	89	SUGO-Online Chat Party	MOBILE ALPHA LIMITED	2021-07-25	1392	2.93	2026-09-04	0.00	1574436604
free	Social Networking	90	Bluesky Social	Bluesky PBLLC	2023-02-18	13743	3.88	2026-09-24	0.00	6444370199
free	Social Networking	91	Tato Talk	BackEndTech	2026-04-03	12	3.58	2026-08-21	0.00	6761046869
free	Social Networking	92	FET: Kinky BDSM Dating App	Ideawise Ltd.	2019-11-13	24701	4.32	2026-08-24	0.00	1478870872
free	Social Networking	93	3Fun: Couples & Singles Dating	3Fun Limited	2016-10-28	149529	4.43	2026-09-23	0.00	1164067996
free	Social Networking	94	BOSS Revolution: Call & Top up	Boss Revolution	2013-08-19	277623	4.68	2026-09-24	0.00	586745548
free	Social Networking	95	Weverse: Connect with Artists	WEVERSE COMPANY Inc.	2019-06-14	57709	4.69	2026-09-21	0.00	1456559188
free	Social Networking	96	TalkU: Unlimited Calls + Texts	Newtone Communications Inc	2014-05-22	22234	4.51	2021-11-05	0.00	863809868
free	Social Networking	97	Ashley Madison Discreet Dating	Ruby Life Inc.	2011-01-31	78357	4.05	2026-09-29	0.00	359478823
free	Social Networking	98	MeetMe: Go Live & Meet People	The Meet Group Inc.	2010-05-27	373828	4.29	2026-09-30	0.00	372648912
free	Social Networking	99	JusTalk - Video Chat & Calls	Jus	2013-04-05	75791	4.44	2026-09-24	0.00	627958823
free	Social Networking	100	Chisme - Planes entre mujeres	Viste Ltd	2025-10-23	767	4.89	2026-09-24	0.00	6753000653
free	Reference	1	Google Translate	Google	2011-02-08	83828	4.29	2026-09-28	0.00	414706506
free	Reference	2	Bible	Life.Church	2019-02-12	13809783	4.91	2026-09-30	0.00	282935706
free	Reference	3	Collectr - TCG Collector App	Collectr	2022-01-31	66750	4.88	2026-09-30	0.00	1603892248
free	Reference	4	Bible Chat: Daily Devotional	Book Vitals Inc.	2023-05-11	364546	4.92	2026-09-30	0.00	6448849666
free	Reference	5	Bible Widgets: Verses & Prayer	Monkey Taps	2025-05-30	115778	4.86	2026-10-02	0.00	6745089450
free	Reference	6	Translate Now - AI Translator	Air Apps Systems	2018-03-23	369939	4.69	2026-10-02	0.00	1348028646
free	Reference	7	Live Translator: Translate +	Yuenhe Innovations Co., Ltd.	2025-02-07	1234	4.37	2026-06-11	0.00	6741623453
free	Reference	8	Bible Shorts: Watch & Study	澳 董	2026-07-30	1766	4.66	2026-09-30	0.00	6795921981
free	Reference	9	Sky Guide	Fifth Star Labs LLC	2013-05-06	375540	4.84	2026-10-01	0.00	576588894
free	Reference	10	TCG Card Scanner - FoilSnap	Next Vision Limited	2025-09-30	14026	4.76	2026-09-28	0.00	6752642525
free	Reference	11	Live Translator - AI Translate	DigitalSail (HK) Limited	2025-02-07	20414	4.56	2026-09-29	0.00	6740606431
free	Reference	12	CoinSnap: Coin Identifier	Next Vision Limited	2022-08-03	305611	4.72	2026-09-08	0.00	1634551626
free	Reference	13	Tarbo PDF Creator	MINER (HK) CO., LIMITED	2024-10-17	96	4.39	2026-01-04	0.00	6737012593
free	Reference	14	Night Sky	iCandi Apps Ltd.	2011-11-01	496242	4.71	2026-09-14	0.00	475772902
free	Reference	15	Merlin Bird ID by Cornell Lab	Cornell University	2013-12-11	113544	4.86	2026-09-28	0.00	773457673
free	Reference	16	Star Gazer - Astronomy Sky Map	LeoStudio Global	2024-10-16	1554	4.65	2026-10-02	0.00	6736361418
free	Reference	17	WoodSense: Wood Plans & Guides	Next Vision Limited	2025-10-28	15578	4.73	2026-09-25	0.00	6754165620
free	Reference	18	Smart Translator: AI Translate	Hong Kong Wenzel Limited	2025-01-17	133	4.68	2026-09-29	0.00	6740012904
free	Reference	19	HoloDex - TCG Scan & Collect	MAVELLI FZCO	2025-09-08	23690	4.82	2026-09-10	0.00	6747442689
free	Reference	20	Facts - Daily Random Trivia	Monkey Taps	2014-10-14	67397	4.77	2026-10-01	0.00	924977069
free	Reference	21	CoinIn: Coin Scan Identifier	Vortemol Limited	2023-03-16	101459	4.67	2026-09-28	0.00	1672111368
free	Reference	22	AntiqSnap: Antique Identifier	Next Vision Limited	2025-10-15	31401	4.68	2026-09-28	0.00	6752929120
free	Reference	23	Hallow: Prayer & Meditation	Hallow, Inc.	2018-12-06	378347	4.89	2026-09-21	0.00	1405323394
free	Reference	24	CCN: TCG & Collectible Alerts	Crep Chief Notify LTD	2022-03-28	1923	4.36	2026-09-19	0.00	1609983545
free	Reference	25	PSA: Card Tracking & Grading	PSA	2015-06-03	58721	4.83	2026-09-28	0.00	996239729
free	Reference	26	Creed: Bible Chat & Companion	Lemon Tree Labs Inc	2025-08-05	68163	4.88	2026-09-28	0.00	6747326744
free	Reference	27	Bible Path: Prayers & Widgets	DEEP FLOW SOFTWARE SERVICES	2024-08-14	44256	4.77	2026-09-29	0.00	6504798650
free	Reference	28	Haven - Bible Chat	E12 Holdings	2024-06-03	149295	4.88	2026-10-02	0.00	6503387382
free	Reference	29	Rare Candy: Scan Pokémon Cards	Rare Candy	2022-10-02	7572	4.78	2026-09-23	0.00	1608616408
free	Reference	30	AI Translator:Voice&Text&Photo	THREE TIGER NETWORK TECHNOLOGY LIMITED	2023-08-16	948	4.61	2025-10-14	0.00	6462119099
free	Reference	31	Ancestry: Family History & DNA	Ancestry.com	2010-01-18	647770	4.77	2026-09-29	0.00	349554263
free	Reference	32	PriceCharting: TCG, Games+	PriceCharting, LLC.	2023-09-11	26917	4.82	2026-09-27	0.00	6452190948
free	Reference	33	Brickify: Collection Tracker	Brickify LLC	2026-02-11	5539	4.67	2026-09-29	0.00	6758356210
free	Reference	34	BibleScroll: Christian Focus	Screen Detox Inc	2026-02-01	5771	4.82	2026-09-30	0.00	6755406222
free	Reference	35	PokeNotify: TCG Restock Alerts	PokeNotify	2026-08-10	139	4.09	2026-08-19	0.00	6772830132
free	Reference	36	Translate AI - Live Translate	HEYOS	2025-01-30	4199	4.31	2026-10-03	0.00	6738304985
free	Reference	37	Kuli Kuli: Travel Translator	If Tech	2023-09-19	357	4.56	2026-09-25	0.00	6458146511
free	Reference	38	Wikipedia	Wikimedia Foundation	2009-08-17	6309	4.34	2026-09-30	0.00	324715238
free	Reference	39	AI CoinScan: Coin ID & Value	Wilfred Ong	2025-11-16	1064	4.0	2026-09-28	0.00	6754443808
free	Reference	40	FamilySearch Tree	FamilySearch International	2014-07-15	502977	4.83	2026-10-02	0.00	885982973
free	Reference	41	HeritageAI: Ancestry & Origins	JOYLINK NETWORK TECH LIMITED	2026-04-18	960	3.82	2026-09-16	0.00	6761894538
free	Reference	42	DeckTradr	DeckTradr LLC	2025-08-16	651	4.89	2026-09-18	0.00	6748241256
free	Reference	43	SpeakEasy Translator	Elite Wealth Co., Ltd.	2025-06-12	61	4.79	2026-03-12	0.00	6747021073
free	Reference	44	Bible Bff-Modern Bible Stories	Idea Garden LLC	2025-07-15	14782	4.79	2026-09-16	0.00	6745900126
free	Reference	45	WBuilds for Building Guide	Sagar Khurana	2025-12-11	4136	4.63	2026-10-03	0.00	6755657280
free	Reference	46	Translate One: AI Translator	Tung To Dinh	2024-11-10	2340	4.65	2026-10-02	0.00	6736970537
free	Reference	47	Lens AI & Reverse Image Search	HEYOS	2025-12-08	509	3.96	2026-09-30	0.00	6753348682
free	Reference	48	Faithe: Bible Videos & Study	Tightrope Interactive, Inc.	2024-12-16	9320	4.78	2026-07-20	0.00	6736618823
free	Reference	49	Cardly AI: Sports Card Scanner	Scate	2025-07-02	10964	4.55	2026-09-25	0.00	6747571942
free	Reference	50	Blue Letter Bible	Blue Letter Bible	2010-05-17	359038	4.87	2026-10-02	0.00	365547505
free	Reference	51	Merriam-Webster Dictionary	Merriam-Webster, Inc.	2010-12-14	328800	4.8	2026-09-22	0.00	399452287
free	Reference	52	Quran Majeed – القران الكريم	Pakistan Data Management Services	2010-04-01	240930	4.75	2026-08-30	0.00	365557665
free	Reference	53	Curio - Antique Identifier	Dionysus Labs, LLC	2024-07-22	16147	4.82	2026-09-10	0.00	6520380757
free	Reference	54	Blood Sugar Tracker-AI Health	INTERNATIONAL ASSOCIATION OF MANAGEMENT SCIENCE AND ENGINEERING TECHNOLOGY LIMITED	2025-03-24	122	3.16	2026-06-26	0.00	6743440223
free	Reference	55	Bidstitch: Vintage Scanner	Bidstitch App, Inc.	2026-08-25	449	4.76	2026-09-28	0.00	6760296578
free	Reference	56	Naver Papago - AI Translator	NAVER Corp.	2016-09-10	3466	4.69	2026-10-02	0.00	1147874819
free	Reference	57	Niyat: Quran, Prayer & Dua	Fahim Bin Zahur	2026-03-26	933	4.86	2026-10-03	0.00	6760214927
free	Reference	58	Alexa App Set Up All Echo	Chau Duong	2026-05-06	1481	4.32	2026-05-27	0.00	6761295368
free	Reference	59	eTranslator-AI Translate	HIGHONE (HK) Inc	2025-01-15	2305	4.52	2026-08-07	0.00	6740013449
free	Reference	60	TYPA - Restock Alerts Tracker	TYPA INC	2025-05-02	2232	4.72	2026-10-01	0.00	6744125469
free	Reference	61	Bible - Daily Bible Verse KJV	Ozion	2018-04-22	497102	4.87	2026-09-24	0.00	1357464684
free	Reference	62	Theo: Prayer & Meditation	Familify Corp	2025-02-14	4103	4.52	2026-10-02	0.00	6740779207
free	Reference	63	Truthly: Catholic AI	Truthly, Inc.	2024-07-02	5931	4.91	2026-09-21	0.00	6504047524
free	Reference	64	Sacred Shorts: Bible Videos	Ian Marco Rodriguez	2026-02-27	7111	4.78	2026-10-02	0.00	6759298323
free	Reference	65	Sewpal: Sewing Pattern & Guide	PIXELCELL.LIMITED	2025-11-03	11567	4.77	2026-09-25	0.00	6754315885
free	Reference	66	FamilyRoot:Heritage & Ancestry	X-DREAM PTE. LTD	2026-06-03	762	4.17	2026-09-04	0.00	6771254841
free	Reference	67	Quranify: Quran Audio Player	Dastan Makhutov	2025-12-28	2388	4.75	2026-09-02	0.00	6756227351
free	Reference	68	Dwell: Audio Bible	Dwell App, LLC	2018-08-02	86849	4.89	2026-09-16	0.00	1343917374
free	Reference	69	Auto Clicker: Tap Automation	Florence Mitchell	2026-01-30	1334	4.43	2026-01-31	0.00	6758081018
free	Reference	70	Orbital Traffic	IAN HUNTER LEWIS	2026-09-07	6	5	2026-10-03	0.00	6788125984
free	Reference	71	#Bible - Verse of the Day	Godward LLC	2017-10-20	390369	4.88	2026-09-12	0.00	1255711035
free	Reference	72	InstantTranslator:AI Translate	APPLABS LIMITED	2024-08-22	4239	4.4	2026-09-19	0.00	6636468891
free	Reference	73	Sky Tonight - Stargazing Guide	Vito Technology Inc.	2021-08-18	75748	4.76	2026-07-12	0.00	1570594940
free	Reference	74	Bible Widget	Kawaii	2023-10-09	27454	4.84	2026-09-07	0.00	6468968478
free	Reference	75	JW Library	Watchtower Bible and Tract Society of New York, Inc.	2013-10-07	48030	4.81	2026-09-24	0.00	672417831
free	Reference	76	CarDex - Scan & Collect Cars	TalkUp LLC	2026-06-13	299	4.59	2026-10-03	0.00	6775677639
free	Reference	77	Holy Bible Widget: Daily Verse	Orbit Studios	2026-03-31	2000	4.74	2026-09-25	0.00	6760676817
free	Reference	78	Easy to Read&Translate	MINER (HK) CO., LIMITED	2024-06-20	23	4.26	2026-07-28	0.00	6504482286
free	Reference	79	Bible Note: Sermon Notes	Note AI	2025-04-02	24155	4.83	2026-09-25	0.00	6743159952
free	Reference	80	Streameast - Live sports, IPTV	Elizabeth Walker	2025-12-01	2287	4.65	2025-12-01	0.00	6753670404
free	Reference	81	Athkar - أذكار	fares.net	2010-05-26	122039	4.53	2026-09-30	0.00	374050672
free	Reference	82	ToyWorth: Scan & Value Toys	Next Vision Limited	2026-06-29	878	4.68	2026-07-19	0.00	6783354435
free	Reference	83	Dex - for TCG Collectors	Pedro Carrasco	2021-03-08	13858	4.81	2026-09-16	0.00	1555489854
free	Reference	84	DeepL Translate	DeepL SE	2021-04-26	13275	4.77	2026-09-24	0.00	1552407475
free	Reference	85	US Dept. of Justice NSOPW App	The Institute for Intergovernmental Research, Inc.	2016-02-05	3161	4.56	2022-06-01	0.00	991873782
free	Reference	86	Logos Bible	Faithlife Corporation	2009-10-31	175057	4.86	2026-09-03	0.00	336400266
free	Reference	87	Abide: Bible Prayer Meditation	Guideposts	2014-03-11	121944	4.87	2026-10-02	0.00	726031617
free	Reference	88	BibleProject	BibleProject	2021-12-15	2767	4.89	2026-08-26	0.00	1523687027
free	Reference	89	Muslim Pro: Quran & Athan	Bitsmedia Pte Ltd	2010-08-20	599590	4.7	2026-09-21	0.00	388389451
free	Reference	90	Antique Identifier - Relic	Sans Software, LLC	2025-06-26	7461	4.72	2026-09-10	0.00	6747602157
free	Reference	91	ReelTrends - AI Creator Tools	ForUsApps, LLC	2022-03-30	21897	4.8	2026-10-02	0.00	1612492046
free	Reference	92	Translator: Voice, Camera & AI	QAS DOO	2025-09-07	665	4.4	2026-09-29	0.00	6751367298
free	Reference	93	BeenVerified: People Search	BeenVerified, Inc.	2009-12-17	37346	4.6	2026-09-01	0.00	342585873
free	Reference	94	Vessel: Bible Study & Notes	DUOMO APP LIMITED	2026-08-13	43	4.35	2026-09-29	0.00	6794259330
free	Reference	95	Coin Scanner: Collecting App	Codabrasoft LLC	2024-08-29	10510	4.54	2026-10-02	0.00	6504186647
free	Reference	96	Bible Hub	John Isett	2016-03-17	120357	4.87	2024-01-28	0.00	1090228108
free	Reference	97	Cinemoto	南 刘	2026-08-19	20	4.55	2026-09-22	0.00	6801756957
free	Reference	98	BibleWatch - Watch the Bible	Morfosis	2026-05-06	8903	4.8	2026-08-27	0.00	6761736440
free	Reference	99	Fun Facts: Brain Bites	SocialLoop LLC	2026-09-16	2	5	2026-10-03	0.00	6810857588
free	Reference	100	VerseTrail-KJV Bible Study	NOVANEST PTE. LTD.	2026-06-22	239	4.79	2026-09-21	0.00	6782061979
free	Productivity	1	Muse from Meta	Meta Platforms, Inc.	2026-09-08	145441	4.86	2026-10-01	0.00	6760173601
free	Productivity	2	ChatGPT	OpenAI OpCo, LLC	2023-05-18	10940384	4.83	2026-10-02	0.00	6448311069
free	Productivity	3	Google Gemini	Google	2024-11-13	2308346	4.72	2026-10-02	0.00	6477489729
free	Productivity	4	Claude by Anthropic	Anthropic PBC	2024-05-01	272923	4.72	2026-10-03	0.00	6473753684
free	Productivity	5	Gmail - Email by Google	Google	2011-11-02	2442153	4.71	2026-09-28	0.00	422689480
free	Productivity	6	Grok AI	X Corp.	2025-01-08	1473618	4.87	2026-10-01	0.00	6670324846
free	Productivity	7	Microsoft Copilot	Microsoft Corporation	2013-06-14	1341901	4.7	2026-09-30	0.00	541164041
free	Productivity	8	Google Drive	Google	2012-06-28	7837663	4.78	2026-09-28	0.00	507874739
free	Productivity	9	Meta AI	Meta Platforms, Inc.	2021-09-09	265215	4.69	2026-10-02	0.00	1558240027
free	Productivity	10	Google Docs	Google	2014-04-30	3261300	4.79	2026-09-28	0.00	842842640
free	Productivity	11	Microsoft Authenticator	Microsoft Corporation	2015-05-30	706102	4.71	2026-09-29	0.00	983156458
free	Productivity	12	VPN - Super Unlimited Proxy	Mobile Jump Pte Ltd	2018-05-15	2117309	4.63	2026-10-01	0.00	1370293473
free	Productivity	13	Google Sheets	Google	2014-04-30	1857296	4.81	2026-09-28	0.00	842849113
free	Productivity	14	Microsoft Outlook	Microsoft Corporation	2015-01-28	9292488	4.79	2026-09-29	0.00	951937596
free	Productivity	15	Link to Windows	Microsoft Corporation	2023-02-28	16189	4.02	2026-09-23	0.00	6443686328
free	Productivity	16	Grok Bot	X Corp.	2026-08-11	7754	4.89	2026-10-01	0.00	6794501026
free	Productivity	17	Microsoft Word	Microsoft Corporation	2014-03-27	3000386	4.73	2026-09-30	0.00	586447913
free	Productivity	18	Yahoo Mail: Your Email & Inbox	Yahoo	2012-12-10	4821103	4.69	2026-10-03	0.00	577586159
free	Productivity	19	Smart Home Manager	AT&T Services, Inc.	2017-08-23	482906	4.76	2026-09-30	0.00	1258654743
free	Productivity	20	Google Calendar: Get Organized	Google	2015-03-10	132162	4.53	2026-09-28	0.00	909319292
free	Productivity	21	HP	HP Inc.	2011-10-18	4220282	4.73	2026-08-17	0.00	469284907
free	Productivity	22	Microsoft Excel	Microsoft Corporation	2014-03-27	1468209	4.75	2026-09-30	0.00	586683407
free	Productivity	23	Google Slides	Google	2014-08-26	413184	4.68	2026-09-28	0.00	879478102
free	Productivity	24	Microsoft OneDrive	Microsoft Corporation	2011-12-13	487641	4.7	2026-09-28	0.00	477537958
free	Productivity	25	Dropbox: Cloud Storage Backup	Dropbox, Inc.	2009-09-29	911648	4.8	2026-09-26	0.00	327630330
free	Productivity	26	VPN - Fast & Secure VPN ™	TOPAPPS TECH PTE LTD	2020-10-22	443036	4.67	2026-09-23	0.00	1528940523
free	Productivity	27	Widgetsmith	Cross Forward Consulting, LLC	2020-09-16	773832	4.61	2026-09-28	0.00	1523682319
free	Productivity	28	CamScanner - PDF Scanner App	INTSIG Information Co., Ltd	2010-08-27	1932112	4.84	2026-09-22	0.00	388627783
free	Productivity	29	Perplexity - AI Search & Chat	Perplexity AI, Inc.	2023-03-27	511556	4.82	2026-10-03	0.00	1668000334
free	Productivity	30	Ringtones Maker - the ring app	苏娟 陈	2018-03-14	435003	4.68	2026-07-15	0.00	1358107315
free	Productivity	31	BePresent: Screen Time Control	Screen Detox Inc	2022-09-29	65861	4.84	2026-10-02	0.00	1644737181
free	Productivity	32	Google Voice	Google	2010-11-16	61975	4.26	2026-09-25	0.00	318698524
free	Productivity	33	Microsoft PowerPoint	Microsoft Corporation	2014-03-27	581913	4.73	2026-09-30	0.00	586449534
free	Productivity	34	Speechify – Text to Speech PDF	Speechify Inc.	2017-03-02	525302	4.66	2026-09-30	0.00	1209815023
free	Productivity	35	Charge Win: Win Rewards	Sunnrise Lab	2026-07-28	17036	4.54	2026-10-03	0.00	6791895084
free	Productivity	36	FolioSpace Online Portal	AppFolio, Inc.	2018-08-01	8556	4.82	2026-09-15	0.00	1376350358
free	Productivity	37	TranslateAll: Live Translator	Aurora Borealis Culture Media Limited	2026-05-14	590	4.44	2026-09-17	0.00	6768545062
free	Productivity	38	Park Smarter	IPS Group Inc	2017-05-18	11859	4.5	2026-04-17	0.00	1055789534
free	Productivity	39	Cloaked: Protect your privacy	Cloaked, Inc.	2022-02-21	22220	4.6	2026-10-02	0.00	1600487147
free	Productivity	40	PingID	Ping Identity Corporation	2014-07-02	403	2.14	2026-08-17	0.00	891247102
free	Productivity	41	Summary - AI Note Taker	Labhouse Mobile	2024-12-19	53077	4.71	2026-10-01	0.00	6670175056
free	Productivity	42	DeepSeek - AI Assistant	杭州深度求索人工智能基础技术研究有限公司	2025-01-10	12111	3.89	2026-09-29	0.00	6737597349
free	Productivity	43	Gemini Notebook	Google	2025-05-19	62050	4.86	2026-10-02	0.00	6737527615
free	Productivity	44	Grammarly: AI Keyboard & Voice	Superhuman Platform Inc	2017-11-02	225310	4.66	2026-09-30	0.00	1158877342
free	Productivity	45	Chatbot AI Assistant - Genie	APPNATION YAZILIM HIZMETLERI TICARET ANONIM SIRKETI	2022-12-08	201670	4.71	2026-10-01	0.00	1658377526
free	Productivity	46	Photo Recovery: Deleted Files	PB Studios OU	2020-02-05	19304	4.33	2026-09-19	0.00	1482562954
free	Productivity	47	Wispr Flow: AI Voice Keyboard	Wispr AI, Inc.	2025-05-21	16628	4.84	2026-10-01	0.00	6497229487
free	Productivity	48	Surfshark VPN: Fast & Secure	SURFSHARK LTD	2018-08-01	130871	4.7	2026-09-25	0.00	1391782046
free	Productivity	49	Google One	Google	2020-11-09	22919	4.71	2026-09-22	0.00	1451784328
free	Productivity	50	Smart Printer App℠ for HP ·	AstraBridge Limited	2026-01-20	2192	4.1	2026-09-28	0.00	6757393880
free	Productivity	51	TeraBox: 1TB Cloud & AI Space	FLEXTECH INC.	2020-06-22	18877	4.28	2026-09-26	0.00	1509453185
free	Productivity	52	ButterflyMX	ButterflyMX, Inc.	2013-10-01	111189	4.85	2026-09-29	0.00	714133074
free	Productivity	53	ID.me Authenticator	ID.me	2018-12-12	99546	4.33	2026-09-28	0.00	1446335066
free	Productivity	54	Notion: Notes, Tasks, AI	Notion Labs, Incorporated	2017-09-14	90304	4.78	2026-10-02	0.00	1232780281
free	Productivity	55	Chatbot App: AI Assistant	TAPSUITE YAZILIM HIZMETLERI ANONIM SIRKETI	2024-12-04	5252	4.15	2026-09-29	0.00	6711347033
free	Productivity	56	Kia Access	Kia America, Inc.	2018-08-02	423441	4.72	2026-09-28	0.00	1280548773
free	Productivity	57	Authenticator App	2Stable	2020-11-18	49301	4.64	2026-09-30	0.00	1538761576
free	Productivity	58	SocialLite-Block Reels&Shorts	Sociallite LLC	2026-01-29	8228	4.75	2026-10-03	0.00	6757661674
free	Productivity	59	X-VPN: VPN Fast & Secure	LIGHTNINGLINK NETWORKS PTE. LTD.	2017-06-27	619591	4.66	2026-09-22	0.00	1250312807
free	Productivity	60	AI Chat Assistant – ChatNow	tappz	2023-01-24	143630	4.8	2026-09-30	0.00	1667518571
free	Productivity	61	AI Easy Cleaner	BRILLIANT BRASS LIMITED	2025-03-21	149	4.08	2025-12-29	0.00	6743264294
free	Productivity	62	Forms for Google Docs	Aurora Innovation	2022-05-15	60164	4.75	2026-09-29	0.00	1619382448
free	Productivity	63	Proton Mail - Encrypted Email	Proton AG	2016-03-16	48248	4.75	2026-09-28	0.00	979659905
free	Productivity	64	WeTransfer: Transfer Files	Wetransfer B.V.	2021-10-12	78692	4.83	2026-09-15	0.00	1569379048
free	Productivity	65	Saturn Calendar	Saturn Technologies Inc.	2019-03-01	67824	4.69	2026-10-01	0.00	1454483188
free	Productivity	66	Google Keep - Notes and lists	Google	2015-09-24	28993	4.59	2026-09-29	0.00	1029207872
free	Productivity	67	Microsoft Bing Search	Microsoft Corporation	2009-12-15	296970	4.75	2026-10-02	0.00	345323231
free	Productivity	68	Translator GO: AI Translate	MATdev	2021-06-14	20265	4.4	2026-09-21	0.00	1570134612
free	Productivity	69	MEGA: Encrypted Cloud Storage	Mega Networks LLC	2013-11-26	107461	4.61	2026-09-26	0.00	706857885
free	Productivity	70	MyHyundai with Bluelink	Hyundai Motor America	2014-07-05	498643	4.78	2026-08-26	0.00	893514610
free	Productivity	71	OneSearch: DeepSearch Finder	Tung To Dinh	2023-02-13	1508	4.52	2026-10-02	0.00	1669513811
free	Productivity	72	Chillio: Life Planner	COREMOVE LIMITED	2025-08-01	2979	4.58	2026-09-29	0.00	6748603301
free	Productivity	73	VPN Hotspot Shield: Wifi Proxy	AnchorFree Inc.	2011-10-28	361685	4.58	2026-09-21	0.00	443369807
free	Productivity	74	Chat Smith: AI Chatbot & Agent	Chat Smith OpCo	2021-05-11	166538	4.58	2026-10-02	0.00	1559479889
free	Productivity	75	Otter Transcribe Voice Notes	Otter.ai, Inc.	2018-02-16	83090	4.79	2026-09-29	0.00	1276437113
free	Productivity	76	Double Good	Double Good	2018-08-05	43907	4.92	2026-09-30	0.00	1401184723
free	Productivity	77	SHAREit: Transfer, Share Files	SHAREit Technologies Co. Ltd	2013-10-31	150420	4.57	2026-09-10	0.00	725215120
free	Productivity	78	TimeTree: Shared Calendar	TimeTree, Inc.	2015-03-19	92196	4.85	2026-09-29	0.00	952578473
free	Productivity	79	Dola AI: Smart Personal Helper	Constantinou Georgia	2026-08-14	827	4.19	2026-09-28	0.00	6796370885
free	Productivity	80	Ploet Translate-Global Speak	Guangzhou Kangyimei Network Technology Co., Ltd.	2024-05-22	1663	4.69	2025-08-14	0.00	6502925584
free	Productivity	81	My Optimum	CSC Holdings, LLC.	2023-07-04	93405	4.28	2026-09-30	0.00	1644414970
free	Productivity	82	Spaces: Follow Businesses	Wix.com Inc.	2016-07-18	45454	4.71	2026-09-29	0.00	1099748482
free	Productivity	83	Docusign - Upload & Sign Docs	Docusign	2011-10-31	828988	4.87	2026-09-17	0.00	474990205
free	Productivity	84	Office Word:Edit Word Document	Rhophi Analytics LLP	2023-02-10	9594	4.62	2024-08-15	0.00	6444708069
free	Productivity	85	Brick - Ditch Distractions	Brick LLC (Wisconsin)	2023-09-15	56074	4.94	2026-10-02	0.00	6448794069
free	Productivity	86	Super Fast VPN・Secure Proxy	WorldVPN	2025-05-21	1411	4.28	2026-08-11	0.00	6745890037
free	Productivity	87	Opal: Screen Time Control	Opal OS	2020-12-15	89110	4.72	2026-09-26	0.00	1497465230
free	Productivity	88	Private VPN Proxy - Easy Start	Volkun Apps	2022-04-21	948	4.15	2026-09-21	0.00	1612822001
free	Productivity	89	VPN - FREE VPN Fast Ⓡ	AITIMING TECH PTE. LTD.	2024-08-23	24911	4.73	2026-10-01	0.00	6504635873
free	Productivity	90	ChatOn AI - Chat Bot Assistant	AIBY	2023-01-13	286142	4.7	2026-09-14	0.00	1661308505
free	Productivity	91	EcoGPT - AI for Humanity	EcoGPT Inc	2025-12-04	8460	4.79	2026-09-27	0.00	6756059656
free	Productivity	92	ElevenReader: Read Books Aloud	ElevenLabs, Inc.	2024-05-10	10539	4.72	2026-10-01	0.00	6479373050
free	Productivity	93	VPN Windscribe: Fast & Secure	Windscribe Limited	2016-07-25	35218	4.64	2026-10-01	0.00	1129435228
free	Productivity	94	VPN Proxy Master - Super VPN	ALL Connected Co.,Ltd	2015-09-15	310872	4.62	2026-09-19	0.00	1025707485
free	Productivity	95	Turbo VPN Private Browser	INNOVATIVE CONNECTING PTE.LIMITED	2018-04-10	206807	4.73	2026-08-13	0.00	1365309175
free	Productivity	96	Google Tasks: Get Things Done	Google	2018-04-27	106943	4.8	2026-09-30	0.00	1353634006
free	Productivity	97	Translator Keyboard : Lingo	MWM	2025-01-11	7740	4.53	2026-05-21	0.00	6670622037
free	Productivity	98	Granola - AI Meeting Notes	Granola inc	2025-04-29	14071	4.96	2026-09-14	0.00	6739429409
free	Productivity	99	Structured: Daily Planner Todo	unorderly GmbH	2020-04-09	166966	4.79	2026-09-29	0.00	1499198946
free	Photo & Video	1	CapCut: Photo & Video Editor	Bytedance Pte. Ltd	2020-04-14	1122782	4.61	2026-09-21	0.00	1500855883
free	Photo & Video	2	Instagram	Instagram, Inc.	2010-10-06	29555242	4.69	2026-10-02	0.00	389801252
free	Photo & Video	3	YouTube	Google	2012-09-11	49257916	4.67	2026-09-28	0.00	544007664
free	Photo & Video	4	Snapchat	Snap, Inc.	2011-07-13	5952784	4.51	2026-09-30	0.00	447188370
free	Photo & Video	5	Edits: Video Editor	Instagram, Inc.	2025-04-22	90166	4.79	2026-09-28	0.00	6738967378
free	Photo & Video	6	Google Photos: Backup & Edit	Google	2015-05-28	1597302	4.83	2026-10-01	0.00	962194608
free	Photo & Video	7	Canva AI Photo & Video Editor	Canva	2014-10-15	3559204	4.87	2026-10-01	0.00	897446215
free	Photo & Video	8	Momo: AI Photo & Video Maker	SCALEUP YAZILIM HIZMETLERI	2022-12-31	91083	4.36	2026-09-26	0.00	1658822260
free	Photo & Video	9	Cantina: AI Video & Characters	Cantina, Inc	2015-10-12	95814	4.8	2026-09-10	0.00	1018368216
free	Photo & Video	10	Twitch: Live Streaming	Twitch Interactive, Inc.	2011-10-26	2809877	4.72	2026-10-01	0.00	460177396
free	Photo & Video	11	PhotoCircle	PhotoCircle, Inc.	2012-04-19	124914	4.87	2026-09-22	0.00	517539894
free	Photo & Video	12	Shots: Photo & Video Generator	DeePix AI	2025-06-04	16513	4.49	2026-08-16	0.00	6745820631
free	Photo & Video	13	KICK - Live Streaming	Kick Streaming	2023-03-26	141857	4.67	2026-09-24	0.00	6446202561
free	Photo & Video	14	PixVerse Lite	AIVORA PTE. LTD.	2026-05-27	1034	4.34	2026-09-21	0.00	6767802142
free	Photo & Video	15	Picsart AI Photo Editor, Video	PicsArt, Inc.	2013-01-02	1195659	4.67	2026-09-30	0.00	587366035
free	Photo & Video	16	AI Mirror: AI Photo Editor	POLYVERSE ENTERTAINMENT INC.	2022-12-06	49723	4.67	2026-08-23	0.00	6444888896
free	Photo & Video	17	SCRL: Photo Collage Maker	Appostrophe AB	2017-10-17	123449	4.83	2026-10-02	0.00	1289057196
free	Photo & Video	18	FaceLab: Face Age, Hair Filter	Lyrebird Studio	2020-11-13	50411	4.58	2026-09-22	0.00	1530776865
free	Photo & Video	19	Dazz Cam - Vintage Camera	DAZZ PTE. LTD.	2018-08-17	115289	4.75	2026-09-25	0.00	1422471180
free	Photo & Video	20	FaceApp: Perfect Face Editor	FaceApp Technology Limited	2017-01-24	1786811	4.73	2026-09-25	0.00	1180884341
free	Photo & Video	21	Vimeo	Vimeo.com, Inc.	2011-03-29	11801	4.45	2026-09-25	0.00	425194759
free	Photo & Video	22	Lightroom: AI Photo Editor	Adobe Inc.	2014-06-21	336882	4.77	2026-09-30	0.00	878783582
free	Photo & Video	23	YouTube Studio	Google	2014-07-12	25958	4.06	2026-10-01	0.00	888530356
free	Photo & Video	24	ReelMe: AI Photo & Video	TPC INVEST PTE.LTD	2025-05-21	6709	4.5	2026-09-29	0.00	6745781406
free	Photo & Video	25	WayShot:Aesthetic Photo Editor	Romangic Lab LLC	2025-08-10	1933	4.7	2026-09-30	0.00	6749303003
free	Photo & Video	26	Facetune: Photo & Video Editor	Lightricks Ltd.	2016-11-24	378525	4.62	2026-09-24	0.00	1149994032
free	Photo & Video	27	Runway: AI Image & Video	runwayml	2023-04-18	16456	4.48	2026-09-27	0.00	1665024375
free	Photo & Video	28	Toonapp: AI Photo & Video Art	Lyrebird Studio	2021-01-05	142130	4.72	2026-08-16	0.00	1540719743
free	Photo & Video	29	Hypic - Photo Editor & AI Art	Bytedance Pte. Ltd	2023-01-03	17214	4.57	2026-09-23	0.00	1644042837
free	Photo & Video	30	Canon PRINT	Canon Inc.	2013-07-22	617437	4.76	2026-10-01	0.00	664425773
free	Photo & Video	31	Amazon Photos: Photo & Video	AMZN Mobile LLC	2013-05-09	231323	4.81	2026-09-11	0.00	621574163
free	Photo & Video	32	DJI Mimo	DJI	2018-12-11	23327	4.58	2026-09-22	0.00	1431720653
free	Photo & Video	33	InShot - Video Editor	SHANTANU PTE. LTD.	2015-06-11	2502436	4.85	2026-10-01	0.00	997362197
free	Photo & Video	34	Blackmagic Camera	Blackmagic Design Inc	2023-09-14	23323	4.82	2026-09-23	0.00	6449580241
free	Photo & Video	35	FreePrints – Print Photos	PlanetArt	2012-08-07	817383	4.81	2026-09-30	0.00	518158653
free	Photo & Video	36	Canon Camera Connect	Canon Inc.	2015-01-06	148176	4.76	2026-05-27	0.00	944097177
free	Photo & Video	37	KRUU	KRUU GmbH	2023-04-11	1923	4.88	2026-09-17	0.00	1536928611
free	Photo & Video	38	Epson Smart Panel	Seiko Epson Corporation	2020-03-31	396668	4.71	2026-09-07	0.00	1477796092
free	Photo & Video	39	Snapseed: Photo Editor	Google	2011-06-06	27336	4.86	2026-10-01	0.00	439438619
free	Photo & Video	40	Airbrush: Face Photo Editor	PIXOCIAL TECHNOLOGY (SINGAPORE) PTE. LTD.	2015-10-07	203193	4.8	2026-09-26	0.00	998411110
free	Photo & Video	41	Prequel: Photo & Video Editor	Prequel Inc.	2018-03-28	344549	4.74	2026-09-29	0.00	1325756279
free	Photo & Video	42	VLC media player	VideoLAN	2013-07-19	5953	3.72	2026-04-24	0.00	650377962
free	Photo & Video	43	TikTok Studio	TikTok Ltd.	2024-06-20	38983	4.83	2026-06-17	0.00	6478151677
free	Photo & Video	44	Skylight App	Skylight Frame	2018-10-15	52181	4.8	2026-09-28	0.00	1438779037
free	Photo & Video	45	BeautyPlus-Selfie Photo Editor	PIXOCIAL TECHNOLOGY (SINGAPORE) PTE. LTD.	2013-04-24	348326	4.81	2026-09-26	0.00	622434129
free	Photo & Video	46	Captions: AI Edits Your Video	Captions, LLC (US)	2020-12-01	38261	4.75	2026-10-02	0.00	1541407007
free	Photo & Video	47	ism: Retro Camera & Vintage	MWM	2021-11-04	11349	4.72	2026-10-01	0.00	1580668065
free	Photo & Video	48	Frameo	Frameo A/S	2016-12-08	441065	4.88	2026-09-10	0.00	1179744119
free	Photo & Video	49	Meitu AI Photo & Video Editor	Meitu Technology Co., Ltd.	2011-02-14	79884	4.78	2026-08-17	0.00	416048305
free	Photo & Video	50	VideoGPT - AI Video Generator	ElevenThirteen LLC	2024-01-31	53878	4.76	2025-10-08	0.00	6451396274
free	Photo & Video	51	Face Maker: Baby Photo & Video	M2R TEKNOLOJI ANONIM SIRKETI	2026-03-29	5627	4.54	2026-09-17	0.00	6760007078
free	Photo & Video	52	Retake AI Face & Selfie Editor	DEEP FLOW SOFTWARE SERVICES	2023-10-01	52033	4.61	2026-10-01	0.00	6466298983
free	Photo & Video	53	Photoroom: AI Photo Editor	Photoroom	2019-03-26	230041	4.82	2026-09-28	0.00	1455009060
free	Photo & Video	54	PicCollage: Magic Photo Editor	Cardinal Blue	2011-07-13	1841835	4.79	2026-08-25	0.00	448639966
free	Photo & Video	55	Huji Cam	Manhole, Inc.	2017-09-28	11963	4.22	2024-12-11	0.00	781383622
free	Photo & Video	56	AI Look: Face & Style Editor	Shenzhen Wuhe Network Technology Co.Ltd	2026-07-13	130	4.15	2026-09-15	0.00	6786131236
free	Photo & Video	57	Aura Frames	Aura Home, Inc.	2016-06-17	27277	4.84	2026-10-03	0.00	990062908
free	Photo & Video	58	Wink: Video Enhancer & Editor	Meitu Technology Co., Ltd.	2021-12-17	51881	4.72	2026-09-26	0.00	1594288016
free	Photo & Video	59	Medal - Game Clipping	Medal B.V.	2020-12-03	38204	4.79	2026-09-30	0.00	1518008441
free	Photo & Video	60	Esti: Aesthetic Photo Editor	Prequel Inc.	2023-10-25	18816	4.64	2026-09-03	0.00	6457366208
free	Photo & Video	61	AI Catch: AI Video Generator	Prominent Fortune PTE. LTD	2024-12-30	1433	4.24	2026-09-11	0.00	6739276631
free	Photo & Video	62	Tezza: Aesthetic Photo Editor	Tezza App LLC	2018-07-07	47350	4.74	2026-08-25	0.00	1393061654
free	Photo & Video	63	AI Photo Generator: ARTA	AIBY	2022-09-11	81234	4.3	2026-09-10	0.00	1642969698
free	Photo & Video	64	Alight Motion	Bending Spoons Apps ApS	2019-12-21	77668	4.42	2026-10-02	0.00	1459833443
free	Photo & Video	65	AI Photo Video Editor, Enhance	COOL SUMMER LIMITED	2023-04-27	32902	4.57	2026-07-23	0.00	6447604690
free	Photo & Video	66	ElevenLabs: AI Voice Generator	ElevenLabs, Inc.	2025-06-24	21492	4.84	2026-10-03	0.00	6743162587
free	Photo & Video	67	Tactacam REVEAL	Tactacam LLC	2020-05-29	168549	4.87	2026-09-15	0.00	1515339989
free	Photo & Video	68	AI Video Generator - Pixaflow	HITDEV AI Teknoloji Anonim Şirketi	2026-01-22	92	3.88	2026-09-02	0.00	6755954009
free	Photo & Video	69	Remini - AI Photo Enhancer	Bending Spoons Apps ApS	2019-08-01	355204	4.61	2026-10-02	0.00	1470373330
free	Photo & Video	70	SorAI - AI Video Generator	DES GRADNJE d.o.o.	2026-07-16	842	3.98	2026-07-16	0.00	6778837255
free	Photo & Video	71	Citrus 1 Tap Photo Enhancer AI	Wemagine.ai LLP	2022-05-03	17658	4.77	2026-10-02	0.00	1589210147
free	Photo & Video	72	Glowify - AI Hairstyle Try On	Flarial Interactive	2025-08-26	12334	4.74	2026-09-30	0.00	6751491972
free	Photo & Video	73	Dance AI - Video Generator	DeePix AI	2026-02-02	17531	4.6	2026-09-11	0.00	6758041184
free	Photo & Video	74	VN: Photo & Video Editor	Ubiquiti Labs, LLC	2018-04-21	318779	4.76	2026-10-01	0.00	1343581380
free	Photo & Video	75	Fontmaker - Font Keyboard App	Sociaaal LLC	2021-07-26	124596	4.43	2026-09-01	0.00	1573791613
free	Photo & Video	76	VSCO: Photo & Video Editor	Visual Supply Company	2013-06-06	277659	4.69	2026-10-02	0.00	588013838
free	Photo & Video	77	intoLive - Live Wallpapers	ImgBase, Inc.	2015-12-04	114029	4.6	2026-09-30	0.00	1061859052
free	Photo & Video	78	Shutterfly: Prints Cards Gifts	Shutterfly	2009-04-04	596676	4.68	2026-10-02	0.00	309465525
free	Photo & Video	79	Peachy - AI Face & Body Editor	SHANTANU PTE. LTD.	2018-06-29	177097	4.85	2026-09-19	0.00	1390423469
free	Photo & Video	80	Vids AI - Reels Video Editor	Viral Vision Ltd.	2022-08-01	47522	4.78	2026-09-28	0.00	1634361180
free	Photo & Video	81	Insta360	Insta360	2020-01-16	9370	4.45	2026-09-25	0.00	1491299654
free	Photo & Video	82	Picta x CVS Photo	Pictarine	2019-06-10	172981	4.87	2026-10-01	0.00	1448996015
free	Photo & Video	83	AI Avatar Generator - HeyGen	HeyGen Technology Inc	2024-10-13	26319	4.78	2026-09-25	0.00	6711356409
free	Photo & Video	84	FaceAlly: AI Baby & Age Editor	Chengdu Dance Elephant Technology Co., LTD.	2024-08-19	57	3.09	2026-09-08	0.00	6618119931
free	Photo & Video	85	Adobe Premiere AI Video Editor	Adobe Inc.	2025-09-30	25657	4.82	2026-09-30	0.00	6742757464
free	Photo & Video	86	KICK - Go Live	Kick Streaming	2025-12-15	555	4.65	2026-10-01	0.00	6743709514
free	Photo & Video	87	Muse: Reels Video Editor	Bigrowth	2022-11-06	4100	4.65	2026-09-21	0.00	1638320348
free	Photo & Video	88	GIPHY: The GIF Search Engine	Giphy, Inc.	2015-03-25	723579	4.77	2026-09-28	0.00	974748812
free	Photo & Video	89	BeautyCam-Digicam&Photo Editor	Meitu Technology Co., Ltd.	2013-01-27	22314	4.75	2026-09-26	0.00	592331499
free	Photo & Video	90	YouCam Makeup: Face Editor	PERFECT MOBILE CORP.	2014-08-12	155405	4.74	2026-10-02	0.00	863844475
free	Photo & Video	91	Collage Maker - LiveCollage	VIDEO EDITOR PTE. LTD.	2012-06-15	177673	4.78	2026-09-29	0.00	530957474
free	Photo & Video	92	Command App	GSM Outdoors	2020-03-25	66358	4.59	2026-09-22	0.00	1502237575
free	Photo & Video	93	EPIK - AI Photo & Video Editor	SNOW Corporation	2021-08-14	54756	4.72	2026-09-23	0.00	1577705074
free	Photo & Video	94	101cam - Film & Digital Camera	SNOW Corporation	2026-07-10	190	4.74	2026-09-22	0.00	6781998623
free	Photo & Video	95	Photo Collage Maker PicJointer	Mosaic S.r.l.	2012-03-20	135512	4.54	2026-06-19	0.00	509987785
free	Photo & Video	96	AR Filter: What The Dog Doin	VOLIO VIET NAM COMPANY LIMITED	2026-05-06	5304	4.63	2026-09-21	0.00	6762773574
free	Photo & Video	97	GoPro Quik	GoPro, Inc.	2012-10-08	833173	4.78	2026-09-15	0.00	561350520
free	Photo & Video	98	Face Magic - AI Photo Editor	App Studio Yazılım Hizmetleri LTD STI	2026-05-26	279	4.21	2026-08-20	0.00	6761524609
free	Photo & Video	99	Adobe Photoshop: Photo Editor	Adobe Inc.	2019-11-07	94095	4.46	2026-08-25	0.00	1457771281
free	Photo & Video	100	Splice - Video Editor & Maker	Bending Spoons Apps ApS	2010-12-23	429632	4.6	2026-09-24	0.00	409838725
free	News	1	X	X Corp.	2009-10-09	11079114	4.58	2026-10-02	0.00	333903271
free	News	2	CrimeRadar Dispatch Audio	Scoopz Inc.	2025-05-27	40237	4.89	2026-09-23	0.00	6746114452
free	News	3	Reddit	REDDIT, INC.	2016-04-07	3504573	4.76	2026-09-28	0.00	1064216828
free	News	4	Substack	Substack, Inc.	2022-03-08	544380	4.87	2026-09-29	0.00	1581650857
free	News	5	Citizen: Safety & Live Video	sp0n, Inc.	2016-02-24	520015	4.72	2026-09-30	0.00	1039889567
free	News	6	Nextdoor: Neighborhood Network	Nextdoor	2013-05-23	2155416	4.71	2026-09-30	0.00	640360962
free	News	7	NewsBreak: Local News & Alerts	Particle Media Inc.	2016-07-14	1389289	4.78	2026-10-03	0.00	1132762804
free	News	8	Police Scanner Radio & Fire	GordonEdwards.net LLC	2012-02-05	534655	4.64	2026-09-23	0.00	498405045
free	News	9	Ground News	Snapwise Inc.	2018-04-22	48325	4.72	2026-09-23	0.00	1324203419
free	News	10	NYTimes: US and Global News	The New York Times Company	2019-01-31	791605	4.79	2026-09-21	0.00	284862083
free	News	11	Local 10 + Platinum	WPLG, Inc	2026-05-07	251	4.77	2026-08-31	0.00	6758157782
free	News	12	AwareCA	Intterra, LLC	2026-08-18	187	4.47	2026-09-15	0.00	6758113254
free	News	13	Fizz: Your Authentic Community	Fizz Social Corp.	2021-01-25	22723	4.69	2026-10-02	0.00	1548207780
free	News	14	Watch Duty: Wildfire & Floods	Sherwood Forestry Service, Inc.	2021-08-10	51692	4.93	2026-09-30	0.00	1574452924
free	News	15	Police Scanner: Fire Radio	Guru Network Limited Inc.	2019-09-12	166140	4.74	2026-09-22	0.00	1477440076
free	News	16	The White House	The Official White House	2026-03-27	9749	4.88	2026-09-26	0.00	6759938088
free	News	17	The Pour Over	The Pour Over	2025-11-16	2386	4.85	2026-10-02	0.00	6752842196
free	News	18	5-0 Radio Pro Police Scanner	Smartest Apps LLC	2009-12-04	88839	4.62	2026-04-30	0.00	341776037
free	News	19	Squawster - Police Scanner	RadioReference.com LLC	2026-09-17	13	4.31	2026-10-03	0.00	6802709530
free	News	20	The Wall Street Journal. News	Dow Jones & Company, Inc., publisher of The Wall Street Journal.	2010-04-01	551831	4.71	2026-09-24	0.00	364387007
free	News	21	Stocks.News－Market Alerts	IR Agency LLC	2024-01-26	4843	4.73	2026-09-24	0.00	6476615803
free	News	22	NPR: National & Local News	NPR	2009-08-15	73443	4.65	2026-10-02	0.00	324906251
free	News	23	Neighbors by Ring	Ring.com	2018-05-10	304925	4.78	2026-10-01	0.00	1218902777
free	News	24	SmartNews: Breaking News	SmartNews, Inc.	2014-10-01	928929	4.62	2026-09-28	0.00	579581125
free	News	25	FOX LOCAL: Live News & Weather	Fox Television Stations, Inc.	2023-05-02	18027	4.66	2026-10-02	0.00	6443995100
free	News	26	Police Scanner: Crime Radar	Sepia Software LLC	2016-01-26	28276	4.57	2026-10-02	0.00	1075599309
free	News	27	Google News	Google	2011-12-08	226170	4.57	2026-09-23	0.00	459182288
free	News	28	Podcast App	Evolve Global, Inc.	2017-03-10	308902	4.77	2026-09-30	0.00	1199070742
free	News	29	FOX News: US & World Headlines	Fox News Network, LLC	2010-04-26	590072	4.49	2026-10-03	0.00	367623543
free	News	30	AP News	The Associated Press	2010-04-01	359190	4.63	2026-09-24	0.00	364677107
free	News	31	Podcast App & Player - Castbox	Guru Network Limited	2017-06-14	199962	4.9	2026-07-22	0.00	1243410543
free	News	32	BBC: World News & Stories	BBC Studios Distribution Ltd.	2010-04-01	88344	4.48	2026-09-28	0.00	364147881
free	News	33	Local 10 - WPLG Miami	WPLG, Inc	2011-05-27	28260	4.79	2026-09-30	0.00	439692932
free	News	34	Clubhouse	Alpha Exploration Co.	2020-09-14	791293	4.77	2026-10-01	0.00	1503133294
free	News	35	MS NOW: Live & Breaking News	Versant Media LLC	2011-01-11	23763	4.08	2026-10-01	0.00	396885309
free	News	36	Daily Wire	Daily Wire LLC	2019-10-02	17266	4.55	2026-09-29	0.00	1477317200
free	News	37	CNN: Live & Breaking News	CNN Interactive Group, Inc.	2009-09-29	1663951	4.77	2026-09-28	0.00	331786748
free	News	38	Quora	Quora, Inc.	2011-09-29	451506	4.73	2026-09-24	0.00	456034437
free	News	39	MobilePatrol: Public Safety	Equifax	2013-04-05	3796	2.01	2026-08-19	0.00	620067490
free	News	40	The Atlantic Magazine	The Atlantic Monthly Group LLC	2010-10-22	138701	4.91	2026-09-10	0.00	397599894
free	News	41	Reuters - Breaking World News	Thomson Reuters Enterprise Centre GmbH	2013-03-19	8302	4.76	2026-09-30	0.00	602660809
free	News	42	The New Yorker	Advance Magazine Publishers Inc.	2016-04-11	8111	3.86	2026-10-01	0.00	1081530898
free	News	43	Medium: Read & Write Stories	A Medium Corporation	2014-03-20	157213	4.82	2026-09-30	0.00	828256236
free	News	44	ABC News: Live & Breaking	Disney	2008-12-23	6025	4.02	2026-09-24	0.00	300255638
free	News	45	Game Informer Magazine	Gameinformer	2026-08-27	444	4.31	2026-09-30	0.00	6752615812
free	News	46	Newsmax	Newsmax Media, Inc.	2014-05-16	176233	4.8	2026-02-26	0.00	878180850
free	News	47	620 WTMJ Radio	Good Karma Brands	2018-12-14	1404	4.7	2026-01-14	0.00	1445950553
free	News	48	Crime Radar	Muhtadi Muhammad	2026-09-13	13	4	2026-09-28	0.00	6806774360
free	News	49	The Economist: News & Analysis	The Economist	2018-05-02	182185	4.87	2026-09-30	0.00	1239397626
free	News	50	Washington Post	The Washington Post	2010-03-03	637935	4.73	2026-09-10	0.00	352509417
free	News	51	CNBC: Stock Market & Business	Versant Media LLC	2010-12-06	628052	4.71	2026-10-02	0.00	398018310
free	News	52	KSTP 5 Minneapolis-St. Paul MN	Hubbard Broadcasting, Inc.	2012-08-06	19366	4.59	2026-08-04	0.00	546024067
free	News	53	Spotify for Creators	Spotify	2015-12-21	117733	4.84	2026-09-29	0.00	1056182234
free	News	54	Podbean Podcast App & Player	Podbean Incorporated	2015-04-01	53939	4.83	2026-08-25	0.00	973361050
free	News	55	Bloomberg: Business News Daily	Bloomberg Finance LP	2019-02-01	55160	4.59	2026-10-01	0.00	281941097
free	News	56	FEED Mobile	The Kroger Co.	2021-03-18	17518	4.49	2025-12-05	0.00	1557536849
free	News	57	NBC News: Breaking & US News	NBC News Digital, LLC	2009-06-27	150709	4.74	2026-09-09	0.00	319740707
free	News	58	Enigma: What’s that in the Sky	Enigma Labs, LLC	2023-01-09	5942	4.78	2026-09-24	0.00	1548371173
free	News	59	TrueShort - Stream True Crime	Humans Anonymous, Inc	2025-04-04	18088	4.91	2026-09-30	0.00	6741782158
free	News	60	Police Scanner +	Rego Apps	2012-02-01	101522	4.49	2026-04-29	0.00	498408628
free	News	61	Fox Nation	Fox News Network, LLC	2018-11-27	51274	4.66	2026-09-24	0.00	1419779267
free	News	62	Narwhal for Reddit	robot swingset, llc.	2014-04-10	17163	4.52	2026-09-19	0.00	845422455
free	News	63	中国领事	Center for Consular Assistance & Protection, Ministry of Foreign Affairs, People's Republic of China	2018-08-15	2285	1.78	2026-09-08	0.00	1385502150
free	News	64	OpenMHz	Luke Berndt	2023-09-18	172	3.9	2024-12-02	0.00	6466666994
free	News	65	Blue for Twitter	Kpaw, LLC	2024-01-02	71	4.73	2024-01-31	0.00	6472628197
free	News	66	Tide 100.9 FM 1230 AM	Townsquare Media, LLC	2017-08-29	223	4.55	2026-08-28	0.00	1206975394
free	News	67	PressReader: News & Magazines	PressReader Inc	2009-10-20	18866	4.67	2026-07-21	0.00	313904711
free	News	68	Spectrum News: Local Stories	Charter Communications	2013-12-09	51606	4.69	2026-09-21	0.00	740948885
free	News	69	Pocket Casts: Podcast Player	Automattic	2011-01-26	15977	4.51	2026-09-28	0.00	414834813
free	News	70	KSL NewsRadio	Bonneville International	2016-05-31	293	4.04	2025-11-18	0.00	1114970937
free	News	71	Financial Times: Business News	Financial Times Ltd.	2017-08-07	24401	4.82	2026-09-30	0.00	1200842933
free	News	72	The Guardian - US & World News	Guardian News and Media Limited	2013-10-29	113337	4.86	2026-09-28	0.00	409128287
free	News	73	Next Spaceflight	NASASpaceflight LLC	2019-03-01	28223	4.87	2025-09-15	0.00	1448055760
free	News	74	Tijuana Good News	Axel Ramirez	2026-03-07	1266	4.86	2026-10-01	0.00	6758789531
free	News	75	FREECABLE TV: News & TV Shows	MixerBox Inc.	2016-09-21	45097	4.68	2024-05-03	0.00	1152299107
free	News	76	Blind: Anonymous Work Network	Teamblind inc	2013-11-27	13483	4.56	2026-09-23	0.00	737534965
free	News	77	Epoch Times: Live & Breaking	Epoch Usa Inc	2013-07-15	266710	4.85	2026-09-17	0.00	670443321
free	News	78	Prensa Abierta	Acta Diurna	2026-08-12	3	5	2026-09-09	0.00	6796072783
free	News	79	The Free Press	Runaway Media Inc.	2025-07-10	13758	4.88	2026-07-07	0.00	6742335623
free	News	80	SWX Local Sports	KHQ Incorporated	2024-04-02	4	5	2026-02-26	0.00	6473450734
free	News	81	Live World Monitor: GlobeAlert	APPRICOTT DIJITAL TEKNOLOJI VE YAZILIM ANONIM SIRKETI	2026-06-24	150	4.5	2026-08-28	0.00	6780722710
free	News	82	CBS News: Live Breaking News	CBS Interactive	2009-10-13	19625	3.69	2026-09-04	0.00	334256223
free	News	83	MSN	Microsoft Corporation	2014-12-11	124083	4.6	2026-09-25	0.00	945416273
free	News	84	Barron’s - Investing Insights	Dow Jones & Company, Inc., publisher of The Wall Street Journal.	2010-12-22	12709	4.61	2026-09-24	0.00	409882593
free	News	85	Snopes	Snopes, Inc.	2025-10-10	759	4.78	2026-08-25	0.00	6747533069
free	News	86	Court TV	Katapy	2019-05-03	2599	4.23	2026-08-25	0.00	1458511072
free	News	87	95.5 WSB	Cox Media Group	2009-04-08	1771	4.55	2026-07-02	0.00	310723182
free	News	88	Very Local: News & Weather	Hearst Television	2019-12-05	7349	4.64	2026-07-14	0.00	1462779034
free	News	89	Police Scanner App, live radio	Dazz Cam	2020-05-24	2995	4.61	2026-08-27	0.00	1511494535
free	News	90	Mortgage News Daily	Mortgage News Daily	2021-11-02	58	4.16	2024-04-26	0.00	1588959473
free	News	91	Overcast Podcast App	Overcast Radio, LLC	2014-07-16	47891	4.54	2026-08-24	0.00	888422857
free	News	92	Thanh niên Việt Nam	Trung uong Doan TNCS Ho Chi Minh	2020-11-27	599	1.27	2026-07-13	0.00	1535733802
free	News	93	Space Coast Launches	Brevard County Board of County Commissioners	2023-07-15	233	2.31	2026-09-18	0.00	6449440459
free	News	94	TMZ	Ehm Productions, Inc.	2009-01-15	213620	4.84	2026-09-23	0.00	299948601
free	News	95	Aquí.PR: Noticias Puerto Rico	Blimp	2026-02-17	505	4.91	2026-06-08	0.00	6757980159
free	News	96	WIRED	Advance Magazine Publishers Inc.	2026-09-15	46	4.74	2026-09-15	0.00	6760543647
free	News	97	Al Jazeera - الجزيرة	Al Jazeera Network	2021-02-01	85429	4.8	2026-10-01	0.00	1534955972
free	News	98	Ad Fontes - Media Bias Chart	Ad Fontes	2023-07-04	63	3.21	2025-02-26	0.00	6449509112
free	Navigation	1	Google Maps	Google	2012-12-12	7393451	4.67	2026-10-02	0.00	585027354
free	Navigation	2	ParkMobile: Park. Pay. Go.	Parkmobile USA, Inc.	2010-04-04	1358756	4.76	2026-09-21	0.00	365399299
free	Navigation	3	Waze Navigation & Live Traffic	Waze Inc.	2009-08-01	3192774	4.84	2026-09-27	0.00	323229106
free	Navigation	4	earnify	BP North America	2024-05-22	85879	4.86	2026-09-19	0.00	6502012127
free	Navigation	5	EarthScope: GPS Map Camera	EINMOB LIMITED	2026-07-08	592	3.9	2026-09-09	0.00	6787098655
free	Navigation	6	Transit • Subway & Bus Times	Transit App, Inc.	2012-06-21	1023029	4.62	2026-10-03	0.00	498151501
free	Navigation	7	SpotHero: #1 Rated Parking App	SpotHero, Inc.	2012-07-01	419782	4.86	2026-09-22	0.00	499097243
free	Navigation	8	ParkWhiz - #1 Parking App	ParkWhiz, Inc.	2013-01-28	187741	4.81	2026-09-28	0.00	595743376
free	Navigation	9	onX Hunt: GPS Hunting Maps	onXmaps, Inc.	2013-08-07	274466	4.89	2026-09-22	0.00	672902340
free	Navigation	10	Chevron	Chevron U.S.A. Inc.	2019-04-23	367691	4.88	2026-10-01	0.00	1450978468
free	Navigation	11	Shell: Fuel, Charge & More	Shell Information Technology International B.V.	2018-09-04	87629	4.77	2026-09-21	0.00	1410234033
free	Navigation	12	MTA TrainTime	Metropolitan Transportation Authority	2016-06-29	211090	4.87	2026-10-02	0.00	1104885987
free	Navigation	13	Metropolis: Remarkable Parking	Metropolis Technologies, Inc.	2021-03-29	45174	4.86	2026-09-28	0.00	1556970037
free	Navigation	14	Real-time GPS Location Sharing	Van Hoa Nguyen	2024-04-26	228	3.95	2026-08-11	0.00	6496686696
free	Navigation	15	onX Offroad: Trail Maps & GPS	onXmaps, Inc.	2019-11-04	21286	4.71	2026-09-22	0.00	1475112177
free	Navigation	16	Citi Bike	Lyft Bikes and Scooters, LLC	2013-05-21	10002	4.52	2026-09-28	0.00	641194843
free	Navigation	17	ChargePoint®	ChargePoint, Inc.	2010-02-24	18894	4.32	2026-09-22	0.00	356866743
free	Navigation	18	Speedometer Simple	WATT APPS	2014-11-18	129140	4.66	2026-09-30	0.00	939507215
free	Navigation	19	Radar GO-X : Navigation, Map	MOR TOSBAA MOBIL COZUMLER ANONIM	2026-07-07	56	4.16	2026-08-31	0.00	6771405651
free	Navigation	20	Citymapper: All Live Transit	Citymapper Limited	2011-10-17	109021	4.86	2026-09-24	0.00	469463298
free	Navigation	21	MapXplorer: GPS Maps & Radar	Goldlab Applications Yazilim Bilişim Anonim Şirketi	2023-09-06	34173	4.52	2026-09-28	0.00	6463052823
free	Navigation	22	Game Maps IRL	Retry Apps Yazılım Limited Şirketi	2025-03-14	29139	4.62	2026-09-06	0.00	6742728012
free	Navigation	23	Exxon Mobil Rewards+	Exxon Mobil Corporation	2013-07-30	211563	4.79	2026-08-05	0.00	668175318
free	Navigation	24	NAVER Maps, Navigation	NAVER Corp.	2009-05-01	2546	3.88	2026-09-21	0.00	311867728
free	Navigation	25	AMap Global	AutoNavi Information Technology Co. Ltd.	2011-09-08	59511	4.73	2026-09-23	0.00	461703208
free	Navigation	26	RouteXL: Smart Truck GPS	MOR TOSBAA MOBIL COZUMLER ANONIM	2026-09-14	0	0	2026-09-25	0.00	6807456482
free	Navigation	27	EVgo - Find a Fast EV Charger	EVgo	2017-10-17	31291	4.68	2026-09-23	0.00	1281660968
free	Navigation	28	Car Dashboard Widgets - HiCar	88 Tech	2026-05-19	1166	4.07	2026-09-01	0.00	6752644665
free	Navigation	29	MapQuest GPS Navigation & Maps	MapQuest Holdings LLC	2009-06-11	29309	4.35	2026-09-28	0.00	316126557
free	Navigation	30	Organic Maps・Offline Maps, GPS	Organic Maps	2021-06-12	3424	4.73	2026-10-01	0.00	1567437057
free	Navigation	31	Geocaching®	Groundspeak Inc.	2009-09-16	66086	4.83	2026-09-21	0.00	329541503
free	Navigation	32	Île-de-France Mobilités	Ile de France Mobilites	2012-01-27	4591	4.69	2026-09-24	0.00	484527651
free	Navigation	33	Neshan Map	Javad Amel Khabazan	2023-05-04	2704	4.31	2026-09-28	0.00	1548188093
free	Navigation	34	Moovit: Bus & Transit Tracker	Moovit App Global LTD	2012-02-27	60134	4.65	2026-09-22	0.00	498477945
free	Navigation	35	Electrify America	Electrify America LLC	2019-06-03	26957	4.61	2026-09-28	0.00	1458030456
free	Navigation	36	PlugShare: Charging Stations	Recargo, Inc.	2011-03-07	143029	4.71	2026-08-31	0.00	421788217
free	Navigation	37	Trucker Path: Truck GPS & Fuel	Trucker Path Inc.	2014-10-12	153618	4.79	2026-09-09	0.00	782746890
free	Navigation	38	Divvy Bikes	Lyft Bikes and Scooters, LLC	2018-05-16	2485	4.21	2026-09-28	0.00	1369992600
free	Navigation	39	Bluebikes	Lyft Bikes and Scooters, LLC	2017-07-11	2438	4.46	2026-09-28	0.00	1250203009
free	Navigation	40	MBTA Go — Official	MBTA	2024-11-20	146	4.12	2026-09-17	0.00	6472726821
free	Navigation	41	Blink Charging Mobile App	Blink Network, LLC	2022-10-08	26156	4.11	2026-09-22	0.00	1612678852
free	Navigation	42	onX Backcountry: 3D Trail Maps	onXmaps, Inc.	2020-12-09	6451	4.76	2026-09-22	0.00	1529165366
free	Navigation	43	Locator: My Family & Friend	Mazahr Kaleem	2025-10-05	54	4.24	2026-08-11	0.00	6753331684
free	Navigation	44	Mudflap	Mudflap Inc	2019-12-02	4602	4.75	2026-09-28	0.00	1488815024
free	Navigation	45	JOLT Electric Vehicle Charging	Jolt Charge Pty Limited	2020-12-16	471	1.4	2026-08-05	0.00	1536466079
free	Navigation	46	Yandex Maps & Navigator	Direct Cursus Computer Systems Trading	2009-05-13	39547	4.63	2026-09-28	0.00	313877526
free	Navigation	47	Premium Parking	Premium Parking	2013-10-22	10535	4.78	2026-08-25	0.00	725224274
free	Navigation	48	Live Traffic : Open Street Map	Vasundhara Infotech LLP	2026-06-04	719	4.05	2026-09-29	0.00	6771623007
free	Navigation	49	Marathon Rewards	Stuzo, LLC	2022-10-12	109546	4.85	2026-08-20	0.00	6443502704
free	Navigation	50	ExtraMile®	Chevron U.S.A. Inc.	2024-11-18	3297	4.87	2026-10-01	0.00	6692634397
free	Navigation	51	ARCO Rewards	Stuzo, LLC	2026-05-27	4658	4.89	2026-08-20	0.00	6752994512
free	Navigation	52	Bonjour RATP	RATP Smart Systems	2012-05-14	2018	4.79	2026-09-17	0.00	507107090
free	Navigation	53	GOHUNT: Research & Maps	GOHUNT, LLC	2021-05-03	8560	4.83	2026-09-21	0.00	1500630352
free	Navigation	54	Wheelz - Social Drive Tracker	Vortac Labs Inc.	2026-06-02	3826	4.74	2026-10-03	0.00	6774287184
free	Navigation	55	Club CITGO - Gas Rewards	CITGO Petroleum Corp.	2014-01-06	244	2.37	2026-09-02	0.00	783482580
free	Navigation	56	Track N Trail - Hunting & Maps	Track N Trail LLC	2025-06-05	2441	4.76	2026-09-18	0.00	6746768148
free	Navigation	57	SpotAngels Parking & Gas	Sweetch, Inc	2014-07-23	12926	4.73	2026-09-21	0.00	897809583
free	Navigation	58	Avenza Maps: Offline Mapping	Avenza Systems Inc.	2010-09-19	128015	4.75	2026-08-13	0.00	388424049
free	Navigation	59	FlockHopper	OpenRoad Labs LLC	2026-04-22	278	4.68	2026-08-06	0.00	6762170253
free	Navigation	60	Offline RouteMap 3D	Ghorpade Sandip	2026-02-08	5	2	2026-02-09	0.00	6758905050
free	Navigation	61	Randonautica	Randonauts, LLC	2020-02-19	13038	3.53	2026-09-12	0.00	1493743521
free	Navigation	62	Speedometer»	Tim O's Studios, LLC	2012-04-24	50331	4.85	2026-08-30	0.00	518469483
free	Navigation	63	CARFACE Car Widgets & Lyrics	Kain Suite Pte. Ltd.	2026-07-08	440	3.91	2026-10-02	0.00	6776157131
free	Navigation	64	HuntWise: A Better Hunting App	Sportsman Tracker	2013-05-18	68794	4.66	2026-09-30	0.00	645518545
free	Navigation	65	LandGlide: Parcel & Field Maps	Real Estate Portal USA, LLC	2014-04-06	59553	4.79	2026-09-25	0.00	560902465
free	Navigation	66	Gaia GPS: Mobile Trail Maps	TrailBehind	2017-05-22	32239	4.76	2026-09-14	0.00	1201979492
free	Navigation	67	KakaoMap - Korea No.1 Map	Kakao Corp.	2009-02-27	5381	4.66	2026-09-29	0.00	304608425
free	Navigation	68	Parking.com - Find Parking Now	Metropolis Technologies, Inc.	2018-08-07	20024	4.5	2026-09-16	0.00	1414389805
free	Navigation	69	TripShot	tripshot inc.	2015-06-25	5207	4.83	2026-10-01	0.00	1007192056
free	Navigation	70	MKE Park	Parkmobile USA, Inc.	2015-04-19	11235	4.68	2026-09-21	0.00	970201895
free	Navigation	71	LAZ Parking	LAZ Parking	2018-12-21	9394	4.66	2026-09-09	0.00	1424112234
free	Navigation	72	Speedometer: MPH Tracker	Orin Light Limited	2025-06-03	695	4.58	2026-09-10	0.00	6746191399
free	Navigation	73	Cardo Ride - Motorcycle App	RISER GmbH	2016-06-02	3226	4.58	2026-09-17	0.00	1087005682
free	Navigation	74	717 Parking	Parkmobile USA, Inc.	2018-02-26	3696	4.36	2026-09-21	0.00	1334752493
free	Navigation	75	Speedometer GPS : MPH Tracker	WE DAO TECH LIMITED	2026-04-06	154	4.5	2026-08-13	0.00	6761100688
free	Navigation	76	Pango Parking	Mobile Smart City, Corp	2016-10-06	2334	4.58	2026-10-02	0.00	1155906621
free	Navigation	77	Japan Travel - Smart Transit	NAVITIME JAPAN CO.,LTD.	2013-10-17	2614	4.69	2026-10-02	0.00	686373726
free	Navigation	78	TroutRoutes: Fly Fishing App	onXmaps, Inc.	2019-03-04	3891	4.47	2026-09-15	0.00	1423989574
free	Navigation	79	TfL Go: Plan, Pay, Travel	TfL	2020-08-04	12126	4.8	2026-09-24	0.00	1419541638
free	Navigation	80	DINOPAY - Sinclair Oil	P97 Networks, Inc.	2011-09-01	48413	4.75	2026-09-24	0.00	445248886
free	Navigation	81	百度地图-路线规划,出行必备	Beijing Baidu Netcom Science & Technology Co.,Ltd	2011-07-31	43951	4.71	2026-09-17	0.00	452186370
free	Navigation	82	Driver Pulse by Tenstreet	Tenstreet	2015-08-27	923	2.82	2026-09-08	0.00	996176201
free	Navigation	83	Maps 4u	Ghorpade Sandip	2026-02-07	3	4.67	2026-02-09	0.00	6758897552
free	Navigation	84	HonkMobile	Honk Mobile Inc.	2014-02-28	3013	4.62	2026-09-21	0.00	816255029
free	Navigation	85	ParkUp App	ParkUp Inc	2021-06-11	51	3.08	2025-11-28	0.00	1570382895
free	Navigation	86	ParkHouston	Parkmobile USA, Inc.	2017-05-05	7794	4.79	2026-09-21	0.00	1216341009
free	Navigation	87	Passio GO	PassIO Technologies	2017-05-06	10796	4.63	2026-02-03	0.00	1203861956
free	Navigation	88	MPLS Parking	City of Minneapolis	2015-08-20	46196	4.64	2026-09-28	0.00	1009365391
free	Navigation	89	myStop Mobile	Avail Technologies	2013-05-01	12241	4.36	2026-09-21	0.00	591959423
free	Navigation	90	Sunoco	Sunoco LP	2018-05-24	13341	4.77	2026-07-28	0.00	1145943301
free	Navigation	91	TruckMap - Truck GPS Routes	Tenstreet	2017-01-25	79524	4.68	2026-09-26	0.00	1198422047
free	Navigation	92	EV Connect	EV Connect, Inc.	2017-06-09	6772	4.51	2026-06-22	0.00	1197712470
free	Navigation	93	Rods — Corner & Road Alerts	Buildrhaus, MB	2026-04-24	80	4.47	2026-10-02	0.00	6758915466
free	Navigation	94	Polaris®	Polaris Industries	2012-01-12	2940	4.45	2026-08-25	0.00	493558794
free	Navigation	95	Garmin Explore™	Garmin	2018-10-14	1055	4.16	2026-09-29	0.00	1276675721
free	Navigation	96	VesselFinder	AstraPaging Ltd.	2014-09-22	248	4.14	2026-09-14	0.00	918080862
free	Navigation	97	Texaco	Chevron U.S.A. Inc.	2019-05-15	12369	4.87	2026-10-01	0.00	1451359429
free	Navigation	98	Trailforks: Offline Bike Maps	Outside Interactive Canada, Inc	2015-07-31	16370	4.72	2026-08-12	0.00	987986743
free	Navigation	99	Indego Bike Share	Bicycle Transit Systems	2016-03-08	1084	4.15	2026-07-10	0.00	1071466134
free	Navigation	100	Traffie Navigation & Traffic	Appie s.r.o	2018-03-10	1504	4.27	2026-08-28	0.00	1217865434
free	Music	1	Spotify: Music and Podcasts	Spotify	2011-07-14	42408787	4.77	2026-10-01	0.00	324684580
free	Music	2	Suno - AI Songs, Music, Lyrics	Suno, Inc.	2024-07-01	363480	4.88	2026-09-29	0.00	6480136315
free	Music	3	YouTube Music	Google	2015-11-12	1515542	4.77	2026-09-26	0.00	1017492454
free	Music	4	Shazam: Find Music & Concerts	Apple	2019-02-09	8841415	4.89	2026-09-22	0.00	284993459
free	Music	5	Amazon Music: Songs & Podcasts	AMZN Mobile LLC	2012-06-11	3367262	4.72	2026-10-03	0.00	510855668
free	Music	6	TouchTunes: Jukebox Music	TouchTunes Interactive Network	2010-09-12	1115974	4.86	2026-09-21	0.00	378351144
free	Music	7	SoundCloud: The Music You Love	SoundCloud Global Limited & Co KG	2009-11-03	2029072	4.84	2026-10-01	0.00	336353151
free	Music	8	BandLab – Music Maker & Beats	BandLab Singapore Pte Ltd	2015-07-28	507338	4.75	2026-09-28	0.00	968585775
free	Music	9	Audiomack - Play Music Offline	Audiomack, Inc.	2014-11-19	2015116	4.79	2026-09-23	0.00	921765888
free	Music	10	DICE: Live Shows	DICE	2014-08-04	85239	4.87	2026-09-28	0.00	898358948
free	Music	11	Music  : Cloud Music Streaming	Kyriakos Adamou	2025-12-29	14783	4.63	2025-12-29	0.00	6756828162
free	Music	12	Pandora: Music & Podcasts	Pandora Media, LLC	2019-02-01	11327324	4.8	2026-09-24	0.00	284035177
free	Music	13	Bose	Bose Corporation	2018-09-21	180430	4.85	2026-08-25	0.00	1364986984
free	Music	14	SiriusXM: Music, Sports & News	SIRIUS XM Radio Inc	2009-06-18	3080820	4.83	2026-09-30	0.00	317951436
free	Music	15	Festiverse	Festiverse	2025-05-21	161	3.72	2026-09-25	0.00	6744997695
free	Music	16	Sonos	Sonos, Inc.	2020-06-08	932304	4.57	2026-09-29	0.00	1488977981
free	Music	17	GuitarTuna: Tune & Play Guitar	Yousician Ltd	2012-11-01	148004	4.78	2026-09-23	0.00	527588389
free	Music	18	MusiChic-Offline Music Player	chae limited	2025-09-02	8000	4.71	2026-06-16	0.00	6751705626
free	Music	19	AMI Play	AMI Entertainment	2013-06-18	17672	4.55	2026-07-30	0.00	640607231
free	Music	20	Tunecho Music-Play Offline	深圳迪威辛科技有限公司	2024-09-10	426	4.26	2026-06-17	0.00	6670604854
free	Music	21	iHeart: Radio, Music, Podcasts	iHeartMedia Management Services, Inc.	2019-02-12	648873	4.76	2026-09-11	0.00	290638154
free	Music	22	Simply Sing: My Singing App	Simply Ltd	2022-01-16	447164	4.67	2026-09-24	0.00	1592900217
free	Music	23	The Red Clay Strays	The Red Clay Strays, LLC	2024-05-21	14	4.29	2026-07-23	0.00	6502765802
free	Music	24	JBL One	Harman International Industries	2022-08-08	9245	4.75	2026-08-18	0.00	1610239857
free	Music	25	JBL Headphones	Harman International Industries	2015-11-06	133352	4.65	2026-09-01	0.00	1053136947
free	Music	26	Piano: Keyboard Lessons & Game	MWM	2018-03-23	436184	4.73	2026-09-07	0.00	1360309966
free	Music	27	Radio‎‎ App	Rafiki Apps	2024-02-26	18744	4.73	2026-09-28	0.00	6477182124
free	Music	28	Anker soundcore	Power Mobile Life LLC	2018-04-22	39926	4.71	2026-09-21	0.00	1331876603
free	Music	29	JBL Portable	Harman International Industries	2015-06-24	61721	4.71	2026-08-17	0.00	994041762
free	Music	30	MP3 Converter - Audio Trimmer	MORIMOTO LIMITED	2024-12-13	28809	4.67	2026-09-24	0.00	6739273941
free	Music	31	Musiboot: Get Lossless Music	Chengdu Xinyuan Technology Co.,Ltd	2025-04-02	1607	4.85	2026-09-24	0.00	6743736599
free	Music	32	Simple Radio - FM AM Stations	Streema, Inc.	2014-06-28	530586	4.72	2026-08-31	0.00	891132290
free	Music	33	Reverse Audio: Sing Challenge	VarMeta	2025-10-31	30204	4.51	2026-09-30	0.00	6754755473
free	Music	34	AI Music Video Generator・Shoom	TECH ALPHA DMCC	2024-06-26	10602	4.23	2026-09-21	0.00	6499126830
free	Music	35	ClipTone: Ringtone & AI Cover	BUD Technologies	2024-11-06	118735	4.73	2026-09-16	0.00	6737531446
free	Music	36	Aftershock Festival	Danny Wimmer Presents, LLC	2017-10-09	89	3.67	2026-09-17	0.00	1286810395
free	Music	37	Skullcandy	Skullcandy, Inc	2019-09-18	172	2.73	2026-08-11	0.00	1466689851
free	Music	38	Edjing Mix: DJ Music Mixer App	MWM	2012-01-12	210615	4.6	2026-09-28	0.00	493226494
free	Music	39	Radio App - FM Radio Stations	Shenzhen Yiken Technology Co., Ltd	2024-08-22	1779	4.41	2026-09-16	0.00	6648771859
free	Music	40	Ultimate Guitar: Chords & Tabs	Ultimate Guitar	2010-03-16	478784	4.73	2026-09-25	0.00	357828853
free	Music	41	Speaker Cleaner: Eject Water	WORLD LABS COMPANY LIMITED	2026-04-12	5537	4.31	2026-09-10	0.00	6761820807
free	Music	42	Piano ٞ	Impala Studios	2016-09-02	170729	4.55	2026-09-30	0.00	1126477246
free	Music	43	TuneIn Radio: Music & Sports	TuneIn	2011-04-19	1120581	4.75	2026-09-21	0.00	418987775
free	Music	44	djay - DJ App & AI Mixer	Algoriddim GmbH	2012-12-19	75212	4.69	2026-09-22	0.00	450527929
free	Music	45	StarMaker-Sing Karaoke Songs	SKYWORK AI PTE LTD	2010-03-05	109252	4.63	2026-09-30	0.00	342138881
free	Music	46	Beat Maker Pro: Music Game	MWM	2018-04-02	588952	4.73	2026-09-30	0.00	1362013798
free	Music	47	Tuner Pro: Guitar Tuner & Tab	MWM	2018-10-13	45719	4.5	2026-09-24	0.00	1438248122
free	Music	48	JLab	JLab Audio	2023-05-18	20	3.6	2026-08-31	0.00	6449068333
free	Music	49	Shokz	Shenzhen Shokz Co., Ltd.	2021-12-01	25658	4.78	2026-09-17	0.00	1596854072
free	Music	50	Clear Wave	Appchi LLC	2021-03-14	36824	4.6	2026-09-10	0.00	1557211189
free	Music	51	Strum - Play Guitar	W185 Holdings	2025-08-06	20063	4.67	2026-10-02	0.00	6749384181
free	Music	52	Garage Ringtones for iPhone	APPFLOW SOFTWARE - FZCO	2022-12-19	52443	4.64	2026-08-26	0.00	6444570129
free	Music	53	Bandsintown Concerts	Bandsintown Inc.	2011-12-11	61702	4.74	2026-07-17	0.00	471394851
free	Music	54	Offline Music Player	Md Zakir Hossain	2017-07-29	59860	4.57	2026-09-11	0.00	1259949354
free	Music	55	Ringtones for iphone: Ringtune	Ringtones LP	2015-09-22	221901	4.45	2025-12-01	0.00	1036141497
free	Music	56	FM Radio App	Rocket Apps GmbH	2021-05-19	24256	4.64	2026-09-23	0.00	1566586505
free	Music	57	Piano for iPhone	宗明 杨	2012-07-26	13562	4.39	2023-08-03	0.00	531263194
free	Music	58	AI Song Generator: Mozart	NineG	2024-05-20	31153	4.31	2026-09-25	0.00	6502656704
free	Music	59	Moises: The Musician's App	Moises Systems, Inc	2020-11-09	27949	4.7	2026-10-03	0.00	1515796612
free	Music	60	Demus: Easy Music Streaming	Simon Zvara	2024-01-30	137	4.17	2026-09-08	0.00	6474685600
free	Music	61	Reverse Audio: Funny Voice	Hai Nguyen Minh	2025-12-11	16214	4.58	2026-10-01	0.00	6756056570
free	Music	62	Smart Metronome & Tuner	Tomohiro Ihara	2014-06-24	60904	4.71	2026-09-11	0.00	889571826
free	Music	63	RadioApp - A Simple Radio App	Firetruck Productions Ltd.	2013-11-12	68764	4.63	2026-07-29	0.00	720291153
free	Music	64	Guitar Tuner - Simply Tune	Simply Ltd	2021-08-16	104925	4.79	2026-09-24	0.00	1573260863
free	Music	65	Denver PorchFest	BRADLEY GOLDHILL SCHWARTZ	2026-07-26	6	4.33	2026-09-16	0.00	6791783051
free	Music	66	Beat Maker – Drum Pad Music	Nam Tran Van	2026-04-08	6	3	2026-09-10	0.00	6761706272
free	Music	67	Shotgun: Live Music Experience	Shotgun	2013-12-02	1631	4.91	2026-09-30	0.00	760028892
free	Music	68	Fender Tune: Guitar Tuner App	Fender Digital	2016-08-05	151325	4.79	2026-04-30	0.00	1107017950
free	Music	69	RA Guide	Resident Advisor	2015-06-23	8124	4.85	2026-09-17	0.00	981952703
free	Music	70	Music Recognition- Song Finder	英杰 李	2024-08-27	8250	4.6	2026-09-20	0.00	6599842047
free	Music	71	Speaker Cleaner ‒ Clear Wave	Umair Afzal	2026-02-05	212	4.82	2026-09-09	0.00	6758210205
free	Music	72	Ringtones: for iPhone	Ringtones LLC	2019-07-20	41751	4.43	2025-03-05	0.00	1470100930
free	Music	73	Airbuds Widget	Capp Inc	2022-10-21	161900	4.77	2026-10-01	0.00	1638906106
free	Music	74	MusiPlayer - Music X Streaming	HOANG THI DUYEN	2026-07-28	608	4.61	2026-08-05	0.00	6787874377
free	Music	75	KaraFun: Karaoke, Battle, Quiz	Recisio	2011-08-08	24669	4.76	2026-09-24	0.00	431050674
free	Music	76	Beatron: AI Song Generator	Ocean Float Mobile	2025-09-25	2566	4.41	2026-09-19	0.00	6751319787
free	Music	77	Reverse Audio	Nobutaka Yuasa	2017-07-05	39252	4.74	2026-08-11	0.00	1254981556
free	Music	78	Water Eject ‒ Speaker Cleaner	Tiny Boom Ltd.	2024-06-02	30735	4.73	2025-10-02	0.00	6499516431
free	Music	79	MuseScore－Sheet Music & Chords	MuseScore BVBA	2014-03-20	78667	4.61	2026-09-30	0.00	835731296
free	Music	80	Head Trip Indio	Goldenvoice	2026-03-24	338	4.79	2026-10-01	0.00	6760371889
free	Music	81	[untitled]	sin titulo, inc	2023-08-02	18088	4.93	2026-09-30	0.00	6445854828
free	Music	82	Speaker & Headphones Connect	Maple Labs Co., Ltd	2022-03-21	31201	4.66	2026-10-02	0.00	1612024321
free	Music	83	Sony | Music Center	Sony Corporation	2014-02-09	84255	4.58	2026-03-16	0.00	724406878
free	Music	84	Audio Joiner-Mix&Merge	Chengdu Moqi Yungou Technology Co., Ltd.	2026-03-23	114	4.82	2026-09-14	0.00	6760806011
free	Music	85	AI Song Generator - Zona	Madduck	2024-04-30	15216	4.69	2026-09-09	0.00	6499261254
free	Music	86	Musicana - Organizer & Player	TDR	2018-09-17	87071	4.66	2022-03-12	0.00	1434023161
free	Music	87	Lyrix: Dynamic Lyricsㅤ	Titano Digital Teknoloji Limited Şirketi	2024-09-25	7148	4.69	2026-10-03	0.00	6651860228
free	Music	88	JBL PartyBox	Harman International Industries	2020-07-27	39877	4.86	2026-08-10	0.00	1492415595
free	Music	89	Bose Connect	Bose Corporation	2015-12-08	293239	4.8	2025-11-24	0.00	1046510029
free	Music	90	Smule: Sing, Duet & Record	Smule	2012-08-08	181515	4.48	2026-09-14	0.00	509993510
free	Music	91	Donna AI Song & Music Maker	MOBIVERSITE YAZILIM BILISIM REKLAM VE DANISMANLIK HIZMETLERI SANAYI TICARET LIMITED STI	2024-04-08	95355	4.74	2026-09-30	0.00	6482289804
free	Music	92	طرب الفيديو	Saed Hamdan	2017-01-30	149734	4.4	2025-08-28	0.00	1199065602
free	Music	93	Songsterr Tabs & Chords	Guitar Tabs LLC	2010-12-15	47390	4.71	2026-09-29	0.00	399211291
free	Music	94	CrowdVolt	CrowdVolt Corp.	2026-08-11	357	4.94	2026-09-22	0.00	6784803198
free	Music	95	myTuner Radio - Live Stations	Appgeneration Software	2012-04-28	244068	4.77	2026-09-15	0.00	520502858
free	Music	96	SonicNest-Music Player	Shenzhen Youcifang Technology Co., Ltd.	2025-06-02	2638	4.69	2026-09-18	0.00	6746545958
free	Music	97	Moongate: Binaural Beats	Moongate Studios, Inc.	2023-11-02	60063	4.67	2026-10-02	0.00	6471041035
free	Music	98	Melodista Music Offline Player	Oleksandr Pylaiev	2017-10-09	39299	4.55	2025-01-03	0.00	1293175325
free	Music	99	EQUALS - Music Social Network	Equa.ls	2024-11-27	8861	4.44	2026-09-28	0.00	6471002462
free	Music	100	Marshall Bluetooth	Marshall Group AB	2018-10-08	15422	4.76	2026-09-29	0.00	1351654161
free	Lifestyle	1	Pinterest	Pinterest, Inc.	2011-04-28	5786228	4.78	2026-10-01	0.00	429047995
free	Lifestyle	2	T-Life	T-Mobile	2016-06-06	1266898	4.79	2026-09-27	0.00	1111876388
free	Lifestyle	3	GoWish - Your Digital Wishlist	Onskeskyen ApS	2023-04-03	178142	4.77	2026-10-02	0.00	1605170923
free	Lifestyle	4	Ring - Always Home	Ring.com	2014-11-18	1857930	4.72	2026-09-30	0.00	926252661
free	Lifestyle	5	SmartThings	Samsung Electronics Co., Ltd.	2017-06-19	840025	4.57	2026-09-29	0.00	1222822904
free	Lifestyle	6	Partiful: Party Invite Maker	Partiful	2023-08-21	261454	4.95	2026-09-23	0.00	1662982304
free	Lifestyle	7	Hinge Dating App: Match & Date	Hinge, Inc.	2013-02-05	1125791	4.41	2026-09-28	0.00	595287172
free	Lifestyle	8	Tinder Dating App: Date & Chat	Tinder LLC	2012-08-02	1753098	4.2	2026-10-03	0.00	547702041
free	Lifestyle	9	Amazon Alexa	AMZN Mobile LLC	2014-12-10	5901733	4.54	2026-09-24	0.00	944011620
free	Lifestyle	10	Zillow Real Estate & Rentals	Zillow.com	2009-04-29	7237186	4.8	2026-10-01	0.00	310738695
free	Lifestyle	11	Google Home	Google	2013-08-26	1375878	4.56	2026-10-01	0.00	680819774
free	Lifestyle	12	LG ThinQ	LG Electronics, Inc.	2016-07-17	235913	4.6	2026-09-22	0.00	993504342
free	Lifestyle	13	myQ Garage & Access Control	The Chamberlain Group, Inc.	2011-08-16	2405801	4.75	2026-10-01	0.00	456282559
free	Lifestyle	14	Toyota	Toyota Motor Sales, U.S.A., Inc.	2019-08-07	873559	4.83	2026-10-01	0.00	1455685357
free	Lifestyle	15	Booksy for Customers	Booksy	2013-10-21	859085	4.92	2026-09-30	0.00	723961236
free	Lifestyle	16	Tesla	Tesla, Inc.	2012-12-10	122328	4.71	2026-10-02	0.00	582007913
free	Lifestyle	17	Vagaro	Vagaro Inc	2012-07-03	9054	4.59	2026-09-15	0.00	536110000
free	Lifestyle	18	Bumble Dating App: Meet & Date	Bumble Holding Limited	2014-11-18	1764803	4.32	2026-10-01	0.00	930441707
free	Lifestyle	19	Duet Dating App: Chat & Meet	WINK TECH LIMITED	2023-02-26	104826	4.58	2026-10-01	0.00	1673723000
free	Lifestyle	20	My Love - Relationship Counter	Bjoern Bartels	2010-12-18	1029508	4.83	2023-05-08	0.00	409609608
free	Lifestyle	21	LotusLanternX	shenzhen ELK Technology Co., Ltd.	2017-09-15	5926	2.55	2026-08-11	0.00	1279356519
free	Lifestyle	22	Ford™	Ford Motor Co.	2016-04-28	1469466	4.76	2026-09-30	0.00	1095418609
free	Lifestyle	23	SmartLife: Smart Living	Volcano Technology Limited	2016-05-25	267187	4.72	2026-09-17	0.00	1115101477
free	Lifestyle	24	Hily Dating App: Meet. Date.	Hily Corp.	2017-08-14	376917	4.39	2026-09-29	0.00	1250946975
free	Lifestyle	25	eero wifi system	eero LLC	2016-02-22	205216	4.84	2026-09-30	0.00	1023499075
free	Lifestyle	26	Instant Cash Advance - Zora	TC FUNDING V DESIGNATED ACTIVITY COMPANY	2026-06-09	8122	4.57	2026-06-09	0.00	6763320578
free	Lifestyle	27	TP-Link Tapo	TP-Link Systems Inc.	2019-09-16	21115	4.82	2026-09-29	0.00	1472718009
free	Lifestyle	28	Tipsy Chat: Live Your Story	LIGHTSPEED INTELLIGENCE LTD	2024-08-15	11274	4.58	2026-10-01	0.00	6572296119
free	Lifestyle	29	Realtor.com Real Estate & Rent	Move, Inc.	2010-01-10	1080096	4.79	2026-09-29	0.00	336698281
free	Lifestyle	30	Anker eufy	Power Mobile Life LLC	2018-10-29	71497	4.63	2026-09-21	0.00	1424956516
free	Lifestyle	31	AAA Mobile	American Automobile Association	2009-04-20	381106	4.79	2026-09-23	0.00	310730297
free	Lifestyle	32	Listful - Wishlist Maker	Listful LLC	2024-07-15	22584	4.85	2026-09-30	0.00	6505107527
free	Lifestyle	33	Thumbtack: Home Service Pros	Thumbtack, Inc.	2014-05-08	472317	4.89	2026-09-29	0.00	852703300
free	Lifestyle	34	Blood Pressure Log, Heart Rate	NarrativeLab OU	2021-07-19	30937	4.32	2026-09-24	0.00	1575719736
free	Lifestyle	35	FireStick Remote Control	Bhim Singh	2020-02-01	28787	4.65	2025-07-09	0.00	1492703474
free	Lifestyle	36	Square Go	Block, Inc.	2022-06-07	181519	4.93	2025-05-01	0.00	1623896123
free	Lifestyle	37	myChevrolet	General Motors Company	2010-10-27	973781	4.82	2026-09-22	0.00	398596699
free	Lifestyle	38	Lemon8 - Lifestyle Community	TikTok Ltd.	2020-03-12	280524	4.61	2026-09-24	0.00	1498607143
free	Lifestyle	39	Hubspace	Afero, Inc.	2020-12-17	225198	4.8	2026-08-21	0.00	1506042235
free	Lifestyle	40	Giftful - Wishlist & Registry	Giftful LLC	2019-11-04	90478	4.84	2026-09-28	0.00	1450175505
free	Lifestyle	41	VeSync	Vesync Technology Corporation	2017-10-10	75762	4.84	2026-09-23	0.00	1289575311
free	Lifestyle	42	The Official Wyze App	Wyze Labs	2017-10-13	455369	4.6	2026-09-30	0.00	1288415553
free	Lifestyle	43	PDF Scan	Xian Dayanshan Electronic Tech Limited	2022-06-25	817	4.15	2026-05-25	0.00	1631312180
free	Lifestyle	44	PURE: Open-Minded Dating App	Online Classifieds AG	2013-10-25	85962	4.26	2026-09-17	0.00	690661663
free	Lifestyle	45	Google Opinion Rewards	Google	2017-10-09	210480	4.75	2026-09-22	0.00	1227019728
free	Lifestyle	46	Taskrabbit - Handyman & more	TaskRabbit	2010-06-02	45662	4.72	2026-09-21	0.00	374165361
free	Lifestyle	47	Roomba Home	iRobot Corporation	2025-02-19	34469	4.7	2026-10-01	0.00	6504274697
free	Lifestyle	48	LOFT Living	RealPage, Inc.	2009-10-06	20353	4.31	2026-09-21	0.00	333244247
free	Lifestyle	49	Alarmy - Loud alarm clock	Delight Room Co., Ltd.	2016-10-17	248107	4.76	2026-10-02	0.00	1163786766
free	Lifestyle	50	NGL: ask me anything	NGL Labs, LLC	2021-12-10	387683	4.76	2026-09-10	0.00	1596550932
free	Lifestyle	51	HondaLink	American Honda Motor Co., Inc.	2013-12-03	52237	4.14	2026-09-30	0.00	750465030
free	Lifestyle	52	Apple Invites	Apple	2025-02-04	21443	4.66	2026-09-30	0.00	6472498645
free	Lifestyle	53	Redfin: Buy, Sell & Rent Homes	Redfin	2009-08-31	1641006	4.8	2026-09-24	0.00	327962480
free	Lifestyle	54	Feeld: Dating for the Curious	Feeld Ltd	2014-06-28	101187	4.3	2026-09-21	0.00	887914690
free	Lifestyle	55	CarMax: Used Cars for Sale	CarMax	2012-11-02	408168	4.8	2026-09-29	0.00	571044395
free	Lifestyle	56	SmartHQ	HAIER US APPLIANCE SOLUTIONS, INC	2015-06-05	88064	4.6	2026-09-28	0.00	992883749
free	Lifestyle	57	Roborock	Beijing Roborock Technology Co., Ltd.	2019-06-17	127348	4.8	2026-09-07	0.00	1462875428
free	Lifestyle	58	Apartments.com Rental Finder	Apartments LLC	2009-06-20	482286	4.86	2026-09-17	0.00	319836632
free	Lifestyle	59	Co–Star Personalized Astrology	Co-Star Astrology Society	2017-10-05	205714	4.79	2026-08-01	0.00	1264782561
free	Lifestyle	60	First Alert by Resideo	Resideo Technologies, Inc.	2024-07-09	38106	4.77	2026-09-14	0.00	6457097692
free	Lifestyle	61	theCut: Find & Book Barbers	theCut Inc	2016-05-03	17763	4.66	2026-09-30	0.00	1101408626
free	Lifestyle	62	Owlet Dream	Owlet Baby Care, Inc.	2021-12-01	42219	4.59	2026-09-25	0.00	1590590105
free	Lifestyle	63	Alipay - Simplify Your Life	Alipay (Hangzhou) Technology Co., Ltd.	2009-10-15	4261	2.86	2026-09-21	0.00	333206289
free	Lifestyle	64	ecobee by Generac	ecobee Ltd.	2014-09-30	202854	4.8	2026-09-30	0.00	916985674
free	Lifestyle	65	MyDyson™	Dyson Inc.	2016-03-30	36014	4.61	2026-09-24	0.00	993135524
free	Lifestyle	66	AAA Auto Club	American Automobile Association	2016-06-24	89094	4.82	2026-09-22	0.00	1094393125
free	Lifestyle	67	I Am Sober	I Am Sober LLC	2013-07-19	188122	4.88	2026-09-28	0.00	672904239
free	Lifestyle	68	KidHub by Unleashed Brands	Unleashed Services	2026-06-01	614	4.63	2026-10-01	0.00	6768380647
free	Lifestyle	69	YarnPal - Crochet & Patterns	PIXELCELL.LIMITED	2024-12-19	33454	4.72	2026-09-23	0.00	6738537088
free	Lifestyle	70	Nymph: Open-Minded Dating App	Nymph GmbH	2024-05-27	1329	4.36	2026-09-30	0.00	6475792735
free	Lifestyle	71	WiZ Connected	Signify Netherlands B.V.	2022-10-05	40550	4.5	2026-08-24	0.00	1587655962
free	Lifestyle	72	Carvia: Car Widgets	Dali Parkett GmbH	2026-05-27	900	3.31	2026-09-24	0.00	6771396826
free	Lifestyle	73	Nest	Nest Labs	2011-11-01	2569855	4.61	2026-09-16	0.00	464988855
free	Lifestyle	74	DOWN: The Casual Dating App	Down App, Inc.	2013-04-30	129497	4.32	2026-09-29	0.00	601174087
free	Lifestyle	75	Wello - Heart Health Monitor	Cozyverse	2026-03-27	1592	4.53	2026-09-22	0.00	6760641376
free	Lifestyle	76	AiDot	AiDot Inc	2021-08-12	8103	4.73	2026-09-24	0.00	1580685276
free	Lifestyle	77	myPurina – Pet Rewards & Care	Nestlé Purina Petcare Company	2023-01-31	84124	4.86	2026-09-22	0.00	1658539065
free	Lifestyle	78	Feit Electric	Feit Electric	2018-01-11	273095	4.69	2026-01-30	0.00	1333066476
free	Lifestyle	79	Apartment List: Apt rentals	Apartment List, Inc.	2013-06-17	503687	4.69	2026-09-07	0.00	659694038
free	Lifestyle	80	Monster Smart Lighting	Jem Accessories, Inc	2023-09-20	6596	3.71	2026-01-20	0.00	6451121016
free	Lifestyle	81	Sandboxx	Sandboxx, Inc.	2014-10-07	177243	4.86	2026-09-29	0.00	912636512
free	Lifestyle	82	Lumus: Tarot & Psychic Reading	Codeyeti Software Solutions Private Limited	2024-04-23	6122	4.7	2026-09-30	0.00	6498953281
free	Lifestyle	83	Alta Daily: Digital AI Closet	Flagship AI, Inc	2025-03-13	15641	4.88	2026-10-01	0.00	6481705400
free	Lifestyle	84	Resident Portal Mobile	Entrata, Inc.	2014-04-16	255617	4.86	2026-09-10	0.00	443831139
free	Lifestyle	85	Verizon Family	Verizon Wireless	2014-11-05	38277	4.31	2026-10-02	0.00	923408272
free	Lifestyle	86	One Tap Away	Happily Inc	2024-12-11	8473	4.64	2026-09-10	0.00	6670760560
free	Lifestyle	87	SharkClean	SHARKNINJA OPERATING LLC	2017-09-08	496179	4.75	2026-09-30	0.00	1271409097
free	Lifestyle	88	Astrotalk - Talk to Astrologer	Codeyeti Software Solutions Private Limited	2017-03-09	21578	4.76	2026-10-01	0.00	1208433822
free	Lifestyle	89	Dog Translator - Dog Training	DIGICORP JOINT STOCK COMPANY	2024-12-11	8160	4.44	2026-09-11	0.00	6737748858
free	Lifestyle	90	Copper: Play, Shop, Earn Cash	NEXT Financial Inc	2019-11-08	96440	4.7	2026-09-30	0.00	1486647561
free	Lifestyle	91	Mercedes-Benz (USA/CA)	Mercedes-Benz USA, LLC	2018-08-14	343691	4.87	2026-09-06	0.00	1397873833
free	Lifestyle	92	Kismia - Dating App & Chat	Kismia Group Limited	2021-08-12	109509	4.52	2026-09-22	0.00	1571274697
free	Lifestyle	93	Arlo Secure: Home Security	Arlo Technologies Inc.	2019-09-04	412711	4.21	2026-09-30	0.00	1459289784
free	Lifestyle	94	Swagbucks: Earn Real Rewards	Prodege LLC	2013-07-23	147761	4.39	2026-09-30	0.00	640439547
free	Lifestyle	95	Glucera: Blood Sugar Tracker	BEGAMOB GLOBAL LIMITED	2026-08-31	354	4.66	2026-09-26	0.00	6796661353
free	Lifestyle	96	Locate My Phone By Clapping	L3S ARIEL LIMITED	2026-09-03	112	4.14	2026-09-07	0.00	6805305613
free	Lifestyle	97	Great Clips Online Check-in	Great Clips	2011-02-02	693956	4.85	2026-09-29	0.00	414012602
free	Lifestyle	98	BILT	BILT Incorporated	2014-05-23	21331	4.82	2026-07-31	0.00	879452214
free	Lifestyle	99	Daimon: Personal Advice	Prospinity Inc	2025-10-20	71234	4.93	2026-09-30	0.00	6752447819
free	Lifestyle	100	Luma: Events & Invites	Luma Labs, Inc.	2021-03-04	18562	4.93	2026-09-22	0.00	1546150895
free	Health & Fitness	1	Strava: Run, Bike, Walk	Strava, Inc.	2011-03-23	375852	4.81	2026-09-30	0.00	426826309
free	Health & Fitness	2	Flo Cycle & Period Tracker	FLO HEALTH UK LIMITED	2015-10-03	1987678	4.74	2026-09-27	0.00	1038369065
free	Health & Fitness	3	Planet Fitness	Planet Fitness Holdings, LLC	2010-11-03	813689	4.87	2026-09-25	0.00	399857015
free	Health & Fitness	4	Yuka - Food & Cosmetic Scanner	Yuca	2017-01-08	100322	4.82	2026-09-23	0.00	1092799236
free	Health & Fitness	5	AllTrails: Hike, Bike & Run	AllTrails, Inc.	2010-12-17	1040767	4.89	2026-10-01	0.00	405075943
free	Health & Fitness	6	Scrambly: Earn Money Walking	Scrambly	2025-07-10	95961	4.75	2026-09-29	0.00	6738506984
free	Health & Fitness	7	LADDER Strength Training Plans	Ladder Technologies, Inc.	2020-06-23	204041	4.95	2026-09-29	0.00	1502936453
free	Health & Fitness	8	Cal AI - Calorie Tracker	Viral Development LLC	2024-04-08	368219	4.8	2026-09-29	0.00	6480417616
free	Health & Fitness	9	WeWard - Walking Rewards App	WEWARD	2022-09-20	123011	4.87	2026-09-29	0.00	1454213029
free	Health & Fitness	10	MyFitnessPal: Calorie Counter	MyFitnessPal, Inc.	2009-12-07	2370872	4.71	2026-09-29	0.00	341232718
free	Health & Fitness	11	Finch: Self-Care Pet	Finch Care Public Benefit Corporation	2021-05-12	759147	4.95	2026-10-02	0.00	1528595748
free	Health & Fitness	12	Oura	Oura Health Oy	2016-01-14	307487	4.86	2026-09-22	0.00	1043837948
free	Health & Fitness	13	Crunch Fitness	Crunch Fitness	2010-11-05	25124	4.77	2026-09-10	0.00	398210959
free	Health & Fitness	14	StepUp Pedometer Step Counter	Pratik Stephen	2015-11-18	140325	4.85	2026-09-30	0.00	979101825
free	Health & Fitness	15	Garmin Connect™	Garmin	2013-01-09	58581	4.39	2026-09-08	0.00	583446403
free	Health & Fitness	16	New EōS Fitness	Fitness Alliance LLC	2026-05-03	771	1.87	2026-09-28	0.00	6759914925
free	Health & Fitness	17	RISE: Sleep Tracker	Rise Science Inc	2019-08-19	71038	4.73	2026-09-29	0.00	1453884781
free	Health & Fitness	18	Cronometer: Calorie Counter	Cronometer Software Inc	2016-09-09	98925	4.77	2026-09-14	0.00	1145935738
free	Health & Fitness	19	ClassPass: Fitness, Spa, Salon	ClassPass, LLC	2014-12-17	198548	4.83	2026-10-01	0.00	912947244
free	Health & Fitness	20	Steppa - Step Challenges	Steppa, LLC	2025-12-08	1453	4.64	2026-09-22	0.00	6755126064
free	Health & Fitness	21	Google Health (Fitbit)	Google	2011-10-17	702770	4.47	2026-09-28	0.00	462638897
free	Health & Fitness	22	Hume Health	FitTrack Inc	2019-10-02	72980	4.33	2026-09-29	0.00	1477782599
free	Health & Fitness	23	SleepSense: Sleep Tracker	Dualstar Entertainment Group	2026-07-22	243	3.92	2026-09-30	0.00	6791916451
free	Health & Fitness	24	StepsApp Pedometer	StepsApp GmbH	2015-10-10	299046	4.81	2026-10-01	0.00	1037595083
free	Health & Fitness	25	RaceJoy	TriPerta LLC	2013-03-22	1566	3.94	2026-08-20	0.00	596132953
free	Health & Fitness	26	AHEALTH - formerly MoneyWalk	Gravity Labs Co., Ltd.	2022-08-22	26595	4.63	2026-09-29	0.00	1638253339
free	Health & Fitness	27	Motivation - Daily quotes	Monkey Taps	2014-05-13	1073497	4.82	2026-10-01	0.00	876080126
free	Health & Fitness	28	Aetna Health	Aetna Inc.	2017-12-31	374331	4.67	2026-09-25	0.00	1261033071
free	Health & Fitness	29	BetterMe Well-Being Coach	BetterMe Limited	2017-08-22	713137	4.67	2026-10-02	0.00	1264546236
free	Health & Fitness	30	Heartica: Heart Rate Monitor	Faliane Ltd.	2025-04-16	15880	4.57	2026-07-31	0.00	6742904990
free	Health & Fitness	31	iCardiac: Heart Rate & Health	BEGAMOB GLOBAL LIMITED	2023-10-16	30461	4.74	2026-10-02	0.00	6468660073
free	Health & Fitness	32	Kaiser Permanente	Kaiser Permanente	2012-05-07	1097405	4.78	2026-09-09	0.00	493390354
free	Health & Fitness	33	Hatch Sleep	Hatch Baby, Inc.	2017-01-23	61847	4.54	2026-09-29	0.00	1158048301
free	Health & Fitness	34	Walktober	Health Enhancement Systems	2019-07-12	27	4.63	2026-10-02	0.00	1470674637
free	Health & Fitness	35	Fitbod: Gym & Fitness Planner	Fitbod Inc.	2015-09-26	286497	4.81	2026-10-01	0.00	1041517543
free	Health & Fitness	36	Palm Blood Pressure-Easy&Log	MINER (HK) CO., LIMITED	2024-08-09	369	4.65	2026-05-10	0.00	6621209441
free	Health & Fitness	37	Hevy - Workout Tracker Gym Log	Hevy Studios S.L.	2019-06-30	96114	4.92	2026-10-02	0.00	1458862350
free	Health & Fitness	38	Stardust Period Tracker	Stardust App LLC (New York)	2020-01-24	118178	4.76	2026-09-16	0.00	1495829322
free	Health & Fitness	39	Lyfta: Gym Workout Tracker Log	Lindberg Development AS	2022-10-10	6789	4.81	2026-10-01	0.00	6443740936
free	Health & Fitness	40	Mindbody: Fitness & Wellness	MINDBODY Inc.	2013-08-29	272078	4.9	2026-09-17	0.00	689501356
free	Health & Fitness	41	myCigna	Cigna Corporation	2012-12-14	153731	4.76	2026-09-23	0.00	569266174
free	Health & Fitness	42	Exposr - Food Product Scanner	Nagia LLC	2025-10-06	5121	4.72	2026-09-29	0.00	6752903766
free	Health & Fitness	43	Period Tracker Period Calendar	ABISHKKING LIMITED.	2014-09-30	174020	4.92	2026-09-28	0.00	896501514
free	Health & Fitness	44	Sweatcoin Walking Step Counter	Sweatco Ltd	2016-09-01	399292	4.53	2026-09-29	0.00	971023427
free	Health & Fitness	45	Life Time Digital	Life Time, Inc.	2017-03-02	177263	4.77	2026-09-28	0.00	1192326768
free	Health & Fitness	46	I am - Daily Affirmations	Monkey Taps	2014-05-13	733913	4.84	2026-09-30	0.00	874656917
free	Health & Fitness	47	Tolan: Your Friendly Guide	Portola	2024-06-19	183058	4.78	2026-10-03	0.00	6477549878
free	Health & Fitness	48	Stompers: Walking Step Counter	Stompers, LLC	2024-05-22	9610	4.77	2026-10-03	0.00	6477849675
free	Health & Fitness	49	Cardiora: Blood Pressure	Tam Tran	2025-10-08	1281	4.23	2026-08-29	0.00	6753161422
free	Health & Fitness	50	Liftoff - Ranked Gym Workouts	Liftoff Labs Inc.	2023-04-20	98042	4.83	2026-09-30	0.00	6448081563
free	Health & Fitness	51	Calorie Counter - MyNetDiary	MyNetDiary Inc.	2019-02-03	167764	4.81	2026-09-24	0.00	287529757
free	Health & Fitness	52	St. George Marathon	City of St. George, Utah	2022-09-14	18	2.17	2024-09-19	0.00	1643134277
free	Health & Fitness	53	FaceVital: Health Monitor	BEGAMOB GLOBAL LIMITED	2026-06-19	761	4.68	2026-09-26	0.00	6773569672
free	Health & Fitness	54	Nike Run Club: Running Coach	Nike, Inc	2010-09-06	419177	4.77	2026-09-02	0.00	387771637
free	Health & Fitness	55	MenuFit - Healthy Eating Out	Kosco Digital LLC	2025-08-06	54463	4.77	2026-09-30	0.00	6746144481
free	Health & Fitness	56	Heart Beat: Heart Rate Monitor	TAPSUITE YAZILIM HIZMETLERI ANONIM SIRKETI	2025-06-05	5885	4.52	2026-10-02	0.00	6744920106
free	Health & Fitness	57	Nourish: Eating Well Made Easy	Nourish Inc.	2023-05-17	32031	4.82	2026-10-02	0.00	6448732070
free	Health & Fitness	58	Runna: Running Plans & Coach	Strava, Inc.	2021-12-11	34582	4.85	2026-09-29	0.00	1594204443
free	Health & Fitness	59	RENPHO Health	Joicom corporation	2020-12-20	8980	4.72	2026-09-20	0.00	1543340610
free	Health & Fitness	60	OMRON connect US/CAN/EMEA	Omron Healthcare, Inc.	2017-01-02	102651	4.66	2026-09-14	0.00	1166317885
free	Health & Fitness	61	Calm	Calm.com	2013-02-22	1985324	4.77	2026-10-01	0.00	571800810
free	Health & Fitness	62	Clue Period & Cycle Tracker	BioWink GmbH	2013-07-09	404913	4.76	2026-09-30	0.00	657189652
free	Health & Fitness	63	WHOOP	WHOOP	2015-09-02	83827	4.81	2026-09-28	0.00	933944389
free	Health & Fitness	64	Calo: AI Food Calorie Counter	Next Vision Limited	2023-04-11	25547	4.71	2026-09-23	0.00	6447434453
free	Health & Fitness	65	STG Marathon	Brooksee, LLC	2025-09-25	1	1	2026-09-12	0.00	6752872918
free	Health & Fitness	66	Blood Pressure App-BP Tracker	AKRURA PTE. LTD	2024-01-05	9508	4.49	2026-08-17	0.00	6474598021
free	Health & Fitness	67	HealthPro: Blood Sugar	TickFlow	2026-03-25	1953	4.21	2026-08-31	0.00	6760378459
free	Health & Fitness	68	WalkFit: Steps counter	WELLTECH APPS LIMITED	2019-05-01	164575	4.73	2026-10-02	0.00	1457956232
free	Health & Fitness	69	LA Fitness Mobile	Fitness International, LLC	2010-06-09	282	2.62	2026-08-25	0.00	376098999
free	Health & Fitness	70	MacroFactor - Macro Tracker	Stronger By Science Technologies LLC	2021-09-15	22853	4.84	2026-09-24	0.00	1553503471
free	Health & Fitness	71	Da Fit	MO YOUNG LIMITED	2017-11-22	223203	4.67	2026-09-16	0.00	1316004998
free	Health & Fitness	72	White Noise Deep Sleep Sounds	Slumber Studios, LLC	2016-02-17	208918	4.8	2026-09-25	0.00	1083248251
free	Health & Fitness	73	InBody	InBody Co., Ltd.	2014-06-28	1876	3.94	2026-09-21	0.00	884923678
free	Health & Fitness	74	MeAgain: GLP-1 Tracker App	Dots Future Technologies	2025-04-11	35684	4.79	2026-09-10	0.00	6744178534
free	Health & Fitness	75	Lose It! – Calorie Counter	FitNow	2008-11-21	779685	4.77	2026-09-30	0.00	297368629
free	Health & Fitness	76	Pedometer++	Cross Forward Consulting, LLC	2013-10-01	182964	4.79	2026-09-21	0.00	712286167
free	Health & Fitness	77	VeryFit	Shenzhen DO Intelligent Technology Co., Ltd.	2020-09-08	33129	4.55	2026-09-20	0.00	1516248105
free	Health & Fitness	78	Medbridge GO for Patients	MedBridge Education LLC	2017-02-21	151608	4.75	2026-09-01	0.00	1089747982
free	Health & Fitness	79	BetterSleep: Relax and Sleep	Ipnos Software Inc.	2009-05-06	390776	4.74	2026-09-22	0.00	314498713
free	Health & Fitness	80	Lively - Period Tracker, Cycle	Lively Cycle, LLC	2023-06-13	52933	4.81	2026-10-02	0.00	6447674634
free	Health & Fitness	81	Bend: Stretching & Flexibility	Bowery Digital	2020-05-20	174048	4.76	2026-09-17	0.00	1513988468
free	Health & Fitness	82	Home Workout - No Equipments	Leap Health	2017-11-17	126149	4.88	2026-07-24	0.00	1313192037
free	Health & Fitness	83	Gratitude Plus – Journal	Redwheel Apps	2019-01-29	19664	4.86	2026-09-22	0.00	1447851477
free	Health & Fitness	84	SuppCo: Supplement Scanner	Supple Stack Inc	2024-09-17	30501	4.82	2026-09-29	0.00	6504838951
free	Health & Fitness	85	StressWatch: AI Stress Monitor	One Hundred Bad Ideas Limited	2023-04-26	24096	4.67	2026-10-01	0.00	6444737095
free	Health & Fitness	86	INTVL	INTVL PTY LTD	2024-02-10	5386	4.73	2026-09-27	0.00	6472631698
free	Health & Fitness	87	Calorie Counter by Numify	Municorn Limited	2024-01-31	41355	4.72	2026-09-29	0.00	6474290049
free	Health & Fitness	88	Portland Marathon	Brooksee, LLC	2019-10-04	0	0	2025-09-17	0.00	1482172673
free	Health & Fitness	89	Wayk: Alarm Clock to Wake Up	Dialed Labs Inc.	2026-02-03	19685	4.73	2026-10-03	0.00	6758021281
free	Health & Fitness	90	Stella - Manifest Anything	Perl Productions LLC	2026-01-28	5210	4.72	2026-09-29	0.00	6757347283
free	Health & Fitness	91	Map My Run GPS Running Tracker	Outside Television Inc	2008-10-13	754497	4.84	2026-09-09	0.00	291890420
free	Health & Fitness	92	24GO by 24 Hour Fitness	Yourtrainer, Inc.	2017-12-16	12785	4.48	2026-09-14	0.00	1291447822
free	Health & Fitness	93	AF App	Anytime Fitness, LLC	2022-11-22	14783	4.76	2026-08-25	0.00	1598355340
free	Health & Fitness	94	STNDRD Workout & Fitness Plans	Set The Standard LLC	2021-08-26	3814	4.56	2026-09-28	0.00	1573298047
free	Health & Fitness	95	BetterHelp - Therapy	BetterHelp	2015-07-10	149773	4.81	2026-09-30	0.00	995252384
free	Health & Fitness	96	Lovense Remote	HYTTO PTE. LTD.	2015-10-18	7067	4.42	2026-09-25	0.00	1027312824
free	Health & Fitness	97	Olive: AI Health & Weight Loss	Giga Studios, Inc	2025-01-24	40196	4.8	2026-10-02	0.00	6739765789
free	Health & Fitness	98	Well Up-Level Up Your Wellness	ILLUMEOS	2024-08-13	1080	4.29	2025-10-01	0.00	6615069676
free	Health & Fitness	99	GymMaster Member	Treshna Enterprises	2017-10-26	332	4.19	2026-09-28	0.00	1297093746
free	Health & Fitness	100	Water tracker Waterllama	Llama Luna Apps	2019-03-30	162289	4.87	2026-09-30	0.00	1454778585
free	Games	1	Meowdoku!	Oakever Games	2026-05-19	281421	4.81	2026-10-01	0.00	6761760135
free	Games	2	Block Out! - Color Sort Puzzle	Grand Games A.Ş.	2025-10-31	282640	4.73	2026-09-28	0.00	6752672568
free	Games	3	Rotate Rings	Nebula Studio	2026-08-05	15632	4.8	2026-09-29	0.00	6793924927
free	Games	4	Magic Sort!	Grand Games A.Ş.	2024-05-28	666169	4.72	2026-09-28	0.00	6499209744
free	Games	5	Roblox	Roblox Corporation	2011-05-26	20268824	4.51	2026-10-01	0.00	431946152
free	Games	6	Smash Fest!	Flow Games Bilisim Yazilim ve Pazarlama Anonim Sirketi	2025-12-16	513783	4.72	2026-10-01	0.00	6748084174
free	Games	7	Vita Mahjong	Vita Studio	2023-12-01	1743436	4.9	2026-09-26	0.00	6468921495
free	Games	8	CubeAway - 3DPuzzle	GOODROID,Inc.	2026-03-13	109659	4.66	2026-09-09	0.00	6760325543
free	Games	9	Colony Flow!	ABI GLOBAL LTD.	2026-06-13	29915	4.72	2026-10-03	0.00	6779167923
free	Games	10	Block Blast！	Hungry Studio	2022-04-03	2734087	4.87	2026-10-02	0.00	1617391485
free	Games	11	Bus Fever Party!	Lumi Games	2025-06-13	10562	4.69	2026-10-02	0.00	6746743297
free	Games	12	Woodoku Blast: Block Puzzle	Tripledot Studios	2024-10-17	160128	4.88	2026-09-28	0.00	6608975929
free	Games	13	Brain Puzzle 3: Crazy Mind	SmallStep Dev Team	2025-12-20	21004	4.66	2026-09-17	0.00	6756482832
free	Games	14	Amaze GO!	Oakever Games	2026-02-13	218821	4.65	2026-09-29	0.00	6758326278
free	Games	15	Bus Traffic Fever!	GOODROID,Inc.	2026-03-13	73807	4.69	2026-09-14	0.00	6759763476
free	Games	16	Fortnite	Epic Games Inc.	2025-05-20	360251	4.59	2026-10-01	0.00	6483539426
free	Games	17	Township	Playrix	2013-10-23	2207006	4.75	2026-09-17	0.00	638689075
free	Games	18	Colorever: Gem Art Puzzle	Oakever Games	2026-04-20	4422	4.9	2026-09-30	0.00	6761757565
free	Games	19	Royal Match	Dream Games	2021-02-25	3843570	4.69	2026-09-28	0.00	1482155847
free	Games	20	Magic Tiles 3™: Piano Game	Amanotes Pte. Ltd.	2018-12-15	833824	4.63	2026-09-18	0.00	1443446174
free	Games	21	Mahjong Blast	Nebula Studio	2025-06-24	589480	4.86	2026-09-29	0.00	6747492600
free	Games	22	Royal Smash! - Physics Puzzle	Cypher Games	2026-06-30	108790	4.71	2026-09-30	0.00	6780891673
free	Games	23	Whiteout Survival	Century Games Pte. Ltd.	2023-02-12	464991	4.6	2026-08-17	0.00	6443575749
free	Games	24	Gossip Harbor®: Merge & Story	Microfun Limited	2022-07-07	206370	4.62	2026-09-21	0.00	1623318294
free	Games	25	Sled Surfers	Crazy Labs	2025-04-29	74061	4.65	2026-09-13	0.00	6744975195
free	Games	26	Tasty Travels: Merge Game	Century Games Pte. Ltd.	2024-04-11	54589	4.62	2026-10-02	0.00	6471045672
free	Games	27	MONOPOLY GO!	Scopely, Inc.	2023-04-11	3846337	4.8	2026-10-02	0.00	1621328561
free	Games	28	Car Evolve	Heseri Games Inc	2025-11-10	9175	4.58	2026-09-29	0.00	6754464806
free	Games	29	Subway Surfers	Sybo Games ApS	2012-05-24	3845234	4.65	2026-09-29	0.00	512939461
free	Games	30	Solitaire Associations Journey	Hitapps Games LTD	2025-09-11	225304	4.66	2026-09-21	0.00	6748950306
free	Games	31	CrownCards - Trading Cards	CrownCards	2026-06-03	12588	4.68	2026-08-24	0.00	6762010774
free	Games	32	Food Hunt: Pixel Puzzle	FUNFINITY PTE. LTD	2026-05-14	43587	4.73	2026-09-24	0.00	6769314786
free	Games	33	Paper.io 2	Voodoo	2018-08-08	2890927	4.55	2026-09-24	0.00	1423046460
free	Games	34	Castle Busters	Voodoo	2025-05-26	94716	4.64	2026-09-29	0.00	6746328263
free	Games	35	Tang Luck: Casino Slots	SpinShift Limited	2025-07-24	53039	4.76	2026-10-02	0.00	6746437378
free	Games	36	Triumph Arcade	Triumph Arcade	2022-02-22	969039	4.71	2026-10-03	0.00	1608987929
free	Games	37	Among Us!	InnerSloth LLC	2018-07-25	844568	4.06	2026-09-29	0.00	1351168404
free	Games	38	Royal Kingdom	Dream Games	2024-11-21	1142458	4.71	2026-09-21	0.00	1606549505
free	Games	39	Call of Duty®: Mobile	Activision Publishing, Inc.	2019-09-30	2016472	4.67	2026-09-07	0.00	1287282214
free	Games	40	Candy Crush Saga	King	2012-11-14	4017522	4.7	2026-09-28	0.00	553834731
free	Games	41	Kingshot	Century Games Pte. Ltd.	2025-02-22	227470	4.61	2026-08-24	0.00	6739554056
free	Games	42	Arrows – Puzzle Escape	Lessmore GmbH	2025-08-09	472342	4.85	2026-09-29	0.00	6748397500
free	Games	43	Warline: Sniper Strike	Powerfantasy	2026-07-22	19508	4.91	2026-09-16	0.00	6742809194
free	Games	44	Imposter Game - Party Edition	Sven Vucak	2025-05-18	91612	4.84	2026-05-21	0.00	6745120053
free	Games	45	Word Search Explorer®	PlaySimple Games Pte Ltd	2023-02-11	850422	4.95	2026-09-08	0.00	1602508478
free	Games	46	Disney Solitaire	SuperPlay	2025-04-17	716160	4.9	2026-09-25	0.00	6475757306
free	Games	47	Chess.com - Play and Learn	Chess.com	2009-10-28	834313	4.81	2026-10-01	0.00	329218549
free	Games	48	Dice Dreams™	SuperPlay	2020-02-05	655038	4.85	2026-09-17	0.00	1484468651
free	Games	49	8 Ball Pool™	Miniclip.com	2013-02-27	4783907	4.75	2026-09-21	0.00	543186831
free	Games	50	Mob Control	Voodoo	2021-04-13	463630	4.56	2026-09-28	0.00	1562817072
free	Games	51	Sudoku.com - Number Games	Easybrain Ltd	2017-03-30	1859951	4.76	2026-09-30	0.00	1193508329
free	Games	52	NoomiClone	Matthew Jones	2020-12-30	332	4.15	2026-10-03	0.00	1546690510
free	Games	53	Jigsaw Drop: Solitaire Puzzle	Runyou Game	2026-05-11	66354	4.75	2026-09-24	0.00	6767091927
free	Games	54	Block Crush！	Wonderful Studio	2022-08-05	156730	4.83	2026-09-28	0.00	1638139403
free	Games	55	Brain Puzzle 2: Logic Twist	SmallStep Dev Team	2025-09-03	14707	4.69	2026-09-23	0.00	6747063674
free	Games	56	Pokémon GO	Scopely Explore, Inc.	2016-07-06	654530	4.0	2026-10-02	0.00	1094591345
free	Games	57	Mahjong Rumble: Win Real Cash	Aviagames Inc.	2026-04-14	7335	4.79	2026-09-29	0.00	6760377931
free	Games	58	Fish Sort Puzzle - Bubble Jam	Shycheese	2026-05-27	8553	4.92	2026-09-17	0.00	6771681639
free	Games	59	EA SPORTS FC Soccer Mobile 27	Electronic Arts	2016-10-11	2611982	4.69	2026-09-24	0.00	1094930513
free	Games	60	82-0.com	Vaulty Studios Inc.	2026-06-24	12683	4.82	2026-10-03	0.00	6780195090
free	Games	61	Pixel Flow!	Loom Games Oyun Yazilim ve Pazarlama Anonim Sirketi	2025-08-17	163771	4.65	2026-09-30	0.00	6751056652
free	Games	62	Z Route: Redemption	BUILDING-BLOCKS NETWORK TECHNOLOGY CO.,LIMITED	2026-05-12	14514	4.77	2026-10-03	0.00	6762268182
free	Games	63	Yarn Loop: Knit Puzzle	Combo Games	2025-11-21	52050	4.78	2026-10-02	0.00	6755183085
free	Games	64	Glow Fashion Idol	Crazy Labs	2024-05-22	54987	4.88	2026-09-25	0.00	6446197181
free	Games	65	Hole.io	Voodoo	2018-06-23	1973531	4.59	2026-10-03	0.00	1389111413
free	Games	66	Charades - Family & Party Game	Dmytro Cheverda	2019-03-13	136017	4.78	2026-09-09	0.00	1453837845
free	Games	67	Jackpot Nights	Lucky Link Ltd.	2025-11-12	14604	4.6	2026-08-26	0.00	6754009969
free	Games	68	Brawl Stars	Supercell	2018-12-13	3120886	4.72	2026-09-07	0.00	1229016807
free	Games	69	Match Factory!	Peak Games	2023-11-01	772185	4.8	2026-09-21	0.00	6449094229
free	Games	70	EA College Football Mobile 27	Electronic Arts	2026-07-09	26109	4.53	2026-09-29	0.00	6759412341
free	Games	71	Sand Blocks: Drop Puzzle	Rollic Games	2026-02-05	5239	4.62	2026-10-03	0.00	6757140488
free	Games	72	Hotel Legacy: Merge Game	Century Games Innovation Pte. Ltd.	2026-01-14	6487	4.5	2026-10-04	0.00	6752886832
free	Games	73	Word Tiles - Relaxing Puzzle	Agave Games	2026-07-28	19736	4.9	2026-09-21	0.00	6783815362
free	Games	74	Charades Guess Game · Guessly	smak apps	2023-12-05	22419	4.59	2026-09-08	0.00	6473058122
free	Games	75	Jigsawcard Solitaire Puzzle	Oakever Games	2025-11-17	224106	4.73	2026-09-15	0.00	6754900673
free	Games	76	NYT Games: Wordle & Crossword	The New York Times Company	2009-03-26	293868	4.8	2026-09-30	0.00	307569751
free	Games	77	Songless: Guess the Song!	Calico Studio Inc.	2026-09-11	746	4.52	2026-10-02	0.00	6804464432
free	Games	78	Clash Royale	Supercell	2016-03-01	3866462	4.6	2026-10-01	0.00	1053012308
free	Games	79	Geometry Dash Lite	RobTop Games AB	2013-09-12	263367	4.31	2026-01-29	0.00	698255242
free	Games	80	Solitaire Cash: Win Real Money	Papaya Gaming	2018-12-28	584106	4.61	2026-10-01	0.00	1446254576
free	Games	81	Toon Blast	Peak Games	2017-08-15	2811101	4.72	2026-09-28	0.00	1176027022
free	Games	82	Find Hidden Objects - Spot It!	Yolo Game Studios	2024-01-25	160072	4.93	2026-10-02	0.00	6474133872
free	Games	83	Retro Bowl	New Star Games	2020-01-17	922846	4.81	2026-09-25	0.00	1478902583
free	Games	84	Cube Land Puzzle Game	Rotatelab	2026-01-18	31380	4.66	2026-10-03	0.00	6757154335
free	Games	85	Coin Master	Moon Active	2010-12-11	1364305	4.79	2026-09-28	0.00	406889139
free	Games	86	Goods Puzzle: Sort Challenge™	FALCON GAMES	2024-04-11	182477	4.78	2026-09-25	0.00	6482849843
free	Games	87	2 Player Games : Offline Games	Moreno Maio	2019-05-30	417752	4.81	2026-08-30	0.00	1465731199
free	Games	88	Cider Casino - Real Money	Mystic Mirror Studio Limited	2025-09-25	55043	4.74	2026-09-01	0.00	6744304405
free	Games	89	PlayCash Rewards	Scale.ad, LLC	2026-06-05	42	4.67	2026-10-03	0.00	6761865516
free	Games	90	Bloons Blitz	Ninja Kiwi	2026-09-30	303	4.39	2026-09-30	0.00	6741921686
free	Games	91	Double Tile!	Hungry Studio	2025-10-19	79653	4.85	2026-09-28	0.00	6754014472
free	Games	92	Foodstars: Merge & Cook	Happibits	2025-12-11	7014	4.83	2026-09-25	0.00	6753862216
free	Games	93	Offline Games - No Wifi Games	Moreno Maio	2023-08-08	371182	4.84	2026-09-25	0.00	6448104157
free	Games	94	Jam Bus:Sandfall	Nova Games Technology Limited	2026-09-17	1088	4.52	2026-09-18	0.00	6797530374
free	Games	95	Hole Stars: Puzzle Game	Moon Active	2025-09-14	30792	4.85	2026-09-27	0.00	6747028173
free	Games	96	Bingo Cash - Win Real Money	Papaya Gaming	2021-06-01	359862	4.7	2026-09-23	0.00	1522266397
free	Games	97	Playtest Pro by BestPlay	Bestplay Systems	2024-07-01	155610	4.74	2026-09-22	0.00	6503697761
free	Games	98	Aniimo	PAWPRINT INTERACTIVE ENTERTAINMENT PTE. LTD	2026-09-21	1602	3.74	2026-09-21	0.00	6759098797
free	Games	99	Mahjong Clash: Win Real Cash	Aviagames Inc.	2026-04-08	14527	4.9	2026-09-21	0.00	6760530627
free	Games	100	Cookingo: Perfect Meal	Higame Global Limited	2025-12-16	9595	4.48	2026-09-23	0.00	6756288168
free	Finance	1	Kalshi: Trade Football & more	KalshiEX LLC	2022-09-16	573176	4.82	2026-10-03	0.00	1632713844
free	Finance	2	Cash App	Block, Inc.	2013-10-16	8734921	4.79	2026-10-01	0.00	711923939
free	Finance	3	Venmo	Venmo	2010-04-02	15471718	4.85	2026-09-29	0.00	351727428
free	Finance	4	Capital One Mobile	Capital One	2010-12-13	11148633	4.85	2026-09-30	0.00	407558537
free	Finance	5	PayPal - Pay, Send, Save	PayPal, Inc.	2019-02-03	6298690	4.78	2026-10-02	0.00	283646709
free	Finance	6	Trump Accounts: Official App	U.S. Department of the Treasury	2026-05-27	22024	4.87	2026-09-29	0.00	6767364919
free	Finance	7	Chase Mobile®: Bank & Invest	JPMorgan Chase & Co.	2008-12-15	9535482	4.83	2026-09-26	0.00	298867247
free	Finance	8	Polymarket: Trade Live Sports	Polymarket	2024-09-24	60276	4.55	2026-10-03	0.00	6648798962
free	Finance	9	Chime® – Mobile Banking	Chime Financial, Inc.	2014-03-15	1607306	4.83	2026-09-29	0.00	836215269
free	Finance	10	OnePay – Mobile Banking	One Finance, Inc.	2020-03-25	455336	4.86	2026-10-01	0.00	1494523953
free	Finance	11	Klarna: Smarter everyday money	Klarna Bank AB	2016-06-22	2435000	4.86	2026-09-28	0.00	1115120118
free	Finance	12	Progressive	Progressive Insurance	2010-01-11	844978	4.83	2026-09-30	0.00	349731802
free	Finance	13	Flex - Rent On Your Schedule	Flexible Finance, Inc.	2019-05-21	504544	4.8	2026-09-26	0.00	1458274896
free	Finance	14	Wells Fargo Mobile®	Wells Fargo	2009-05-18	10795125	4.85	2026-10-03	0.00	311548709
free	Finance	15	Bank of America Mobile Banking	Bank of America	2019-02-01	5025197	4.81	2026-09-08	0.00	284847138
free	Finance	16	Rocket Money - Bills & Budgets	Rocket Money	2016-07-05	396100	4.48	2026-09-29	0.00	1130616675
free	Finance	17	Fidelity Investments	Fidelity Investments	2010-02-22	3337773	4.79	2026-09-24	0.00	348177453
free	Finance	18	GEICO Mobile - Car Insurance	GEICO	2009-10-07	4774629	4.8	2026-09-17	0.00	331763096
free	Finance	19	Dave: Credit, Cash & Money App	Dave, Inc	2017-04-20	913444	4.8	2026-09-26	0.00	1193801909
free	Finance	20	State Farm®	State Farm Mutual Automobile Insurance Company	2009-06-09	1253854	4.79	2026-10-01	0.00	318142137
free	Finance	21	fomo - never miss out	fomo labs, inc	2025-04-18	23511	4.8	2026-09-30	0.00	6741115427
free	Finance	22	SoFi: Bank, Invest & Crypto	Social Finance, LLC	2017-04-10	385422	4.74	2026-10-02	0.00	1191985736
free	Finance	23	Split Pay: Split Bills in Two	Visible Ideas	2023-09-19	18192	4.87	2026-09-28	0.00	6448634850
free	Finance	24	ebtEDGE NEW!	FIS	2025-12-05	436	2.31	2026-09-17	0.00	6751549725
free	Finance	25	Citi Mobile®	Citibank	2009-01-24	4102678	4.88	2026-09-24	0.00	301724680
free	Finance	26	Intuit Credit Karma	Credit Karma, Inc.	2012-07-18	7749212	4.84	2026-09-28	0.00	519817714
free	Finance	27	Grant Cash Advance	Kikoff Inc.	2023-12-21	273269	4.87	2026-09-26	0.00	6472350114
free	Finance	28	MySynchrony	Synchrony Financial	2017-10-03	112350	4.8	2026-09-29	0.00	1280992496
free	Finance	29	Tilt: Cash Advance & Credit	Tilt Finance, Inc.	2017-05-08	463756	4.85	2026-10-01	0.00	1136397354
free	Finance	30	Robinhood: Trading & Investing	Robinhood Markets, Inc.	2014-12-11	4866198	4.3	2026-10-01	0.00	938003185
free	Finance	31	Remitly: Send money & transfer	Remitly Inc	2013-07-22	2763050	4.87	2026-09-28	0.00	674258465
free	Finance	32	Amex	American Express	2010-03-31	4418696	4.88	2026-09-29	0.00	362348516
free	Finance	33	Experian®	Experian	2016-05-16	2714639	4.84	2026-09-21	0.00	1087101090
free	Finance	34	Cleo AI: Cash Advance & Budget	Cleo AI Ltd	2019-02-23	264349	4.68	2026-09-29	0.00	1447274646
free	Finance	35	Current - Mobile Banking	Finco Services, Inc.	2016-04-04	196710	4.77	2026-09-28	0.00	1077366211
free	Finance	36	Rocco - Fast Cash Advance	Rocco Finance Inc.	2026-08-11	825	4.48	2026-09-25	0.00	6764022479
free	Finance	37	Lenme: Borrowing and Lending	Lenme Inc.	2018-09-19	92423	4.46	2026-09-09	0.00	1409169287
free	Finance	38	U.S. Bank Mobile Banking	U.S. Bancorp	2011-09-30	2137143	4.79	2026-09-28	0.00	458734623
free	Finance	39	Bilt Rewards	Bilt Technologies, Inc.	2021-06-18	230303	4.85	2026-10-02	0.00	1565576987
free	Finance	40	Brigit: Cash Advance & Credit	Brigit Inc	2018-04-22	570816	4.84	2026-09-26	0.00	1341884073
free	Finance	41	MoneyLion: Cash Advance App	MoneyLion	2015-12-17	328966	4.77	2026-09-21	0.00	1064677082
free	Finance	42	Klover - Instant Cash Advance	Klover Holdings, Inc.	2019-07-30	388959	4.76	2026-09-28	0.00	1471211372
free	Finance	43	Taptap Send: Money Transfer	Taptap Send, Inc.	2018-08-13	95838	4.74	2026-09-29	0.00	1413346006
free	Finance	44	Atlas - Rewards Credit Card	Exto Inc.	2022-06-29	282050	4.72	2026-10-03	0.00	1617487581
free	Finance	45	Credit One Bank Mobile	Credit One Bank, N.A.	2016-09-21	2800266	4.77	2026-09-24	0.00	1128712763
free	Finance	46	Trust: Crypto & Bitcoin Wallet	DApps Platform Software Services Ltd.	2017-09-26	199103	4.65	2026-09-29	0.00	1288339409
free	Finance	47	Albert: Budgeting and Banking	Albert Corporation	2016-06-01	335698	4.65	2026-10-01	0.00	1057771088
free	Finance	48	Zip - Buy Now, Pay Later	Zip Co US, Inc.	2019-03-03	871428	4.93	2026-09-25	0.00	1425045070
free	Finance	49	DailyPay On-Demand Pay	Daily Pay Inc.	2018-12-03	500420	4.83	2026-09-21	0.00	1399085077
free	Finance	50	TradingView: Track All Markets	TradingView	2017-04-24	415612	4.84	2026-10-01	0.00	1205990992
free	Finance	51	Varo Bank: Online Banking	Varo Money inc	2020-10-01	233486	4.86	2026-09-29	0.00	1517676784
free	Finance	52	EarnIn: Beyond Cash Advance	Activehours Inc.	2013-10-25	460026	4.79	2026-09-28	0.00	723815926
free	Finance	53	Coinbase: Buy Crypto & Stocks	Coinbase, Inc.	2014-06-21	1797633	4.68	2026-09-28	0.00	886427730
free	Finance	54	Cash Advance: Borrow Money App	Rue des Jardins S.A.	2026-07-27	744	4.74	2026-07-27	0.00	6760541552
free	Finance	55	Bright: Loans & Credit Builder	Bright Capital Inc	2020-06-30	278414	4.76	2026-09-30	0.00	1511043796
free	Finance	56	Testerup: Test & Earn Rewards	aestimium GmbH	2017-12-21	74116	4.21	2026-09-25	0.00	1241984225
free	Finance	57	Empower ®	Empower Retirement, LLC	2016-07-15	416145	4.78	2026-09-17	0.00	1001257338
free	Finance	58	Allstate® Mobile	Allstate Insurance Company	2010-04-19	1283551	4.79	2026-09-26	0.00	364376344
free	Finance	59	Kikoff: Build Credit Quickly	Kikoff Inc.	2021-04-14	273609	4.93	2026-09-30	0.00	1525159784
free	Finance	60	Possible: Fast Cash & Credit	Possible Finance	2018-05-24	137495	4.79	2026-09-28	0.00	1380384597
free	Finance	61	Wise: Global Money Transfer	Wise Payments Ltd	2013-10-04	111330	4.64	2026-10-01	0.00	612261027
free	Finance	62	Western Union: Send Money	Western Union Holdings, Inc.	2011-05-09	1329850	4.84	2026-10-01	0.00	424716908
free	Finance	63	MyCardWallet.	Blackhawk Network	2017-10-25	96464	4.82	2026-08-18	0.00	1230221247
free	Finance	64	Revolut: send, spend, and save	Revolut Ltd	2015-03-01	73219	4.72	2026-09-24	0.00	932493382
free	Finance	65	Propel: EBT, SNAP, WIC, & more	Propel Inc	2016-05-12	601472	4.87	2026-09-30	0.00	1112719759
free	Finance	66	NetBenefits	Fidelity Investments	2013-05-08	29073	4.61	2026-09-23	0.00	640179084
free	Finance	67	Bread Financial	Bread Financial Holdings, Inc.	2023-07-05	171904	4.83	2026-09-21	0.00	1600495551
free	Finance	68	Barclays US	Barclays Bank Delaware	2011-03-29	554844	4.85	2026-09-10	0.00	425199399
free	Finance	69	FloatMe: Fast Cash Advance App	FloatMe	2018-10-05	157281	4.79	2026-09-25	0.00	1395667279
free	Finance	70	Navy Federal Credit Union	Navy Federal Credit Union	2010-05-07	814844	4.89	2026-09-28	0.00	370811491
free	Finance	71	Liberty Mutual Mobile	Liberty Mutual	2010-10-19	496143	4.79	2026-09-03	0.00	397404511
free	Finance	72	Super.com Cash Advance, Travel	Super.com Inc.	2019-02-09	49704	4.73	2026-09-28	0.00	1450304211
free	Finance	73	Splitwise	Splitwise, Inc.	2011-08-24	28478	3.99	2026-09-20	0.00	458023433
free	Finance	74	True Finance: Cash Advance	True Finance LLC	2022-12-21	73500	4.77	2026-08-20	0.00	6443564349
free	Finance	75	Credit Genie: Get Cash Advance	Credit Genie	2021-10-25	128680	4.79	2026-09-24	0.00	1588301749
free	Finance	76	PNC Mobile Banking	PNC Bank, N.A.	2009-01-30	2054395	4.84	2026-09-23	0.00	303113127
free	Finance	77	Upstart: Personal Loans + More	Upstart Network, Inc.	2023-10-23	45664	4.89	2026-09-21	0.00	6450968733
free	Finance	78	Schwab Mobile	The Charles Schwab Corporation	2010-12-14	1211052	4.78	2026-09-25	0.00	407358186
free	Finance	79	Monarch: Budget & Track Money	Monarch Money, Inc.	2020-11-18	112496	4.89	2026-09-30	0.00	1459319842
free	Finance	80	myEquifax	Equifax	2025-04-28	48482	4.83	2026-08-31	0.00	6502468755
free	Finance	81	Concora Credit	CONCORA CREDIT INC.	2023-07-17	1518	3.0	2026-09-28	0.00	6449258739
free	Finance	82	HealthEquity Mobile	HealthEquity	2013-05-14	14661	4.27	2026-09-22	0.00	642959434
free	Finance	83	Ally: Bank, Auto & Invest	Ally Financial Inc.	2012-04-26	113458	4.65	2026-09-24	0.00	514374715
free	Finance	84	ATM Cash Advance・Instant Money	ATM.com, Inc.	2020-10-27	28813	4.7	2026-09-21	0.00	1507829573
free	Finance	85	Binance.US - Buy Crypto & BTC	BAM Trading Services, Inc.	2020-01-05	111064	4.21	2026-09-29	0.00	1492670702
free	Finance	86	250 Cash Advance: Borrow Money	Delfin Investment SIA	2026-09-11	350	4.84	2026-09-11	0.00	6787952860
free	Finance	87	Acorns: Save & Invest Money	Acorns Grow Incorporated	2014-08-26	959184	4.75	2026-09-28	0.00	883324671
free	Finance	88	Gusto Mobile	Gusto, inc.	2020-09-28	51219	4.82	2026-09-28	0.00	1478804271
free	Finance	89	Livble - Split your rent	Lvble Inc	2022-04-29	2974	4.6	2026-09-27	0.00	1620907639
free	Finance	90	Perpay - Shop and Build Credit	Perpay, Inc.	2018-10-20	21764	4.93	2026-09-30	0.00	1421276642
free	Finance	91	Chand	farzad nazifi	2020-09-16	1665	4.27	2025-02-07	0.00	1524200188
free	Finance	92	Vola: Cash Advance & Credit	Checler Inc	2017-09-03	40875	4.64	2026-09-24	0.00	1275913039
free	Finance	93	Debbie - Payoff, Save, Earn	Debbie Inc	2023-01-17	17063	4.89	2026-09-03	0.00	1603676425
free	Finance	94	OPay Business	OPay Digital Services Pte.Ltd.	2023-11-22	748	3.56	2026-09-24	0.00	6467380679
free	Finance	95	Alinea: Automated Investing	ALINEA INVEST, LLC	2021-03-07	119554	4.75	2026-09-30	0.00	1554623825
free	Finance	96	ebtEDGE	FIS	2018-09-05	4591	1.82	2026-02-08	0.00	1398046228
free	Finance	97	TransUnion®	TransUnion	2013-07-02	38804	4.58	2026-09-10	0.00	649008868
free	Finance	98	Robinhood Banking	Robinhood Markets, Inc.	2024-04-29	106059	4.93	2026-10-02	0.00	6462308655
free	Finance	99	EveryDollar: Budget Management	The Lampo Group Incorporated	2015-02-27	84125	4.73	2026-10-02	0.00	942571931
free	Finance	100	CareCredit Mobile	Synchrony Financial	2015-10-29	64852	4.81	2026-09-24	0.00	1031312446
free	Entertainment	1	Netflix Game Controller	Netflix, Inc.	2023-08-07	223115	4.65	2026-10-01	0.00	6447582581
free	Entertainment	2	TikTok Pro - Events	TikTok Ltd.	2026-06-03	65973	4.84	2026-09-22	0.00	6741796873
free	Entertainment	3	PineDrama - Short Dramas	TikTok Ltd.	2025-12-23	46131	4.85	2026-09-29	0.00	6754134922
free	Entertainment	4	TikTok - Videos, Shop & LIVE	TikTok Ltd.	2014-04-02	18378815	4.72	2026-09-22	0.00	835599320
free	Entertainment	5	FOX One: Live News, Sports, TV	Fox Digital Services, LLC	2025-08-20	102315	4.7	2026-09-23	0.00	6746049430
free	Entertainment	6	StoryReel: Drama Shorts & TV	Equinox Enterprises‌ Technology Limited	2026-04-08	45657	4.75	2026-09-17	0.00	6761538521
free	Entertainment	7	Ticketmaster－Buy, Sell Tickets	Ticketmaster	2012-02-22	4204130	4.79	2026-09-28	0.00	500003565
free	Entertainment	8	Amazon Prime Video	AMZN Mobile LLC	2012-07-31	3063186	4.76	2026-09-29	0.00	545519333
free	Entertainment	9	YouTube TV	Google	2017-04-05	59688	3.64	2026-09-30	0.00	1193350206
free	Entertainment	10	Freecash - Get Paid Real Money	Freecash - Get Paid Real Money	2024-04-01	146886	4.73	2026-09-29	0.00	1673567402
free	Entertainment	11	Paramount+	CBS Interactive	2013-03-14	925317	4.63	2026-09-21	0.00	530168168
free	Entertainment	12	HBO Max: Stream Movies & TV	WarnerMedia Global Digital Services, LLC	2023-05-22	5746693	4.87	2026-09-21	0.00	1666653815
free	Entertainment	13	BlinkDrama - Short Dramas	Atlas Ventures Culture & Technology Limited	2026-05-29	14118	4.82	2026-09-28	0.00	6768593043
free	Entertainment	14	Disney+	Disney	2019-11-11	1976451	4.59	2026-10-01	0.00	1446075923
free	Entertainment	15	Fubo: Watch Live TV & Sports	fuboTV Inc.	2014-09-08	111545	4.49	2026-09-16	0.00	905401434
free	Entertainment	16	Roku Remote (Official)	ROKU INC	2011-12-15	6226534	4.73	2026-09-21	0.00	482066631
free	Entertainment	17	Netflix	Netflix, Inc.	2010-04-01	7377970	4.75	2026-09-28	0.00	363590051
free	Entertainment	18	VIZIO | WatchFree+	VIZIO	2016-03-20	69309	4.56	2026-08-06	0.00	1054033219
free	Entertainment	19	DramaBox - Stream Drama Shorts	STORYMATRIX PTE. LTD.	2023-04-18	868011	4.75	2026-10-02	0.00	6445905219
free	Entertainment	20	NetShort - Popular Dramas & TV	NETSTORY PTE. LTD.	2024-07-12	215533	4.74	2026-09-26	0.00	6504849169
free	Entertainment	21	Tubi: Movies & Live TV	Tubi, Inc	2014-07-23	1259294	4.78	2026-09-29	0.00	886445756
free	Entertainment	22	Peacock TV: Stream TV & Movies	Peacock TV LLC	2020-07-14	3702847	4.66	2026-10-01	0.00	1508186374
free	Entertainment	23	SeatGeek - Buy Event Tickets	SeatGeek, Inc.	2012-12-11	1078433	4.86	2026-09-28	0.00	582790430
free	Entertainment	24	StubHub: Event Tickets	StubHub Inc.	2010-06-01	1428850	4.76	2026-09-29	0.00	366562751
free	Entertainment	25	ReelShort - Stream Drama & TV	NewLeaf Publishing	2022-08-24	504684	4.69	2026-09-28	0.00	1636235979
free	Entertainment	26	Posh – Create & Find Events	Posh Group Inc.	2021-03-31	52983	4.9	2026-09-17	0.00	1556928106
free	Entertainment	27	DramaWave - Dramas & Reels	SKYWORK AI PTE LTD	2024-09-23	180566	4.86	2026-09-28	0.00	6670430706
free	Entertainment	28	Hulu: Stream TV shows & movies	Hulu, LLC	2010-06-29	1429747	4.57	2026-09-17	0.00	376510438
free	Entertainment	29	AXS Tickets	AXS	2013-08-25	528523	4.63	2026-09-23	0.00	679805463
free	Entertainment	30	Crunchyroll	Crunchyroll, LLC	2009-12-20	1503823	4.76	2026-10-01	0.00	329913454
free	Entertainment	31	PLAYFUL REWARDS: Earn Rewards	Playful Rewards	2023-09-26	121965	4.64	2026-09-21	0.00	1631584032
free	Entertainment	32	Eventbrite	Eventbrite	2011-12-18	1814032	4.9	2026-10-03	0.00	487922291
free	Entertainment	33	DramaBox Lite - Mini Drama TV	STORYMATRIX PTE. LTD.	2026-01-09	7156	4.78	2026-08-20	0.00	6755754589
free	Entertainment	34	zeta: AI Chat, Story, Play	Scatter Lab, Inc.	2022-05-30	30879	4.65	2026-09-28	0.00	1619030760
free	Entertainment	35	Steam Mobile	Valve	2012-01-26	12209	2.66	2026-08-30	0.00	495369748
free	Entertainment	36	PlayStation App	PlayStation Mobile Inc.	2013-11-12	91577	4.22	2026-10-01	0.00	410896080
free	Entertainment	37	Amazon Fire TV	AMZN Mobile LLC	2014-12-22	1421019	4.54	2026-09-16	0.00	947984433
free	Entertainment	38	Gametime - Last Minute Tickets	Gametime United Inc.	2013-05-03	273261	4.66	2026-09-28	0.00	630687854
free	Entertainment	39	Pluto TV: Watch Free Movies/TV	Pluto.tv	2014-02-24	1623451	4.78	2026-09-23	0.00	751712884
free	Entertainment	40	JustPlay: Earn Loyalty Rewards	Gimica GmbH	2023-09-13	214512	4.7	2026-09-30	0.00	6444946155
free	Entertainment	41	TickPick: No Fee Tickets	TickPick	2014-01-22	389499	4.86	2026-09-25	0.00	789844385
free	Entertainment	42	Color by Number：Coloring Games	Wildlife Studios	2017-12-13	1802282	4.74	2026-09-24	0.00	1317978215
free	Entertainment	43	Watch TBS	Turner Broadcasting System, Inc.	2011-09-08	11662	3.3	2026-06-22	0.00	462780547
free	Entertainment	44	VibeShort: AI Short Dramas	AGILE QUADRANT MEDIA LIMITED	2026-02-25	45781	4.67	2026-09-28	0.00	6758667154
free	Entertainment	45	YouTube Kids	Google	2015-02-23	2698111	4.65	2026-10-02	0.00	936971630
free	Entertainment	46	DIRECTV: TV & Movie Streaming	DIRECTV, Inc.	2016-11-30	620263	4.64	2026-10-02	0.00	1136238277
free	Entertainment	47	AMC Theatres: Movies & More	American Multi-Cinema, Inc	2012-03-20	1340944	4.82	2026-09-30	0.00	509199715
free	Entertainment	48	Soda Reels	STATION DEPART POINT	2026-02-17	45835	4.82	2026-09-11	0.00	6758488784
free	Entertainment	49	GoodShort - Short Dramas Hub	SINGAPORE NEW READING TECHNOLOGY PTE. LTD.	2023-06-12	527797	4.9	2026-09-29	0.00	6448176203
free	Entertainment	50	ViX: TV, Sports and News	Univision Communications Inc.	2021-02-28	133665	4.62	2026-10-02	0.00	1531467766
free	Entertainment	51	PolyBuzz: Chat with Characters	CLOUD WHALE INTERACTIVE TECHNOLOGY LLC.	2023-05-23	480260	4.45	2026-09-19	0.00	6449190344
free	Entertainment	52	Pocket FM: Audio Dramas	Pocket FM Corp	2021-01-02	271640	4.66	2026-09-23	0.00	1538433480
free	Entertainment	53	FlickReels - AI Story & Drama	FARSUN PTE. LTD.	2024-07-17	105186	4.77	2026-09-17	0.00	6514312894
free	Entertainment	54	XBOX	Microsoft Corporation	2013-11-19	1747025	4.68	2026-09-30	0.00	736179781
free	Entertainment	55	Drama: Watch Short Stories	Kuku Technologies Limited	2026-06-14	13897	4.68	2026-10-03	0.00	6768240254
free	Entertainment	56	ShortMax - Short Dramas & TV	SHORTTV LIMITED	2023-09-11	177031	4.61	2026-09-21	0.00	6464002625
free	Entertainment	57	Vivid Seats | Buy Tickets	Vivid Seats LLC	2015-02-11	403558	4.75	2026-09-28	0.00	963355757
free	Entertainment	58	Patreon	Patreon	2015-10-14	578269	4.87	2026-09-28	0.00	1044456188
free	Entertainment	59	Scoopz: Your People Your Video	Local AI, Inc.	2023-05-18	62884	4.81	2026-10-01	0.00	6449206831
free	Entertainment	60	Loopit - AI Playable Maker	SeedLeap Intelligent Technology Co., Ltd.	2026-01-03	44032	4.82	2026-10-03	0.00	6755859360
free	Entertainment	61	Fever: Events & Tickets	Fever Labs, Inc.	2012-05-25	73122	4.8	2026-09-28	0.00	497702817
free	Entertainment	62	Google TV: Watch Movies & TV	Google	2014-01-15	4879	4.3	2026-06-12	0.00	746894884
free	Entertainment	63	JoyReels - Enjoy Short Dramas	UREELS PTE.LTD.	2023-09-27	13861	4.53	2026-09-26	0.00	6465895541
free	Entertainment	64	WePlay - Game and Party	WEJOY PTE. LTD.	2021-08-26	242155	4.6	2026-09-28	0.00	1580330718
free	Entertainment	65	Watch TNT	TNT	2011-09-08	30357	3.42	2026-06-22	0.00	460494135
free	Entertainment	66	DramaReels: Dramas and Series	SKYWORK AI PTE LTD	2024-12-10	38480	4.91	2026-09-11	0.00	6738081517
free	Entertainment	67	truTV	truTV	2010-10-31	13974	4.54	2026-06-22	0.00	396972659
free	Entertainment	68	Spectrum TV	Charter Communications	2011-03-15	567846	4.71	2026-10-01	0.00	420455839
free	Entertainment	69	CHAI: Social AI Platform- Chat	Chai Research Corp.	2021-03-31	285847	4.26	2026-09-28	0.00	1544750895
free	Entertainment	70	Sling: Live TV, Sports & News	Sling TV, LLC	2015-01-20	250663	4.62	2026-09-30	0.00	945077360
free	Entertainment	71	Regal: Movie Tickets Made Easy	Regal Cinemas	2012-03-06	62563	4.57	2026-09-29	0.00	502912815
free	Entertainment	72	Cinemark Theatres	Cinemark USA	2011-05-11	881193	4.89	2026-09-23	0.00	435965836
free	Entertainment	73	Telemundo: Series y TV en vivo	NBCUniversal Media, LLC	2013-08-08	350374	4.66	2026-09-24	0.00	680595680
free	Entertainment	74	Plex: Find Movies and TV Shows	Plex Inc.	2010-08-31	137813	4.61	2026-10-02	0.00	383457673
free	Entertainment	75	Reel.AI	CREATIVE FITTING HK LIMITED	2023-12-28	12302	4.54	2026-09-10	0.00	6475064170
free	Entertainment	76	STARZ	Starz Entertainment, LLC	2012-10-01	331704	4.81	2026-08-27	0.00	550221096
free	Entertainment	77	LEGO® Builder: 3D Instructions	LEGO	2019-12-05	285367	4.8	2026-09-29	0.00	1486159728
free	Entertainment	78	status - sims but social media	WishRoll Inc.	2024-10-21	200993	4.63	2026-09-28	0.00	6596771144
free	Entertainment	79	OOC: The Playable Anime	New AI Entertainment Inc.	2026-04-15	6943	4.64	2026-10-01	0.00	6761247061
free	Entertainment	80	Fandango - Movies & Series	VUDU, Inc.	2012-01-06	307823	4.73	2026-09-30	0.00	487285735
free	Entertainment	81	HookDrama	Kin Ho CHIU	2026-03-31	12131	4.78	2026-09-17	0.00	6761250525
free	Entertainment	82	Mistplay: Play Games Earn Cash	481 Studios	2025-01-27	62595	4.53	2026-09-29	0.00	6739352969
free	Entertainment	83	TCG Card Scanner & Value-Foloy	Scaling Engine Limited	2026-06-03	2873	4.54	2026-09-23	0.00	6770516012
free	Entertainment	84	IMDb: Movies & TV Shows	IMDb	2009-12-07	548337	4.79	2026-09-16	0.00	342792525
free	Entertainment	85	Topgolf	TopGolf USA, Inc.	2013-09-01	92459	4.9	2026-10-03	0.00	646322524
free	Entertainment	86	iDrama – Short Dramas & Reels	HK Good Drama Technology Limited	2025-02-12	19233	4.63	2026-09-30	0.00	6741501595
free	Entertainment	87	PS Remote Play	PlayStation Mobile Inc.	2019-03-08	19282	3.37	2026-09-16	0.00	1436192460
free	Entertainment	88	Inkitt CandyJar: TV & Shorts	Inkitt	2023-11-07	49338	4.75	2026-09-28	0.00	6466786430
free	Entertainment	89	Swerve: AI Chat & Stories	MSPW Labs, Inc.	2025-11-16	30898	4.72	2026-09-15	0.00	6754301136
free	Entertainment	90	VYBS: Earn Rewards	VYBS Entertainment Technology ltd	2026-06-26	4186	4.55	2026-09-30	0.00	6784293036
free	Entertainment	91	ShowMiRush	Riverblock International LLC	2026-09-14	6	3.17	2026-09-25	0.00	6810663965
free	Entertainment	92	Fandango - Get Movie Tickets	Fandango	2009-03-26	2351776	4.85	2026-08-18	0.00	307906541
free	Entertainment	93	Akinator	Elokence	2016-09-20	423218	4.63	2026-10-01	0.00	933135994
free	Entertainment	94	Whispy AI: Cozy Chat	NEXBASE TECH PTE. LTD.	2026-06-04	705	4.36	2026-09-22	0.00	6770413766
free	Entertainment	95	SpeedCash: Play & Earn Rewards	Leaps Gaming LTD	2025-12-21	3081	4.74	2026-09-30	0.00	6752559330
free	Entertainment	96	Spin The Wheel - Random Picker	Taurius Petraitis	2019-07-29	95948	4.87	2026-09-14	0.00	1467343690
free	Entertainment	97	ColdTrace: Cold Case Mystery	Saclic Studio	2026-05-31	5514	4.77	2026-10-01	0.00	6762513021
free	Entertainment	98	ZEDGE™ Ringtones & Wallpapers	Zedge, Inc	2016-03-21	197660	4.58	2026-09-28	0.00	1086101495
free	Entertainment	99	Pocket Saga - Short Dramas	Pocket FM Corp	2024-09-24	4637	4.87	2026-08-27	0.00	6478151552
free	Entertainment	100	Delta - Game Emulator	Testut Tech	2024-04-17	28144	4.76	2025-11-11	0.00	1048524688
free	Education	1	Duolingo: Language Lessons	Duolingo	2012-11-13	5486595	4.72	2026-09-28	0.00	570060128
free	Education	2	Learna: Speak & Learn English	DEEP FLOW SOFTWARE SERVICES	2024-09-25	422672	4.64	2026-10-01	0.00	6478287397
free	Education	3	Imprint: Visual Micro Learning	Polywise, Inc.	2019-10-26	56630	4.76	2026-10-02	0.00	1482780647
free	Education	4	Deepstash: Smarter Every Day!	Brainstash, Inc	2019-02-23	75282	4.67	2026-09-30	0.00	1445023295
free	Education	5	Gauth: AI Study Companion	GAUTHTECH PTE. LTD.	2021-03-31	1514502	4.83	2026-09-29	0.00	1542571008
free	Education	6	Google Classroom	Google	2015-01-13	36590	2.05	2026-09-21	0.00	924620788
free	Education	7	Canvas by Instructure	Instructure Inc.	2011-12-08	2768011	4.65	2026-08-12	0.00	480883488
free	Education	8	PictureThis - Plant Identifier	Glority Global Group Ltd.	2017-07-20	1117638	4.8	2026-09-22	0.00	1252497129
free	Education	9	ParentSquare	ParentSquare	2014-08-20	79041	4.61	2026-09-24	0.00	908126679
free	Education	10	Toca Boca World: Game & Play	Toca Boca AB	2018-11-21	890900	4.29	2026-09-22	0.00	1208138685
free	Education	11	LangLearn: AI English Tutor	AIFLAME TECHNOLOGY PTE. LTD.	2025-04-22	21064	4.58	2026-09-18	0.00	6744358897
free	Education	12	Speak: Language Learning	Speakeasy Labs	2017-12-21	62571	4.83	2026-10-01	0.00	1286609883
free	Education	13	ClassDojo	ClassDojo, Inc.	2012-09-10	4092604	4.85	2026-10-02	0.00	552602056
free	Education	14	Micro Learning - SmartyMe	ApexTech Ltd	2024-11-09	57150	4.54	2026-09-28	0.00	6736654449
free	Education	15	PowerSchool Mobile	PowerSchool Group LLC	2015-06-30	934249	4.57	2026-09-24	0.00	973741088
free	Education	16	Quizlet: More than Flashcards	Quizlet Inc	2012-08-08	1126223	4.78	2026-09-29	0.00	546473125
free	Education	17	Lingokids: Games & Shows	Monkimun Inc	2015-09-10	661640	4.26	2026-09-28	0.00	1002043426
free	Education	18	Kahoot! Play & Create Quizzes	Kahoot ASA	2016-09-19	47951	4.56	2026-09-29	0.00	1131203560
free	Education	19	Ziggy: Learn ASL Sign Language	OneDegree Labs	2026-07-21	3799	4.8	2026-09-30	0.00	6781227577
free	Education	20	Gizmo: AI Tutor	Save All	2022-02-17	13835	4.76	2026-10-02	0.00	1610516671
free	Education	21	YayTalk: Learn & Speak English	IdeaLabs	2025-04-28	8111	4.75	2026-09-24	0.00	6743074605
free	Education	22	ABCmouse: Kids Learning Games	Age of Learning, Inc.	2025-02-18	144738	4.12	2026-09-26	0.00	6460300848
free	Education	23	Coloring Games for Kids 2-6!	KidloLand Kids & Toddler Games	2011-10-22	221781	4.36	2026-08-31	0.00	451719402
free	Education	24	SkyView® Lite	Terminal Eleven LLC	2011-03-04	18783	4.54	2025-09-23	0.00	413936865
free	Education	25	Lingvano - Learn Sign Language	Lingvano GmbH	2021-03-18	118392	4.88	2026-09-28	0.00	1547252782
free	Education	26	DMV Practice Test 2026 myDMV	Kain Suite Pte. Ltd.	2022-06-17	109541	4.62	2026-09-14	0.00	1625234008
free	Education	27	Zutobi: Permit & Driving Prep	Zutobi AB	2018-08-03	237770	4.73	2026-09-28	0.00	1394069110
free	Education	28	Elevate - Brain Training Games	The Mind Company	2014-05-21	543638	4.77	2026-09-28	0.00	875063456
free	Education	29	Impulse - Brain Training	GMRD Apps Limited	2019-02-19	849961	4.75	2026-09-25	0.00	1451295827
free	Education	30	Simply Piano: Learn Piano Fast	Simply Ltd	2015-09-01	854384	4.68	2026-10-01	0.00	1019442026
free	Education	31	ASL Bloom - Sign Language	SignLab AS	2022-06-30	35742	4.9	2026-09-10	0.00	1631587710
free	Education	32	Remind: School Communication	ParentSquare	2012-05-02	1797841	4.8	2026-09-18	0.00	522826277
free	Education	33	Vocabulary - Learn words daily	Monkey Taps	2016-02-19	218984	4.77	2026-09-30	0.00	1084540807
free	Education	34	Campus Student	Infinite Campus, Inc.	2018-09-22	22427	1.93	2026-09-21	0.00	1384542200
free	Education	35	Stellarium Mobile - Star Map	Noctua Software Ltd	2019-04-07	37834	4.84	2026-09-20	0.00	1458716890
free	Education	36	FaithStudy – Bible Study Guide	Forerunner Technology Limited (HK)	2025-09-12	13509	4.88	2026-09-20	0.00	6751494810
free	Education	37	PBS KIDS Games	PBS KIDS	2016-04-27	371946	4.35	2026-10-01	0.00	1050773989
free	Education	38	MapTap.gg	MapTap Inc	2025-11-18	13979	4.91	2026-09-27	0.00	6755205355
free	Education	39	StudentVUE (New)	Edupoint Educational Systems	2025-08-31	803	1.61	2026-08-08	0.00	6618112702
free	Education	40	Simply Draw: Learn to Draw	Simply Ltd	2022-11-15	789414	4.71	2026-09-28	0.00	1639875485
free	Education	41	Abide-Daily Scripture Study	LEARNOVELTY TECH SDN. BHD.	2025-11-12	14970	4.89	2026-08-20	0.00	6755150818
free	Education	42	Epic - Kids' Books & Reading	Epic Creations, Inc.	2013-12-01	519082	4.72	2026-10-02	0.00	719219382
free	Education	43	Amiora: Learn Spanish AI Tutor	Amiora AI, Inc.	2026-09-18	1	3	2026-10-03	0.00	6798184983
free	Education	44	Common App	The Common Application	2020-11-18	675	3.04	2026-09-23	0.00	1533688509
free	Education	45	Minecraft Education	Mojang	2018-09-06	42868	4.01	2026-08-04	0.00	1196524622
free	Education	46	Netflix Playground	Netflix, Inc.	2026-04-06	1984	4.54	2026-09-29	0.00	6746772941
free	Education	47	Bebi: Baby Games for Preschool	Bebi Family Games	2019-07-29	40993	4.56	2026-10-02	0.00	1474248135
free	Education	48	iNaturalist	iNaturalist	2024-09-09	686	4.06	2026-09-23	0.00	6475737561
free	Education	49	ArtWorkout: Learn How to Draw	Aleksandr Ulitin	2021-04-29	240799	4.6	2026-09-29	0.00	1564657118
free	Education	50	Knowunity: AI Study & Homework	Knowunity GmbH	2020-09-10	4692	4.65	2026-10-02	0.00	1484296272
free	Education	51	Simply Guitar - Learn Guitar	Simply Ltd	2020-01-26	397419	4.72	2026-09-27	0.00	1476695335
free	Education	52	Toca Boca Jr: Fun Kids Games	Piknik	2014-12-18	59330	4.01	2026-09-01	0.00	943869618
free	Education	53	Babbel - Language Learning	Babbel GmbH	2014-06-11	755166	4.72	2026-10-02	0.00	829587759
free	Education	54	Clever	Clever Inc.	2016-09-02	10167	2.7	2026-04-29	0.00	1134186971
free	Education	55	Pimsleur | Language Learning	Simon & Schuster	2018-08-06	30114	4.74	2026-09-17	0.00	1405735469
free	Education	56	BigFuture School	The College Board	2023-09-28	18594	4.63	2026-09-30	0.00	6462904878
free	Education	57	PBS KIDS Video	PBS KIDS	2011-05-12	367665	4.27	2026-08-27	0.00	435138734
free	Education	58	Minga	Change Gamers	2018-09-29	7748	2.99	2026-09-15	0.00	1376350263
free	Education	59	منصة قدّم	Ministry of Higher Education and Scientific Research-Baghdad, Iraq	2024-09-21	208	2.25	2026-09-29	0.00	6683306567
free	Education	60	brightwheel: Child Care App	DSSV, Inc.	2014-08-25	151229	4.93	2026-09-23	0.00	902823296
free	Education	61	HelloTalk - Language Learning	HELLOTALK FOREIGN LANGUAGE EXCHANGE LEARNING TALK CHAT APP	2012-12-15	43932	4.58	2026-09-23	0.00	557130558
free	Education	62	Praktika – AI Language Tutor	Praktika.ai Company	2022-05-25	164884	4.75	2026-09-29	0.00	1624701477
free	Education	63	ASL Otty: Signs Language Learn	RAFAL KAROL LECHOWICZ	2025-10-02	3582	4.75	2026-09-29	0.00	6753228400
free	Education	64	Learn to Read - Reading.com	Teaching.com	2021-12-14	73431	4.7	2026-09-21	0.00	1534938305
free	Education	65	Khan Academy	Khan Academy	2012-03-11	111972	4.57	2026-08-13	0.00	469863705
free	Education	66	Talko: Learn English with AI	Soly Limited	2026-05-04	3136	4.69	2026-09-12	0.00	6762030901
free	Education	67	IQ Elevate - Brain Training	澳 董	2026-04-02	3002	4.62	2026-05-28	0.00	6761459934
free	Education	68	Language Learning: Pingo AI	Pingo AI, Inc.	2024-12-16	15477	4.61	2026-09-29	0.00	6738882620
free	Education	69	Parrot: Learn Spanish Language	Parrot Learning Inc.	2024-11-17	15538	4.71	2026-09-29	0.00	6736955121
free	Education	70	Skyward Mobile Access	Skyward Inc	2012-02-20	3754	1.83	2026-10-02	0.00	502635374
free	Education	71	Turbo AI - Learn Faster	TurboLearn AI	2024-07-31	33408	4.75	2026-09-09	0.00	6502794561
free	Education	72	ParentVUE (New)	Edupoint Educational Systems	2025-09-02	168	1.55	2026-08-18	0.00	6504305881
free	Education	73	IXL - Math, English, & More	IXL Learning	2013-09-16	205667	4.34	2026-09-04	0.00	693689912
free	Education	74	Pinu – Language Learning	LEAF BOAT TECHNOLOGY LIMITED	2026-03-11	47	4.11	2026-09-24	0.00	6758291757
free	Education	75	Rock Identifier: Stone ID	Next Vision Limited	2021-01-26	81058	4.65	2026-09-23	0.00	1546796934
free	Education	76	Blinkist: Book Summaries Daily	Blinks Labs	2013-11-13	156353	4.77	2026-09-28	0.00	568839295
free	Education	77	Speech Blubs: Language Therapy	Blub Blub Inc.	2017-06-07	57074	4.62	2026-09-25	0.00	1239522573
free	Education	78	Solvely - AI Study Tools	Aignite Inc.	2023-04-14	41052	4.77	2026-09-30	0.00	6446930976
free	Education	79	Schoology	PowerSchool Group LLC	2010-12-28	132434	1.35	2026-08-05	0.00	411766326
free	Education	80	RoadReady	Safe Roads Alliance, Inc.	2013-09-17	17234	2.74	2026-09-30	0.00	699534935
free	Education	81	Kiddopia: Kids Learning Games	Kiddopia, Inc.	2017-06-06	157805	4.35	2026-09-28	0.00	1223397201
free	Education	82	Nail Salon Games for Kids 2-5	JMH Developers OU	2023-12-29	26991	4.33	2026-09-11	0.00	6472039857
free	Education	83	5-Star Students	5 Star Students Solutions LLC	2013-03-08	6600	1.4	2026-07-07	0.00	606076034
free	Education	84	Finelo: Master Trading	Finelo Limited	2024-10-08	100740	4.59	2026-09-04	0.00	6670422243
free	Education	85	Bold.org: Scholarships	Bold.org	2024-05-20	3142	4.72	2026-09-28	0.00	6477827030
free	Education	86	Khan Academy Kids	Khan Academy	2018-08-05	131275	4.8	2026-09-30	0.00	1378467217
free	Education	87	Solid Starts: Baby First Foods	SolidStarts LLC	2021-05-10	45755	4.91	2026-10-02	0.00	1564189151
free	Education	88	Aha World & Gabby's Dollhouse	iHuman (SG) PTE. LTD.	2022-11-01	358296	4.79	2026-09-25	0.00	6444042347
free	Education	89	Campus Parent	Infinite Campus, Inc.	2018-09-22	2649	1.89	2026-09-21	0.00	1384542785
free	Education	90	GraceNotes – Gratitude Journal	Ai Browser	2025-11-06	9297	4.86	2026-04-03	0.00	6749408774
free	Education	91	Brightspace Pulse	D2L Corporation	2015-08-21	271037	4.78	2026-07-28	0.00	1001688546
free	Education	92	Toddler Games Baby Balloon Pop	KidloLand Kids & Toddler Games	2019-01-26	44193	4.02	2026-09-21	0.00	1448010566
free	Education	93	DMV: Practice Before Exam 2026	BENJAMIN PETER LOWRY	2026-01-16	214	4.72	2026-10-03	0.00	6757428581
free	Education	94	Sago Mini World: Kids Games	Piknik	2014-08-07	66412	4.32	2026-07-22	0.00	874425722
free	Education	95	Chibi Dolls - Games for Girls	JMH Developers OU	2023-12-20	30871	4.34	2025-12-06	0.00	6472036852
free	Education	96	LearnUp: Speak & Learn English	BEGAMOB GLOBAL LIMITED	2026-07-23	1128	4.49	2026-10-02	0.00	6773548270
free	Education	97	Preply - Language Learning App	Preply Inc.	2018-06-29	44749	4.84	2026-09-28	0.00	1352790442
free	Education	98	Yousician: Learn & Play Guitar	Yousician Ltd	2015-02-26	138579	4.61	2026-09-28	0.00	959883039
free	Education	99	Buddy.ai: Kids Learning Games	MyBuddy.ai	2018-03-26	40670	4.61	2026-09-16	0.00	1255783056
free	Education	100	ClassLink LaunchPad	ClassLink, Inc	2012-05-15	7407	4.18	2026-10-01	0.00	524297631
free	Books	1	Audible: Audiobooks & Podcasts	Audible, Inc.	2010-07-10	5601106	4.85	2026-09-28	0.00	379693831
free	Books	2	Libby, the library app	OverDrive, Inc.	2016-12-12	4542769	4.85	2026-10-01	0.00	1076402606
free	Books	3	Amazon Kindle: Reading App	AMZN Mobile LLC	2009-03-04	5863168	4.86	2026-10-01	0.00	302584613
free	Books	4	Scroll The Bible	Gabriel Jacobson	2025-12-17	16107	4.82	2026-09-28	0.00	6756558351
free	Books	5	Hoopla: Your Library Anywhere	Midwest Tape, LLC	2013-01-24	1387435	4.84	2026-08-28	0.00	580643740
free	Books	6	Goodreads: Book Tracker & More	Goodreads	2010-02-16	756277	4.82	2026-09-23	0.00	355833469
free	Books	7	GoodNovel - Booktok, Stories	SINGAPORE NEW READING TECHNOLOGY PTE. LTD.	2020-04-23	229801	4.53	2026-10-01	0.00	1503128132
free	Books	8	Barnes & Noble	Barnes & Noble	2022-07-25	2348	1.84	2026-09-15	0.00	1477515079
free	Books	9	Bible For Women.	PANDAS OF CARIBBEAN LIMITED	2024-03-26	251169	4.9	2026-09-30	0.00	6479348235
free	Books	10	Wattpad - Read & Write Stories	Wattpad Corp	2009-03-08	706067	4.66	2026-10-01	0.00	306310789
free	Books	11	MegaNovel - fiction & webtoon	SINGAPORE NEW READING TECHNOLOGY PTE. LTD.	2022-01-12	11856	4.62	2026-09-11	0.00	1600844711
free	Books	12	Fable: Track & Discuss Books	Fable	2020-12-01	81171	4.77	2026-10-01	0.00	1488170618
free	Books	13	Janitor: Interactive Stories	JanitorAI	2025-11-29	4367	4.49	2026-09-30	0.00	6692609366
free	Books	14	KJV Bible Now: Read & Study	Rocketshield Browser Technology Limited	2023-04-24	95405	4.92	2026-09-17	0.00	6447543328
free	Books	15	Women's Bible: Verse & Prayer	Rocketshield Browser Technology Limited	2025-04-09	118849	4.92	2026-09-17	0.00	6744045288
free	Books	16	BueNovela - leer novela libro	SINGAPORE NEW READING TECHNOLOGY PTE. LTD.	2021-01-15	22768	4.78	2026-09-18	0.00	1547565419
free	Books	17	Bible Offline - KJV Holy Bible	PANDAS OF CARIBBEAN LIMITED	2019-07-29	142403	4.89	2026-09-03	0.00	1472850697
free	Books	18	HealMusic	Aby Abraham	2026-05-19	82	4.66	2026-09-16	0.00	6762613708
free	Books	19	Inkitt Galatea: Audio & eBooks	Inkitt	2018-05-14	297256	4.63	2026-10-01	0.00	1380362212
free	Books	20	PeakNovel-Stories & Books	华超 李	2024-04-30	397	4.62	2026-09-21	0.00	6498877096
free	Books	21	StoryGraph: Reading Tracker	The StoryGraph	2021-06-22	3582	4.48	2026-03-15	0.00	1570489264
free	Books	22	Everand: Audiobooks & Ebooks	Scribd	2012-08-06	27460	4.28	2026-08-28	0.00	542557212
free	Books	23	ThriftBooks: New & Used Books	Thrift Books Global LLC.	2017-02-16	1566	3.83	2026-08-14	0.00	1201902601
free	Books	24	Book of the Month	Book of the Month	2019-09-23	83881	4.91	2026-09-26	0.00	1473873226
free	Books	25	CloudLibrary	OCLC	2011-10-03	259266	4.75	2026-09-28	0.00	466446054
free	Books	26	SlowRead: Book Tracker & TBR	Adrian Martinez Moreno	2026-07-04	606	4.75	2026-10-03	0.00	6763293288
free	Books	27	AnyStories-Top Novels & Books	READ ASAP LTD	2020-03-13	32734	4.63	2026-07-21	0.00	1500217654
free	Books	28	Shelfy: Book Tracker & TBR	Oleksandr Oleksandrovych Murakhovskyi	2025-12-10	1037	4.49	2026-09-28	0.00	6755626127
free	Books	29	MangaNests	QUALITY CHEMICAL CO., LTD.	2026-08-07	124	4.57	2026-10-02	0.00	6795818725
free	Books	30	Audiobooks.com: Get audiobooks	Storytel Audiobooks USA LLC	2012-05-18	66002	4.72	2026-09-28	0.00	521227008
free	Books	31	Shonen Jump Manga & Comics	VIZ Media, LLC	2013-03-21	260560	4.89	2026-09-08	0.00	594237344
free	Books	32	Y/n	Emittance Inc.	2025-04-22	5318	4.48	2026-09-24	0.00	6744907251
free	Books	33	Marvel Unlimited	Disney	2013-03-07	62318	4.78	2026-07-15	0.00	607205403
free	Books	34	Dreame - Read Best Romance	STARY PTE. LTD.	2018-08-13	170431	4.4	2026-09-04	0.00	1421091911
free	Books	35	BestNovel: Read Romance Novels	Weread	2022-06-22	1946	3.3	2026-08-25	0.00	1628300409
free	Books	36	القرآن الكريم كاملا دون انترنت	Maher Al Masri	2016-10-13	9903	4.4	2024-09-17	0.00	1164088669
free	Books	37	NovellTale - Novels & Stories	孝敦 田	2025-11-11	964	4.39	2026-09-29	0.00	6754626612
free	Books	38	RedChapters	HM Games LLC FZ	2026-05-01	4261	4.67	2026-10-03	0.00	6763258930
free	Books	39	JoyRead-Enjoy Novels & Shorts	UREAD GLOBAL PTE. LTD.	2021-05-25	23306	4.6	2026-08-03	0.00	1551079603
free	Books	40	Google Play Books & Audiobooks	Google	2010-12-06	9643	4.42	2026-09-17	0.00	400989007
free	Books	41	Storify - Read Books & Novels	晓霞 吴	2025-12-31	673	4.71	2026-09-11	0.00	6756460808
free	Books	42	WebNovel - Read Novels & Manga	Cloudary Holdings Limited	2017-05-15	48097	4.34	2026-09-28	0.00	1234939196
free	Books	43	Barnes & Noble NOOK	Barnes & Noble	2010-05-26	118950	4.73	2026-04-02	0.00	373582546
free	Books	44	Chirp Audiobooks	Pubmark Inc.	2018-10-13	88774	4.77	2026-09-29	0.00	1438652819
free	Books	45	MANGA Plus by SHUEISHA	SHUEISHA Inc.	2019-01-27	1991	3.82	2026-09-29	0.00	1442476536
free	Books	46	WebComics - Webtoon, Manga	WEBCOMICS HOLDINGS	2018-01-22	66823	4.81	2026-09-30	0.00	1337550955
free	Books	47	Yestory - Read Books & Booktok	Yestory Mobile Development Limited.	2022-10-26	11015	4.89	2026-09-22	0.00	6443988199
free	Books	48	ReadReel: Romance Novels	雪丽 庄	2026-04-22	3980	4.91	2026-09-24	0.00	6762603004
free	Books	49	BookFunnel	BookFunnel	2020-02-21	421	3.65	2026-09-14	0.00	1479475087
free	Books	50	Freewave: Romance Audiobooks	Womanly Corp	2025-04-10	588	4.83	2026-09-24	0.00	6743933151
free	Books	51	FreeBooks: 76,000 Top Reads	Quillbound Studios Ltd	2023-10-23	3177	4.67	2026-09-11	0.00	6464310229
free	Books	52	AlphaNovel - Novels & Stories	Brailion Ventures Limited	2022-01-17	84122	4.69	2026-09-21	0.00	1585933612
free	Books	53	Funovel – Reading Good Books	倩 李	2025-12-28	1955	4.75	2026-09-24	0.00	6755107081
free	Books	54	BookWatch - Visual Learning	Morfosis	2022-12-18	13508	4.68	2026-09-10	0.00	1660054787
free	Books	55	StoryPort: Romance & Fantasy	志浩 卓	2026-03-29	189	4.42	2026-10-03	0.00	6760353881
free	Books	56	BookBub	Pubmark Inc.	2015-12-04	959	4.75	2026-09-30	0.00	1030894438
free	Books	57	LunaRead: Romance & Fantasy	John Morrison	2026-06-11	2742	4.92	2026-09-24	0.00	6776603076
free	Books	58	Bible Word Study	Gabriel Jacobson	2025-07-24	2119	4.79	2026-08-22	0.00	6747986444
free	Books	59	Kobo Books & Audiobooks	Rakuten Kobo Inc.	2009-02-25	27464	4.5	2026-09-23	0.00	301259483
free	Books	60	BookPlayer	Gianni Carlo	2016-09-01	19469	4.84	2026-08-27	0.00	1138219998
free	Books	61	PangoBooks: Buy & Sell Books	Pangobooks Inc	2021-01-20	16902	4.9	2026-09-18	0.00	1546752104
free	Books	62	Quran Kareem: Azan & Qibla	AMOBEAR GROUP	2025-10-28	166	4.36	2026-09-25	0.00	6754273638
free	Books	63	La Biblia Reina Valera Español	Oleg Shukalovich	2016-07-08	175373	4.85	2025-06-09	0.00	1132540381
free	Books	64	Tarteel: AI Quran Memorization	Tarteel Inc.	2018-07-01	10835	4.72	2026-09-18	0.00	1391009396
free	Books	65	Little Free Library	Little Free Library, Ltd	2021-10-21	169	3.56	2026-10-02	0.00	1555760218
free	Books	66	World of Books App	Shopiago by World of Books Group	2025-08-20	78	3.91	2026-09-16	0.00	6698896097
free	Books	67	ReadAnywhere	McGraw-Hill	2017-06-23	10336	4.62	2026-07-09	0.00	1237370775
free	Books	68	GlobalComix: Comics and Manga	Global Publishing Interactive, Inc	2023-09-07	4646	4.78	2026-09-29	0.00	6444957733
free	Books	69	Tappytoon Comics & Novels	Contents First	2015-06-25	18531	4.32	2026-09-28	0.00	985615352
free	Books	70	Readmio: Kids Books Read Aloud	Readmio	2023-10-09	2103	4.85	2026-10-01	0.00	1473021827
free	Books	71	Libro.fm Audiobooks	Libro.fm	2016-03-04	40134	4.89	2026-06-19	0.00	1057776523
free	Books	72	Novelaria - Read Book, Booktok	窕翔 刘	2024-09-27	9587	4.87	2026-09-20	0.00	6587560745
free	Books	73	FreeAudiobooks: Listen Now	Quillbound Studios Ltd	2026-06-04	335	4.62	2026-09-11	0.00	6773306508
free	Books	74	Bookly: Book Tracker	TwoDoor Games	2016-12-06	61692	4.61	2026-10-03	0.00	1085047737
free	Books	75	MoboReader: Top Novels & Books	CHANGDU (HK) TECHNOLOGY LIMITED	2017-10-08	52452	4.25	2026-09-22	0.00	1291247971
free	Books	76	Manta - Manga, Manhwa, Novels	RIDI Corporation	2020-11-13	27474	4.7	2026-09-30	0.00	1536116642
free	Books	77	Bible for Women & Daily Study	Nataliia Shukalovich	2018-12-31	117467	4.88	2026-07-02	0.00	1447879414
free	Books	78	Tapon - Stories & Novels	SPOTON LIMITED	2022-04-24	16539	4.71	2026-09-22	0.00	1615344447
free	Books	79	KimiToon	Agro Georgia Ltd	2026-06-21	11	2.09	2026-06-29	0.00	6778552123
free	Books	80	LibriVox Audiobooks	BookDesign LLC	2013-02-05	32910	4.77	2026-08-01	0.00	596159212
free	Books	81	Quran - by Quran.com - قرآن	Quran Foundation, Inc	2016-06-04	33336	4.86	2026-09-30	0.00	1118663303
free	Books	82	Inkitt: Books, Novels, Stories	Free Novels Inc	2015-12-31	9852	4.58	2026-09-27	0.00	1033598731
free	Books	83	Leera - Reading Best Webnovels	ChangYi Co.,Ltd	2020-10-20	456	3.97	2026-08-25	0.00	1529860201
free	Books	84	NovelMist - Novels & Stories	晓东 王	2026-05-27	5497	4.18	2026-09-23	0.00	6772875404
free	Books	85	Holy Quran - Deeper journey	AvnTech Inc.	2025-04-15	8354	4.66	2026-08-21	0.00	6743958037
free	Books	86	Manga UP!	SQUARE ENIX	2022-07-21	2537	4.5	2026-09-09	0.00	1623721894
free	Books	87	Color Goods™ - Coloring Games	Dewela Games	2025-05-15	4989	4.74	2026-10-02	0.00	6745823845
free	Books	88	Margins: Book Tracker	Paratext Inc.	2024-11-03	19434	4.9	2026-10-01	0.00	6737528718
free	Books	89	微信读书	Tencent Technology (Shenzhen) Company Limited	2015-08-27	27693	4.83	2026-09-17	0.00	952059546
free	Books	90	FanFiction | AO3 unofficial	Roman Alifanov	2024-03-27	2556	4.65	2026-03-23	0.00	6479576634
free	Books	91	NextNovels: Stories & Drama	BEGAMOB GLOBAL LIMITED	2025-11-05	68	4.74	2026-10-02	0.00	6754236526
free	Books	92	VIZ Manga	VIZ Media, LLC	2011-05-02	73513	4.85	2026-09-28	0.00	421486286
free	Books	93	The Palace Project	The Palace Project	2021-08-07	5430	4.63	2026-09-30	0.00	1574359693
free	Books	94	NovelSpark - Read Good Stories	Zongheng Culture Limited	2025-11-11	60	4.07	2026-08-14	0.00	6754365181
free	Books	95	Bookclubs: Organize & Connect	Bookclubz	2019-11-05	14942	4.84	2026-10-03	0.00	1485140274
free	Books	96	AudioBooks Unlimited to Kindle	Nguyen Hong Phuc	2025-08-27	533	4.49	2026-09-24	0.00	6751460204
free	Books	97	K MANGA	Kodansha Ltd.	2023-05-10	2811	4.62	2026-09-10	0.00	1637040002
free	Books	98	JoyNovel - Stories & Novels	HONG KONG RiMing TECHNOLOGY LIMITED	2026-02-25	174	2.29	2026-09-06	0.00	6756647273
free	Books	99	Holy Bible, KJV Bible + Audio	WOOMBIT	2024-03-27	15318	4.86	2026-09-20	0.00	6479892998
free	Books	100	FantacyStory	HK Qingmo Technology limited	2020-10-09	684	4.14	2026-08-04	0.00	1530149551
free	Medical	1	MyChart	Epic	2010-09-14	722420	4.6	2026-09-21	0.00	382952264
free	Medical	2	CVS Health	CVS Pharmacy	2010-10-06	1673758	4.69	2026-10-02	0.00	395545555
free	Medical	3	UnitedHealthcare	United HealthCare Services, Inc.	2018-04-10	857757	4.69	2026-10-02	0.00	1348316600
free	Medical	4	healow	eClinicalWorks LLC	2013-02-11	720990	4.7	2026-08-21	0.00	595012291
free	Medical	5	MyLabcorp	Laboratory Corporation of America	2018-04-22	91623	4.77	2026-09-11	0.00	1361264072
free	Medical	6	GoodRx: Prescription Savings	GoodRx	2011-12-07	702306	4.84	2026-09-28	0.00	485357017
free	Medical	7	MyQuest for Patients	Quest Diagnostics, Inc.	2014-03-27	509641	4.69	2026-09-03	0.00	748920931
free	Medical	8	SimplePractice Client Portal	SimplePractice, LLC.	2022-11-07	38219	4.9	2026-06-23	0.00	1466793305
free	Medical	9	myAir™ by Resmed	Resmed	2016-09-02	109354	4.66	2026-09-16	0.00	1109518523
free	Medical	10	Zocdoc - Find and book doctors	Zocdoc Inc	2010-10-04	179933	4.88	2026-09-28	0.00	391062219
free	Medical	11	athenaPatient	athenahealth	2022-11-16	178532	4.88	2026-09-28	0.00	1644169294
free	Medical	12	Sydney Health	Elevance Health, Inc	2019-08-30	568962	4.82	2026-09-28	0.00	1463423283
free	Medical	13	FollowMyHealth®	Allscripts Healthcare Solutions Inc	2012-03-07	117532	4.79	2026-09-24	0.00	502147249
free	Medical	14	Huckleberry: Baby Tracker	Huckleberry Labs Inc.	2017-07-04	74321	4.92	2026-09-30	0.00	1169136078
free	Medical	15	Klara – Patient communication	Klara Technologies Inc.	2016-04-11	12894	4.59	2025-10-23	0.00	1082300408
free	Medical	16	Hinge Health	Hinge Health, Inc.	2020-09-28	168049	4.93	2026-10-02	0.00	1429270372
free	Medical	17	Pregnancy + | Tracker App	Philips Digital UK Limited	2012-04-05	76443	4.85	2026-08-10	0.00	505864483
free	Medical	18	BioLife Plasma Services	Takeda Pharmaceuticals International AG	2018-03-25	3759	2.61	2026-09-21	0.00	1356589861
free	Medical	19	Telehealth by SimplePractice	SimplePractice, LLC.	2018-05-24	395200	4.76	2026-08-14	0.00	1351373906
free	Medical	20	Ro: Online Healthcare	Roman	2022-05-31	12265	4.81	2026-10-01	0.00	1585858911
free	Medical	21	Dexcom G7	Dexcom	2023-02-13	8672	3.1	2026-09-21	0.00	1569432518
free	Medical	22	Teladoc Health	Teladoc	2013-06-11	735962	4.79	2026-09-16	0.00	656872607
free	Medical	23	Hims: Telehealth for Men	Hims & Hers	2019-11-08	96026	4.8	2026-09-21	0.00	1455690574
free	Medical	24	Hers: Women’s Healthcare	Hims & Hers	2022-05-27	13806	4.59	2026-09-22	0.00	1623878709
free	Medical	25	Pregnancy Tracker App - WTE	Everyday Health, Inc.	2019-02-01	379839	4.87	2026-09-30	0.00	289560144
free	Medical	26	Delta Dental Mobile App	Delta Dental Plans Association	2021-11-18	1811	1.49	2026-08-17	0.00	1585628503
free	Medical	27	Libre by Abbott	Abbott Labs	2025-03-31	205619	4.58	2026-04-29	0.00	6670330506
free	Medical	28	Blood Sugar Master	EINMOB LIMITED	2023-07-28	583	3.55	2026-04-27	0.00	6453363376
free	Medical	29	Publix Pharmacy	Publix Super Markets, Inc.	2017-05-31	34874	4.91	2026-09-02	0.00	1148770146
free	Medical	30	NimbleRx	NimbleRx	2015-11-11	141335	4.9	2026-10-02	0.00	1047798731
free	Medical	31	Health100	Health100 LLC	2026-07-01	285	4.48	2026-10-02	0.00	6760536822
free	Medical	32	OpenEvidence	OpenEvidence Inc.	2024-08-15	11988	4.92	2026-09-29	0.00	6612007783
free	Medical	33	Contraction Timer & Counter 9m	Aleksei Neiman	2014-07-19	68972	4.79	2026-07-10	0.00	877303791
free	Medical	34	CSL Plasma	CSL Plasma	2020-07-24	2018	3.46	2026-09-24	0.00	1503641894
free	Medical	35	WatchPAT	Itamar Medical	2019-10-10	44794	4.74	2026-05-26	0.00	1473252338
free	Medical	36	MyZio	iRhythm Technologies, Inc	2015-04-26	66915	4.75	2026-04-06	0.00	975444227
free	Medical	37	APPatient	Modernizing Medicine, Inc.	2016-03-08	22837	4.13	2026-09-04	0.00	1036175909
free	Medical	38	VA: Health and Benefits	US Department of Veterans Affairs (VA)	2021-07-13	394799	4.81	2026-09-15	0.00	1559609596
free	Medical	39	BCBSM	Blue Cross and Blue Shield of Michigan	2016-05-18	79930	4.7	2026-09-03	0.00	1098220614
free	Medical	40	BabyCenter Pregnancy Tracker	Everyday Health, Inc.	2010-08-23	297662	4.89	2026-09-30	0.00	386022579
free	Medical	41	FreeStyle Libre 3 – US	Abbott Labs	2022-06-21	6183	2.43	2026-07-17	0.00	1524572429
free	Medical	42	Lilly Health™	Eli Lilly and Company	2025-06-01	4501	4.74	2026-08-27	0.00	6744534749
free	Medical	43	Solv: Easy Same-Day Healthcare	Solv Health	2019-08-23	26338	4.88	2023-01-09	0.00	1464601606
free	Medical	44	Allē	AbbVie	2013-10-10	13748	4.87	2026-09-28	0.00	720207987
free	Medical	45	UMR | Health	United HealthCare Services, Inc.	2022-12-01	17750	4.61	2026-09-11	0.00	6444543678
free	Medical	46	Express Scripts	Express Scripts	2011-07-05	427833	4.74	2026-10-01	0.00	442464896
free	Medical	47	PulsePoint Respond	PulsePoint Foundation	2012-02-13	274840	4.79	2026-08-28	0.00	500772134
free	Medical	48	Guardian®	Guardian Life Insurance Company of America	2012-09-01	44208	4.61	2026-09-28	0.00	532827049
free	Medical	49	One Medical	One Medical Group, Inc.	2010-09-27	57117	4.92	2026-09-28	0.00	393507802
free	Medical	50	My Molina	Molina Healthcare, Inc.	2016-03-11	7064	4.55	2026-10-03	0.00	1087995311
free	Medical	51	MyHealthONE	HCA Healthcare, Inc.	2020-05-31	75111	4.54	2026-09-30	0.00	1493014954
free	Medical	52	Dexcom Follow	Dexcom	2025-09-16	892	1.62	2026-09-30	0.00	6746294350
free	Medical	53	Spruce: Medical Communication	Spruce Health	2016-02-25	97867	4.86	2026-09-14	0.00	1080857171
free	Medical	54	Clipboard - Workers	Clipboard Health	2019-11-26	22755	4.63	2026-09-18	0.00	1472962791
free	Medical	55	Grifols Plasma Donor Hub	GRIFOLS SA	2021-12-14	53941	4.81	2026-08-18	0.00	1591378876
free	Medical	56	MEDITECH MHealth	Meditech	2017-06-12	1040	2.52	2026-07-07	0.00	1143209032
free	Medical	57	Kardia	AliveCor, Inc.	2013-01-06	234162	4.81	2026-09-15	0.00	579769143
free	Medical	58	mySugr - Diabetes Tracker Log	mySugr GmbH	2013-06-03	33154	4.68	2026-09-23	0.00	516509211
free	Medical	59	Ambra	Ambra Health	2018-10-11	250	1.77	2024-02-15	0.00	1437945158
free	Medical	60	CVS Caremark	CVS Caremark	2010-07-21	47093	4.41	2026-09-29	0.00	382300394
free	Medical	61	WeMoms - Pregnancy & Baby App	Globalia	2014-11-13	27122	4.79	2026-10-02	0.00	938845147
free	Medical	62	myVCA	VCA Antech Inc.	2017-04-18	40999	4.91	2026-09-15	0.00	1172429469
free	Medical	63	OptumRx	Optum Inc.	2015-01-28	145737	4.73	2026-09-02	0.00	941641944
free	Medical	64	Blood Donor American Red Cross	American Red Cross	2014-08-29	138263	4.85	2026-09-10	0.00	911428916
free	Medical	65	OctaApp - Donate Plasma	Octapharma Plasma Inc.	2025-11-04	364	3.77	2026-09-09	0.00	6749645627
free	Medical	66	1-800 Contacts	1-800 CONTACTS, Inc.	2012-05-31	143174	4.88	2026-09-30	0.00	515430900
free	Medical	67	MYIO	Valant Medical Solutions, Inc	2022-05-03	25029	4.8	2026-09-17	0.00	1618901898
free	Medical	68	Intermountain Health	Intermountain Healthcare, Inc	2019-01-05	3493	3.87	2026-05-04	0.00	1443623489
free	Medical	69	Pawp: 24/7 Vet & Pet Care	Pawp, Inc.	2021-12-29	14860	4.88	2026-09-16	0.00	1594794194
free	Medical	70	AdventHealth	Adventist Health System Sunbelt Healthcare Corp	2019-07-06	24568	4.62	2026-09-19	0.00	1468538150
free	Medical	71	Ambetter Health	Centene Corporation	2024-06-25	51818	4.83	2026-09-24	0.00	6478033538
free	Medical	72	Anatomy 3D Atlas	Catfish Animation Studio	2015-09-15	2649	4.49	2026-09-23	0.00	1034069206
free	Medical	73	Epic Haiku & Limerick	Epic	2010-01-07	1026	2.52	2026-09-14	0.00	348308661
free	Medical	74	Finger Blood Pressure: BP Mate	军 刘	2025-09-09	4500	4.44	2026-09-20	0.00	6739974263
free	Medical	75	My Invisalign	Align Technology, Inc.	2018-02-26	63834	4.77	2026-08-23	0.00	1325633853
free	Medical	76	RxLocal	PioneerRx, LLC	2011-05-18	75140	4.74	2026-09-30	0.00	437564871
free	Medical	77	MyBSWHealth	Baylor Scott and White Holdings	2015-07-01	238060	4.76	2026-09-22	0.00	1000856979
free	Medical	78	Baby Tracker - Newborn Log	Nighp Software LLC	2014-03-12	227326	4.8	2026-10-02	0.00	779656557
free	Medical	79	Oscar Health	Oscar Management Corporation	2013-12-20	16639	4.85	2026-09-29	0.00	781584599
free	Medical	80	Banfield Pet Hospital	Banfield Pet Hospital	2014-02-04	121945	4.84	2026-09-29	0.00	799061555
free	Medical	81	SingleCare Rx Pharmacy Coupons	SingleCare	2015-05-25	27021	4.84	2026-09-18	0.00	988894598
free	Medical	82	Anatomy Learning - 3D Atlas	3DMedical OU	2021-11-09	1346	4.7	2026-09-06	0.00	1593953398
free	Medical	83	Easy Anatomy 3D with Voice AI	EASY ANATOMY - FZCO	2016-07-07	2048	4.75	2026-10-03	0.00	1130351296
free	Medical	84	Nolla Derm	MAGIC HEALTH INC. dba NOLLA HEALTH	2025-08-11	12975	4.92	2026-10-01	0.00	6741805934
free	Medical	85	NightOwl Companion	Ectosense	2018-07-30	81981	4.79	2026-02-11	0.00	1397382074
free	Medical	86	myPatientVisit	NexTech Systems, Inc.	2020-04-04	6567	4.58	2026-09-30	0.00	1505582085
free	Medical	87	ShiftKey - PRN Healthcare Jobs	ShiftKey, LLC	2021-04-21	27393	4.69	2026-09-30	0.00	1532097671
free	Medical	88	MyUPMC	UPMC	2018-10-03	119294	4.76	2026-10-03	0.00	1365606965
free	Medical	89	Leafly: Find Weed Near You	Leafly	2011-03-02	277292	4.83	2026-09-30	0.00	416456429
free	Medical	90	HealtheLife	Cerner Corporation	2014-12-21	815	2.16	2025-07-31	0.00	912509516
free	Medical	91	Blood Pressure Tracker SmartBP	Evolve Medical Systems, LLC	2012-06-28	60321	4.5	2026-09-22	0.00	519076558
free	Medical	92	SnoreLab : Record Your Snoring	Reviva Softworks Ltd	2012-10-25	57417	4.71	2026-09-22	0.00	529443604
free	Medical	93	Doctor On Demand	Doctor On Demand, Inc	2013-10-01	180378	4.92	2026-09-29	0.00	591981144
free	Medical	94	NYU Langone Health	NYU Langone Medical Center	2017-04-25	33957	4.65	2026-08-10	0.00	1196929294
free	Medical	95	Trinity Health MyChart	Trinity Health Corporation	2020-01-09	14760	4.44	2026-02-24	0.00	1481614074
free	Medical	96	Complete Anatomy for iPhone	3D4Medical from Elsevier	2017-12-16	3664	4.53	2026-08-27	0.00	1309253074
free	Medical	97	myPhonak	Sonova AG	2018-04-22	122866	4.41	2026-08-24	0.00	1332662924
free	Medical	98	MDLIVE	MDLIVE, Inc.	2014-05-13	93644	4.72	2026-09-18	0.00	839671393
free	Medical	99	Clearblue Period Cycle Tracker	SPD Development Company Ltd	2026-03-25	353	4.57	2026-09-17	0.00	6756723738
free	Medical	100	Enfamil: Baby Rewards Tracker®	Reckitt Benckiser Group plc	2019-08-17	7512	4.6	2026-10-01	0.00	1445688776
free	Food & Drink	1	DoorDash: Food, Grocery, More	DoorDash, Inc.	2013-10-10	23313998	4.77	2026-09-28	0.00	719972451
free	Food & Drink	2	McDonald's	McDonald's USA	2014-10-24	7881537	4.84	2026-10-02	0.00	922103212
free	Food & Drink	3	7 Brew Coffee	Brew Culture, LLC	2026-08-11	102426	4.96	2026-10-01	0.00	6762023973
free	Food & Drink	4	Uber Eats: Food & Groceries	Uber Technologies, Inc.	2016-02-29	10803225	4.78	2026-09-28	0.00	1058959277
free	Food & Drink	5	Taco Bell Fast Food & Delivery	Taco Bell	2012-01-25	1138443	4.66	2026-09-29	0.00	497387361
free	Food & Drink	6	Domino's Pizza USA	Domino's Pizza LLC	2011-06-07	4980620	4.78	2026-09-14	0.00	436491861
free	Food & Drink	7	Chick-fil-A	Chick-fil-A, Inc.	2011-12-16	4242217	4.93	2026-09-28	0.00	488818252
free	Food & Drink	8	ReciMe: Recipes & Meal Planner	ReciMe Pty Ltd	2021-11-12	304062	4.79	2026-10-01	0.00	1593779280
free	Food & Drink	9	Yelp: Food, Services & Reviews	Yelp	2019-02-11	2073652	4.54	2026-09-28	0.00	284910350
free	Food & Drink	10	Starbucks	Starbucks Coffee Company	2009-09-22	8356591	4.89	2026-09-28	0.00	331177714
free	Food & Drink	11	Dutch Bros	Dutch Bros., llc	2021-01-26	865169	4.93	2026-09-28	0.00	1529179884
free	Food & Drink	12	Wingstop	Wingstop Restaurants, Inc.	2011-08-08	1428915	4.91	2026-09-24	0.00	454719277
free	Food & Drink	13	Pizza Hut - Delivery & Takeout	Pizza Hut, Inc.	2009-07-08	4227123	4.75	2026-09-29	0.00	321560858
free	Food & Drink	14	Little Caesars Pizza	Little Caesar Enterprises, Inc.	2015-11-07	814830	4.77	2026-09-18	0.00	992600579
free	Food & Drink	15	Instacart: Groceries & Food	Maplebear Inc	2012-08-17	4821210	4.82	2026-09-29	0.00	545599256
free	Food & Drink	16	Chipotle	Chipotle Mexican Grill	2009-08-24	1878894	4.68	2026-09-30	0.00	327228455
free	Food & Drink	17	Toast - Local Restaurants	Toast, Inc.	2018-10-26	156955	4.89	2026-09-28	0.00	1362180579
free	Food & Drink	18	Too Good To Go: End Food Waste	Too Good To Go	2015-12-08	586900	4.93	2026-09-29	0.00	1060683933
free	Food & Drink	19	OpenTable	OpenTable, Inc.	2008-11-14	5635784	4.92	2026-09-28	0.00	296581815
free	Food & Drink	20	BURGER KING® App	Burger King Corporation	2013-05-08	472687	4.72	2026-09-29	0.00	638323895
free	Food & Drink	21	Wendy’s	Wendy's International, LLC	2012-07-09	1906060	4.77	2026-10-02	0.00	540518599
free	Food & Drink	22	Grubhub: Food Delivery	GrubHub.com	2009-02-03	4676108	4.75	2026-09-28	0.00	302920553
free	Food & Drink	23	Cinnabon	Cinnabon® Franchisor SPV LLC.	2021-05-11	7664	4.74	2026-09-15	0.00	1532016072
free	Food & Drink	24	Panda Express	Panda Express	2014-08-20	621780	4.85	2026-09-17	0.00	903990394
free	Food & Drink	25	Subway®	SUBWAY Restaurants	2014-07-30	1212841	4.81	2026-10-02	0.00	901941015
free	Food & Drink	26	Localize - Farmers Market	OnePace LLC	2025-12-29	17050	4.82	2026-09-21	0.00	6756440767
free	Food & Drink	27	Jersey Mike's	Jersey Mike's Franchise Systems, Inc.	2013-10-20	1229358	4.92	2026-09-30	0.00	718290805
free	Food & Drink	28	Dunkin'	Dunkin' Donuts	2015-11-17	1420201	4.81	2026-07-27	0.00	1056813463
free	Food & Drink	29	KFC US: Ordering & Delivery	Kentucky Fried Chicken	2021-02-24	11706	4.07	2026-08-27	0.00	1538999662
free	Food & Drink	30	Popeyes® Chicken	Popeyes Louisiana Kitchen, Inc.	2018-07-31	476845	4.85	2026-10-03	0.00	1386566985
free	Food & Drink	31	Culver's	Culver's	2023-11-15	508	3.25	2026-09-14	0.00	6450863099
free	Food & Drink	32	7-Eleven: Rewards & Shopping	7-Eleven, Inc.	2013-01-19	469641	4.82	2026-09-23	0.00	589653414
free	Food & Drink	33	Papa Johns Pizza & Delivery	Papa John's International Inc.	2010-12-13	1634865	4.85	2026-09-21	0.00	407517450
free	Food & Drink	34	Buffalo Wild Wings	Buffalo Wild Wings, Inc.	2015-09-13	649804	4.87	2026-09-30	0.00	1031364004
free	Food & Drink	35	Chilis	Brinker International Payroll Company, L.P	2011-09-19	680636	4.83	2026-09-21	0.00	464383246
free	Food & Drink	36	inKind	inKind Cards, Inc.	2016-09-29	99908	4.9	2026-10-02	0.00	1153771822
free	Food & Drink	37	Panera Bread	Panera Bread	2013-10-11	1272843	4.91	2026-09-23	0.00	692365393
free	Food & Drink	38	The Cheesecake Factory	The Cheesecake Factory Inc	2026-03-18	25542	4.92	2026-09-01	0.00	6753362006
free	Food & Drink	39	Raising Cane's Chicken Fingers	Raising Cane’s Chicken Fingers	2020-10-26	414947	4.91	2026-09-30	0.00	1530642656
free	Food & Drink	40	Dairy Queen® Food & Treats	International Dairy Queen, Inc.	2018-05-29	275618	4.72	2026-09-23	0.00	1359480496
free	Food & Drink	41	SONIC Drive-In - Order Online	Sonic	2014-05-12	2639061	4.86	2026-09-29	0.00	867827909
free	Food & Drink	42	Dave’s Hot Chicken®	Dave's Hot Chicken	2023-04-18	68719	4.85	2026-09-15	0.00	1668228991
free	Food & Drink	43	Resy	Resy	2014-06-03	786150	4.9	2026-09-11	0.00	866163372
free	Food & Drink	44	Arby’s - Pickup or Delivery	Arby's	2018-03-04	521388	4.82	2026-09-26	0.00	1348507359
free	Food & Drink	45	Wawa	Wawa, Inc.	2014-11-18	62875	4.5	2026-08-18	0.00	938319774
free	Food & Drink	46	Nothing Bundt Cakes	Nothing Bundt Franchising, LLC	2024-05-20	158776	4.94	2026-09-26	0.00	6473964435
free	Food & Drink	47	Olive Garden Italian Kitchen	Darden Restaurants, Inc.	2016-03-29	61950	4.75	2026-09-21	0.00	1067313166
free	Food & Drink	48	Texas Roadhouse Mobile	TEXAS ROADHOUSE HOLDINGS, LLC	2016-07-04	536733	4.93	2026-09-29	0.00	1097534083
free	Food & Drink	49	Shake Shack	Shake Shack	2009-06-02	604706	4.8	2026-09-29	0.00	317279545
free	Food & Drink	50	Tropical Smoothie Cafe	Tropical Smoothie Cafe, LLC	2020-09-28	182300	4.9	2026-09-16	0.00	1470030691
free	Food & Drink	51	Slice - Order Local Pizza	Slice Solutions, Inc.	2013-09-27	734659	4.88	2026-09-29	0.00	699705083
free	Food & Drink	52	Crumbl	Crumbl, LLC	2018-10-06	5683924	4.9	2026-10-01	0.00	1438166219
free	Food & Drink	53	CAVA | Order Online	Cava Mezze Grill	2013-10-23	276246	4.87	2026-09-30	0.00	726270499
free	Food & Drink	54	Cicis Pizza	Cicis	2013-01-07	12338	4.82	2026-10-01	0.00	582852042
free	Food & Drink	55	Denny's	Denny's Inc	2012-05-22	92741	4.87	2026-09-25	0.00	527548554
free	Food & Drink	56	Whataburger	Whataburger	2016-11-01	157584	4.72	2026-09-23	0.00	1141643627
free	Food & Drink	57	Jack in the Box® Order App	Jack in the Box, Inc.	2017-10-02	198183	4.82	2026-09-28	0.00	1283768751
free	Food & Drink	58	TapCook: Budget Meal Plans	TestMaxx	2026-07-17	2397	4.72	2026-10-03	0.00	6769601354
free	Food & Drink	59	mise - meal planner	TEGS LABS LTD	2026-06-10	2926	4.7	2026-10-01	0.00	6777471316
free	Food & Drink	60	Baskin-Robbins	Baskin-Robbins Inc	2016-08-20	7060	4.25	2026-08-18	0.00	1133765058
free	Food & Drink	61	Beli	Beli Technologies, Inc.	2021-07-11	17262	4.84	2026-10-03	0.00	1478375386
free	Food & Drink	62	Jimmy John’s Sandwiches	Jimmy John's Sandwiches	2010-12-20	1546061	4.9	2026-09-02	0.00	409366411
free	Food & Drink	63	Speedway: Rewards & Shopping	Speedway LLC	2012-10-13	46520	4.8	2026-08-13	0.00	568047979
free	Food & Drink	64	MyRecipes	People Inc. Group	2026-08-27	147	4.06	2026-10-03	0.00	6755009073
free	Food & Drink	65	Casey's	Casey's General Stores, Inc.	2019-07-24	431610	4.78	2026-09-23	0.00	1470522110
free	Food & Drink	66	Auntie Anne’s Rewards	Auntie Anne's	2013-11-02	26382	4.73	2026-09-10	0.00	733359914
free	Food & Drink	67	Sheetz Food Delivery & Rewards	Sheetz	2013-03-27	96066	4.81	2026-09-21	0.00	623188302
free	Food & Drink	68	Wonder: Food Delivery	Wonder Group, Inc.	2020-09-17	40101	4.86	2026-09-22	0.00	1504180759
free	Food & Drink	69	Applebee’s	Applebee's	2015-12-02	249474	4.86	2026-09-17	0.00	1036172835
free	Food & Drink	70	Five Guys Burgers & Fries	Five Guys Franchisor, LLC	2011-08-19	284654	4.93	2026-10-01	0.00	457494327
free	Food & Drink	71	Zaxbys	Zaxby's Franchising, LLC	2012-10-11	112530	4.69	2026-09-05	0.00	480603264
free	Food & Drink	72	Gopuff - Grocery Delivery	Gopuff	2013-10-17	262884	4.79	2026-09-28	0.00	722804810
free	Food & Drink	73	Scooter's Coffee	Scooter's Coffee, LLC	2016-12-11	71085	4.85	2026-09-28	0.00	1151532978
free	Food & Drink	74	Shipt: Order Grocery Delivery	Shipt	2015-05-06	136416	4.88	2026-09-08	0.00	971888874
free	Food & Drink	75	QuikTrip: Coupons, Fuel, Food	QuikTrip	2015-10-12	28162	4.71	2026-09-17	0.00	1044651221
free	Food & Drink	76	Krispy Kreme ®	Krispy Kreme Doughnut Corporation	2011-12-15	38823	4.54	2026-09-23	0.00	482752836
free	Food & Drink	77	Total Wine & More	Retail Services & Systems, Inc.	2018-01-08	120368	4.83	2026-09-01	0.00	1277318070
free	Food & Drink	78	IHOP	DineEquity, Inc.	2012-11-01	60557	4.84	2026-08-19	0.00	572284095
free	Food & Drink	79	Firehouse Subs	Firehouse Restaurant Group, Inc.	2014-07-07	190703	4.91	2026-09-14	0.00	894658475
free	Food & Drink	80	Marco’s Pizza	MARCO'S FRANCHISING, LLC	2018-12-07	11926	4.85	2026-09-01	0.00	1437373132
free	Food & Drink	81	Osta: Save & Share Recipes	GENERAL DIGITAL CONNOISSEURS LTD.	2025-04-08	6771	4.76	2026-09-24	0.00	6739286231
free	Food & Drink	82	Insomnia Cookies	Insomnia Cookies LLC	2014-06-28	62004	4.86	2026-08-10	0.00	891379973
free	Food & Drink	83	Freddy’s	Freddy's Frozen Custard & Steakburgers	2019-06-26	121954	4.86	2026-09-03	0.00	1463076279
free	Food & Drink	84	Nespresso Smart	Nestle Nespresso SA	2024-09-29	577	3.29	2026-07-28	0.00	6480109616
free	Food & Drink	85	Tabelog - Food Guide in Japan	Kakaku.com, Inc.	2025-11-09	2597	4.86	2026-09-30	0.00	6752922875
free	Food & Drink	86	Carl's Jr. Mobile Ordering	CKE RESTAURANTS HOLDINGS, INC.	2021-08-05	173956	4.83	2026-09-30	0.00	1577790958
free	Food & Drink	87	Waffle House Ordering	Waffle House	2024-03-11	553	1.98	2025-05-27	0.00	1521577174
free	Food & Drink	88	QDOBA Mexican Eats	QDOBA Mexican Eats	2016-12-04	164638	4.87	2026-09-22	0.00	1172435208
free	Food & Drink	89	Tao Group Hospitality Rewards	Tao Group LLC	2022-05-08	8258	4.92	2026-10-02	0.00	1537602625
free	Food & Drink	90	淘宝闪购-点外卖更优惠	Shanghai Rajax Information Technology Co., Ltd.	2012-03-29	22369	4.81	2026-09-07	0.00	507161324
free	Food & Drink	91	heytea	HEYTEA	2023-11-26	9471	4.92	2026-09-25	0.00	6468945008
free	Food & Drink	92	TREAT: Play & impact REAL dogs	Treat App	2022-06-15	67953	4.88	2026-08-26	0.00	1591591442
free	Food & Drink	93	Church's Texas Chicken®	Cajun Operating Company	2013-05-28	104149	4.91	2026-09-30	0.00	653653356
free	Food & Drink	94	Wegmans	Wegmans Food Markets	2010-05-21	37410	4.57	2026-09-22	0.00	371707711
free	Food & Drink	95	Maverik Rewards	Maverik, Inc.	2013-01-30	46705	4.76	2026-09-28	0.00	592161957
free	Food & Drink	96	Bojangles Restaurant	Bojangles' Restaurants, Inc.	2021-05-31	53333	4.68	2026-08-05	0.00	1564685788
free	Food & Drink	97	Smoothie King	Smoothie King Franchises, Inc.	2011-07-11	233339	4.85	2026-09-30	0.00	448122894
free	Food & Drink	98	Whipp: Meal Planner & Recipes	EVOY LTD	2026-06-12	51	4.92	2026-09-28	0.00	6778126199
free	Food & Drink	99	Hardee's Mobile Ordering	CKE RESTAURANTS HOLDINGS, INC.	2021-08-05	157618	4.83	2026-09-30	0.00	1577790947
free	Food & Drink	100	Potbelly Sandwich Works	Potbelly Sandwich Works, LLC	2014-03-13	164841	4.78	2026-09-21	0.00	835528979
free	Shopping	1	Vinted: Pre-loved marketplace	Vinted Limited	2013-04-11	395359	4.87	2026-09-28	0.00	632064380
free	Shopping	2	Temu: Shop Like a Billionaire	Temu	2022-08-31	2224383	4.66	2026-09-28	0.00	1641486558
free	Shopping	3	Depop - Buy & Sell Clothes	Depop Ltd	2012-08-01	1029063	4.82	2026-09-28	0.00	518684914
free	Shopping	4	Amazon Shopping	AMZN Mobile LLC	2008-12-03	8450903	4.83	2026-09-27	0.00	297606951
free	Shopping	5	Whatnot: Shop, Sell, Connect	Whatnot Inc.	2019-12-06	1047032	4.74	2026-10-01	0.00	1488269261
free	Shopping	6	Walmart: Shopping & Savings	Walmart	2009-11-02	18598633	4.82	2026-10-01	0.00	338137227
free	Shopping	7	Shop: Track, Pay, Discover	Shopify Inc.	2017-11-15	7177228	4.81	2026-10-01	0.00	1223471316
free	Shopping	8	Koupon: Real Deals & Codes	Koupon Inc.	2023-11-29	40272	4.85	2026-09-30	0.00	6472232952
free	Shopping	9	DealSeek: Coupons & Discounts	DealSeek LLC	2025-06-19	78652	4.87	2026-09-30	0.00	6745274862
free	Shopping	10	Costco	Costco Wholesale Corporation	2012-07-06	1302070	4.86	2026-09-29	0.00	535509415
free	Shopping	11	Rips by Triumph	Triumph Arcade	2025-10-22	220949	4.68	2026-09-28	0.00	6751921248
free	Shopping	12	SHEIN - Shopping Online	ROADGET BUSINESS PTE. LTD.	2014-05-19	3802383	4.73	2026-09-25	0.00	878577184
free	Shopping	13	AliExpress - Shopping App	Alibaba	2011-05-26	677981	4.69	2026-09-30	0.00	436672029
free	Shopping	14	Capital One Shopping: Save Now	Wikibuy, LLC	2016-09-04	1690058	4.87	2026-09-30	0.00	1089294040
free	Shopping	15	Target: Shop. Style. Save.	Target	2008-11-24	6914512	4.9	2026-09-29	0.00	297430070
free	Shopping	16	Alibaba.com B2B Trade App	ALIBABA.COM GLOBAL SUPPLIER SERVICES PTE. LTD.	2012-02-24	97158	4.72	2026-09-08	0.00	503451073
free	Shopping	17	eBay online shopping & selling	eBay Inc.	2019-01-31	4969190	4.82	2026-09-26	0.00	282614216
free	Shopping	18	Fetch: Earn Rewards Every Day	Fetch Rewards, LLC	2016-12-07	7725930	4.85	2026-09-30	0.00	1182474649
free	Shopping	19	Sam's Club Shopping & Delivery	Sam’s Club	2010-08-25	5471103	4.89	2026-10-03	0.00	382497397
free	Shopping	20	Best Buy: Tech Deals & Savings	Best Buy Co., Inc.	2009-05-16	1755547	4.87	2026-10-01	0.00	314855255
free	Shopping	21	Wayfair – Shop All Things Home	Wayfair LLC	2014-03-29	2549403	4.87	2026-09-28	0.00	836767708
free	Shopping	22	Etsy: Shop from Real People	Etsy, Inc.	2011-11-16	7311587	4.92	2026-09-28	0.00	477128284
free	Shopping	23	Lowe's Home Improvement	Lowe's Companies, Inc.	2011-08-29	1899660	4.77	2026-10-03	0.00	457954781
free	Shopping	24	Affirm: Buy now, pay over time	Affirm, Inc.	2015-08-24	1758102	4.87	2026-09-28	0.00	967040652
free	Shopping	25	Quince: Luxury Essentials	Lastbrand Inc	2025-03-02	9239	4.94	2026-09-28	0.00	6670251421
free	Shopping	26	Dollar General-Digital Coupons	Dolgencorp, LLC	2012-09-19	1053956	4.84	2026-09-15	0.00	561311442
free	Shopping	27	The Home Depot	The Home Depot, Inc.	2009-12-16	3464538	4.82	2026-10-01	0.00	342527639
free	Shopping	28	Bath & Body Works | B&BW	Bath & Body Works Brand Management, Inc.	2017-08-29	1941385	4.86	2026-09-28	0.00	1256027729
free	Shopping	29	GovAuctions.com - Shop Surplus	Auctions	2025-09-26	21066	4.79	2026-09-30	0.00	6752552771
free	Shopping	30	KashKick: Get paid to have fun	Besitos	2023-11-14	124899	4.67	2026-09-22	0.00	1667151711
free	Shopping	31	Walgreens	Walgreen Co.	2009-10-26	7279317	4.83	2026-10-03	0.00	335364882
free	Shopping	32	Ulta Beauty: Makeup & Skincare	Ulta Salon, Cosmetics & Fragrance, Inc	2012-11-10	2441182	4.86	2026-09-30	0.00	561930308
free	Shopping	33	ALDI Grocery Pickup & Delivery	ALDI International Services GmbH & Co. oHG	2011-07-01	111594	4.83	2026-09-30	0.00	429396645
free	Shopping	34	OfferUp Buy & Sell Marketplace	OfferUp Inc.	2011-10-18	4445302	4.75	2026-09-21	0.00	468996152
free	Shopping	35	Circle K	CircleK	2022-08-01	26087	4.81	2026-09-17	0.00	1592397814
free	Shopping	36	Sephora US: Makeup & Skincare	Sephora USA, Inc	2010-09-29	425811	4.88	2026-09-26	0.00	393328150
free	Shopping	37	Afterpay: Pay over time	Afterpay	2018-08-07	752692	4.91	2026-09-17	0.00	1401019110
free	Shopping	38	Victoria's Secret—Bras & More	Victoria's Secret	2009-11-02	157050	4.81	2026-09-17	0.00	336860594
free	Shopping	39	DHgate-Online Wholesale Stores	Digital Trading Science & Technology (Beijing) Co. Ltd.	2014-08-12	625105	4.56	2026-09-24	0.00	905869418
free	Shopping	40	Anthropologie	Anthropologie	2014-10-14	412499	4.9	2026-09-23	0.00	922496703
free	Shopping	41	Nike: Engineered for Athletes	Nike, Inc	2016-08-02	1698578	4.88	2026-09-30	0.00	1095459556
free	Shopping	42	DICK’S Sporting Goods	Dick's Sporting Goods	2012-09-13	501393	4.84	2026-09-19	0.00	556653197
free	Shopping	43	Groupon - Local Deals Near Me	Groupon, Inc.	2010-02-27	603909	4.8	2026-09-18	0.00	352683833
free	Shopping	44	Old Navy: Shop for New Clothes	Gap Inc.	2009-12-11	1486582	4.88	2026-09-24	0.00	342792281
free	Shopping	45	Sezzle: Buy Now, Pay Later	Sezzle	2019-03-30	303989	4.87	2026-10-02	0.00	1434922495
free	Shopping	46	BJs Wholesale Club	BJ's Wholesale Club	2017-10-21	1051066	4.84	2026-09-21	0.00	1287596508
free	Shopping	47	Nespresso Store	Nestle Nespresso SA	2024-04-22	120445	4.87	2026-08-27	0.00	1609639566
free	Shopping	48	PetSmart	PetSmart LLC	2016-11-18	31100	3.97	2026-10-03	0.00	1175467091
free	Shopping	49	CARFAX - New & Used Cars	CARFAX, Inc.	2011-11-15	370685	4.85	2026-10-02	0.00	479267592
free	Shopping	50	Fashion Nova: Trendy Shopping	Fashion Nova Inc.	2018-05-11	1338757	4.83	2026-09-30	0.00	1367363988
free	Shopping	51	Poshmark: Shop & Sell Fashion	Poshmark, Inc.	2011-10-12	1085270	4.8	2026-10-01	0.00	470412147
free	Shopping	52	Publix	Publix Super Markets, Inc.	2012-09-26	550149	4.89	2026-09-18	0.00	562794249
free	Shopping	53	Chewy - Pet Care & Pharmacy	Chewy, Inc.	2016-11-07	1181692	4.91	2026-09-24	0.00	1149449468
free	Shopping	54	Kroger	The Kroger Co.	2010-11-30	1269139	4.77	2026-10-02	0.00	403901186
free	Shopping	55	Kohl's - Shopping & Discounts	Kohl’s	2011-10-28	938633	4.85	2026-09-28	0.00	472014516
free	Shopping	56	MintPull - Rip for Cash	Arcane Answers Studio Limited	2026-04-26	2560	4.75	2026-09-21	0.00	6762112073
free	Shopping	57	CIDER - Clothing & Fashion	CIDER HOLDING LIMITED	2020-11-16	81123	4.83	2026-09-25	0.00	1539133680
free	Shopping	58	CarGurus: Used & New Cars	CarGurus	2014-02-11	674153	4.87	2026-10-01	0.00	814517475
free	Shopping	59	Macy's: Shop, Save, and Earn	Macys Inc	2009-12-13	2358617	4.85	2026-09-30	0.00	341036067
free	Shopping	60	IKEA	Inter IKEA Systems B.V.	2020-10-24	148871	4.79	2026-09-30	0.00	1452164827
free	Shopping	61	Four | Buy Now, Pay Later	Four Technologies, Inc	2020-10-23	121018	4.79	2026-10-02	0.00	1527063669
free	Shopping	62	Halara	FULL SCALE FULL SPEED PTE. LTD.	2021-01-29	59659	4.78	2026-09-28	0.00	1545920983
free	Shopping	63	ZARA	Industria de Diseno Textil, S.A.	2012-08-01	413296	4.82	2026-10-01	0.00	547951480
free	Shopping	64	Hollister Co.	Abercrombie & Fitch	2010-07-30	649266	4.86	2026-09-14	0.00	383915209
free	Shopping	65	Cars.com - New & Used Cars	Cars.com	2010-02-02	619719	4.83	2026-09-23	0.00	353263352
free	Shopping	66	lululemon	lululemon athletica canada inc.	2014-10-02	532415	4.9	2026-09-28	0.00	920098546
free	Shopping	67	Carvana: Buy/Sell Used Cars	Carvana	2017-09-25	319488	4.82	2026-09-28	0.00	1273426583
free	Shopping	68	adidas: Shop Shoes & Clothing	adidas	2017-11-03	822625	4.89	2026-09-28	0.00	1266591536
free	Shopping	69	Nordstrom Rack: Shop Deals	Nordstrom, Inc.	2014-04-30	760191	4.89	2026-09-22	0.00	853330019
free	Shopping	70	Whole Foods Market	Whole Foods Market Services, Inc.	2009-06-17	1605	4.4	2026-07-22	0.00	320029256
free	Shopping	71	IcyBox	InfiniteEdge Inc.	2026-03-07	6691	4.32	2026-09-30	0.00	6758816716
free	Shopping	72	Family Dollar	Family Dollar	2017-06-05	655228	4.8	2026-08-19	0.00	1196434600
free	Shopping	73	StockX - Sneakers and Apparel	StockX LLC	2014-06-05	1300373	4.78	2026-09-24	0.00	881599819
free	Shopping	74	Comfrt: Shop Cozy Clothing	COMFRT	2025-11-25	5461	4.94	2026-09-16	0.00	6755090694
free	Shopping	75	Nordstrom	Nordstrom, Inc.	2011-11-15	1521058	4.92	2026-09-22	0.00	474349412
free	Shopping	76	Windsor Store	Windsor Fashions, LLC	2024-09-25	4331	4.87	2026-10-01	0.00	6514323796
free	Shopping	77	AE + Aerie	American Eagle Outfitters	2011-10-06	1240234	4.88	2026-10-01	0.00	467738064
free	Shopping	78	Safeway Deals & Delivery	Albertsons Companies, LLC	2012-05-01	1313261	4.78	2026-09-29	0.00	521487551
free	Shopping	79	Babylist Baby Registry	BabyList Inc	2013-10-09	141442	4.92	2026-09-29	0.00	718582092
free	Shopping	80	UNIQLO: Clothes Shopping	UNIQLO CO., LTD.	2017-09-26	115069	4.78	2026-09-28	0.00	1284609872
free	Shopping	81	T.J.Maxx	The TJX Companies, Inc.	2017-05-22	4051	2.51	2026-09-09	0.00	1231524763
free	Shopping	82	Michaels Stores	Michaels Stores, Inc.	2011-07-01	270882	4.78	2026-10-01	0.00	445458809
free	Shopping	83	Gap: Apparel, denim and more	Gap Inc.	2009-08-13	397693	4.88	2026-09-24	0.00	326347260
free	Shopping	84	Lidl Plus	Lidl Digital International GmbH & Co. KG	2026-06-25	2405	4.28	2026-10-01	0.00	1238611143
free	Shopping	85	Mercari: Buying & Selling App	Mercari, Inc.	2014-08-06	1953718	4.85	2026-09-28	0.00	896130944
free	Shopping	86	Harbor Freight Tools	Harbor Freight Tools	2020-10-03	233385	4.78	2026-09-29	0.00	1533833273
free	Shopping	87	Coupert: Coupons & Cash Back	Coupert Science LLC	2019-05-23	24987	4.78	2026-09-29	0.00	1460077113
free	Shopping	88	Hobby Lobby	Hobby Lobby Stores, Inc.	2012-07-02	1885	2.96	2026-02-13	0.00	535562583
free	Shopping	89	Ace Hardware: Home Improvement	Ace Hardware Corporation	2020-02-17	406289	4.83	2026-09-28	0.00	1495294584
free	Shopping	90	Ralph Lauren: Luxury Shopping	Ralph Lauren Corporation	2021-11-08	59228	4.88	2026-09-15	0.00	1590610314
free	Shopping	91	H&M	H&M	2018-07-07	240818	4.84	2026-09-24	0.00	834465911
free	Shopping	92	ALO	AloYoga	2020-04-10	179603	4.92	2026-10-02	0.00	1503741784
free	Shopping	93	ShopMy	Shop My Shelf, Inc.	2023-02-08	4032	4.9	2026-09-30	0.00	6443850511
free	Shopping	94	craigslist	craigslist	2019-12-02	558107	4.82	2026-06-25	0.00	1336642410
free	Shopping	95	PINK—Clothing, Beauty & More	Victoria's Secret PINK	2011-09-19	915208	4.82	2026-09-17	0.00	463630399
free	Shopping	96	Miiriya	Lamine Loco	2025-02-12	111	4.59	2026-10-03	0.00	6741834253
free	Shopping	97	My H-E-B	H-E-B, LP	2019-12-02	43627	4.76	2026-09-24	0.00	1477891300
free	Shopping	98	Rip Rush: Digital TCG Arena	Emerald Myth Studio Limited	2026-06-16	9806	4.75	2026-08-28	0.00	6769304937
free	Shopping	99	Murphy Drive Rewards	Murphy USA	2018-06-11	534567	4.84	2025-11-06	0.00	1386235320
free	Shopping	100	KCL: Coupons, Deals, Discounts	Krazy Coupon Lady LLC	2015-08-19	195780	4.89	2026-10-02	0.00	962133447
free	Developer Tools	1	TestFlight	Apple	2014-07-23	790849	4.75	2026-09-24	0.00	899247664
free	Developer Tools	2	GitHub	GitHub	2020-03-17	37605	4.83	2026-10-01	0.00	1477376905
free	Developer Tools	3	Sekai: Create · Remix · Play	Sekai	2024-06-21	23958	4.79	2026-10-02	0.00	6504506653
free	Developer Tools	4	Replit: Vibe Code with AI Fast	Replit	2022-10-18	21079	4.72	2026-09-14	0.00	1614022293
free	Developer Tools	5	LocalDevVPN	Coxson Engineering LLC	2025-12-04	101	4.55	2026-08-31	0.00	6755608044
free	Developer Tools	6	O-KAM Pro	Shenzhen VeePai IoT Intelligent Technology LLC	2022-01-06	8563	4.53	2026-09-24	0.00	1602054864
free	Developer Tools	7	Expo Go	Nametag	2015-08-17	7533	4.82	2026-09-02	0.00	982107779
free	Developer Tools	8	Apple Developer	Apple	2013-06-03	2175	4.04	2026-09-22	0.00	640199958
free	Developer Tools	9	Cursor	Anysphere	2026-06-28	837	4.72	2026-10-01	0.00	6767085653
free	Developer Tools	10	App Store Connect	Apple	2018-06-13	14967	4.68	2026-09-23	0.00	1234793120
free	Developer Tools	11	Termius - Modern SSH Client	Termius Corporation	2012-08-07	19321	4.7	2026-09-30	0.00	549039908
free	Developer Tools	12	iSH Shell	Theodore Dubois	2020-10-22	1243	4.72	2023-05-21	0.00	1436902243
free	Developer Tools	13	Scriptable	Simon B. Støvring	2018-09-21	3921	4.68	2024-09-30	0.00	1405459188
free	Developer Tools	14	ZenVPN - Free Super Fast VPN	Surf Safe Network Ltd	2024-08-08	893	4.6	2026-09-25	0.00	6593663767
free	Developer Tools	15	T3 Code - Remote Claude & more	T3 Tools, Inc.	2026-07-29	106	4.85	2026-10-03	0.00	6787819824
free	Developer Tools	16	Python Coding Editor & IDE App	Cloudbit d.o.o.	2022-11-16	2928	4.42	2026-09-22	0.00	6444399635
free	Developer Tools	17	NextVPN: Fast & Secure Proxy	Surf Safe Network Ltd	2022-03-11	44734	4.67	2026-09-04	0.00	1610773520
free	Developer Tools	18	Apps Connect	CITY OF THE SKY NETWORK	2022-10-17	150	4.45	2026-09-18	0.00	1643688878
free	Developer Tools	19	a-Shell	Nicolas Holzschuch	2019-10-25	557	4.56	2026-09-21	0.00	1473805438
free	Developer Tools	20	Conductor.build	Melty, Inc.	2026-09-14	7	5	2026-10-01	0.00	6791228564
free	Developer Tools	21	ProxyPin - Open Source Capture	Minimalist Network Co., Ltd.	2023-07-31	109	4.5	2026-09-29	0.00	6450932949
free	Developer Tools	22	Orca IDE	Lovecast LLC	2026-05-07	32	4.62	2026-10-02	0.00	6766130217
free	Developer Tools	23	Google Play Console	Google	2024-08-27	182	4.65	2025-10-10	0.00	1606772645
free	Developer Tools	24	Desktop Browser • Zoomable	Actowise LLC	2021-05-23	3744	4.5	2026-04-07	0.00	1568442831
free	Developer Tools	25	Userscripts	Justin Wasack	2019-05-14	188	4.31	2026-01-11	0.00	1463298887
free	Developer Tools	26	Hermex	Uzair Ansar	2026-06-02	129	4.69	2026-10-01	0.00	6767006319
free	Developer Tools	27	Koder Code Editor	Reny Mustika	2018-12-22	12011	4.59	2022-04-19	0.00	1447489375
free	Developer Tools	28	xTerminal - SSH Terminal Shell	婉媚 邵	2020-12-17	1949	4.73	2026-03-23	0.00	1544728400
free	Developer Tools	29	Cookie-Editor	Christophe Gagnier	2023-03-13	97	3.36	2024-02-25	0.00	6446215341
free	Developer Tools	30	Surge 5	Surge Networks Inc.	2018-11-17	1002	4.1	2026-09-13	0.00	1442620678
free	Developer Tools	31	GDevelop - Create & Play Games	GDEVELOP FRANCE	2023-04-10	2411	4.35	2026-09-30	0.00	1663675754
free	Developer Tools	32	Temp Number | Receive SMS	Yarden Mitrani	2026-08-16	2	3	2026-09-07	0.00	6794432532
free	Developer Tools	33	Goiey - Collect, Share, Chat	Emma Koupferschmitt	2026-07-05	23	4.83	2026-08-27	0.00	6785842690
free	Developer Tools	34	BluetoothAssistant	Hangzhou OrangeJuice Technology Co., Ltd.	2020-10-26	1108	4.22	2026-07-16	0.00	1536579599
free	Developer Tools	35	iProxy - Sys admin tools	N-Lab	2025-03-12	62	3.92	2025-08-25	0.00	6742786598
free	Developer Tools	36	Bluetooth Inspector	George Garside	2020-05-02	1555	4.57	2026-08-11	0.00	1509085044
free	Developer Tools	37	Appboard: App Rankings	Dongchan Son	2023-04-14	44	4.18	2026-09-21	0.00	1667492380
free	Developer Tools	38	Runestone Text Editor	Simon B. Støvring	2022-05-05	2048	4.73	2026-09-10	0.00	1548193893
free	Developer Tools	39	Device Monitor²	Fast-Devs Project	2021-01-16	9367	4.66	2026-07-10	0.00	1522870046
free	Developer Tools	40	Rev for Vercel	FarFetched	2025-02-20	90	4.4	2026-09-10	0.00	6740740427
free	Developer Tools	41	Clash Lite - Clash for iOS	Hood Lawn Service Inc.	2026-04-08	25	4.36	2026-10-02	0.00	6761357475
free	Developer Tools	42	Python Coding	婉媚 邵	2024-11-20	1175	4.77	2026-10-03	0.00	6738411328
free	Developer Tools	43	Digital Neon Night Clock	Rihlat Riasah	2026-02-12	7	5	2026-05-19	0.00	6757998015
free	Developer Tools	44	Vibecode Apps IDE - LastApp	LastApp.AI	2025-11-13	2355	4.68	2025-12-23	0.00	6751259948
free	Developer Tools	45	Stream - Network Debug Tool	Stream Lab Inc.	2018-01-04	132	4.07	2020-04-06	0.00	1312141691
free	Developer Tools	46	Web Inspector	And a Dinosaur	2021-09-16	157	3.88	2026-08-29	0.00	1584825745
free	Developer Tools	47	V2Lite VPN - Super VPN Proxy	Surf Safe Network Ltd	2022-12-26	3840	4.62	2026-09-25	0.00	6444585377
free	Developer Tools	48	AI App Builder Architect	Beniamin Bar Chad	2026-05-19	686	4.76	2026-08-26	0.00	6770260745
free	Developer Tools	49	a-Shell mini	Nicolas Holzschuch	2020-12-09	121	4.61	2026-09-21	0.00	1543537943
free	Developer Tools	50	Moshi: herdr/tmux on SSH/MOSH	Moshi Tech Ltd.	2026-01-21	552	4.74	2026-10-04	0.00	6757859949
free	Developer Tools	51	Textastic Code Editor	Alexander Blach	2016-03-12	2531	4.69	2026-09-05	0.00	1049254261
free	Developer Tools	52	Bluetooth Auto Connect	Damuben Kachhad	2025-10-02	41	4.12	2026-07-30	0.00	6753293376
free	Developer Tools	53	Proxyman - Capture HTTPS	Proxyman LLC	2021-03-10	801	4.8	2026-10-02	0.00	1551292695
free	Developer Tools	54	Hermes Conduit	Long Cheung Ho	2026-08-06	16	4.19	2026-10-01	0.00	6790977764
free	Developer Tools	55	Railway.com	RailwayApp	2026-06-14	9	3.89	2026-09-18	0.00	6755712493
free	Developer Tools	56	Dashify for Netlify.com	FarFetched	2025-02-23	9	4.78	2026-01-30	0.00	6742102359
free	Developer Tools	57	Pyto IDE	Develobile S.p.A.	2018-09-23	999	3.67	2024-06-09	0.00	1436650069
free	Developer Tools	58	Blink Shell, Build & Code	Blink Shell, Inc	2022-02-09	419	3.12	2026-09-17	0.00	1594898306
free	Developer Tools	59	Wheel of Names: Random Picker	Nghia Pham Hieu	2026-02-26	176	4.55	2026-06-11	0.00	6759365425
free	Developer Tools	60	v0	Vercel, Inc	2025-10-23	848	4.84	2026-10-02	0.00	6745097949
free	Developer Tools	61	Termiux	TERMUX LIMITED LIABILITY COMPANY	2025-12-08	2	5	2026-09-28	0.00	6755708389
free	Developer Tools	62	Supanator: Supabase Manager	Layton Labs AB	2025-07-30	18	4.78	2026-09-16	0.00	6748534773
free	Developer Tools	63	OpenCode Mobile App	Rodrigo Mendoza	2026-01-26	10	1.9	2026-03-16	0.00	6757406313
free	Developer Tools	64	N8N Automations — Nathan	FarFetched	2025-10-29	15	4.07	2026-02-24	0.00	6754570005
free	Developer Tools	65	Store Redirect	翔 何	2022-01-12	201	4.38	2022-02-23	0.00	1601434613
free	Developer Tools	66	avoGate	Avocado VPN Technologies	2025-11-24	337	4.43	2026-10-01	0.00	6753074404
free	Developer Tools	67	Easy SSH	Argsment Limited	2025-03-10	145	4.74	2026-07-19	0.00	6742807404
free	Developer Tools	68	GameForge AI: Code & Build	Rishad Baker	2026-05-15	10	2.8	2026-07-24	0.00	6761553426
free	Developer Tools	69	Xogot: Godot for iPad & iPhone	Xibbon, Inc	2025-05-05	153	4.09	2026-09-10	0.00	6469385251
free	Developer Tools	70	Proxmox VE Companion	Proxmox Server Solutions GmbH	2025-12-30	11	4.55	2026-04-28	0.00	6748314140
free	Developer Tools	71	Terminal#	Vasilii Shaidullin	2022-07-20	158	4.55	2024-06-28	0.00	1632249346
free	Developer Tools	72	Reins: for Ollama & LM Studio	Ibrahim Cetin	2025-01-02	294	4.54	2026-09-29	0.00	6739738501
free	Developer Tools	73	Git client - Working Copy	Anders Borum	2014-11-08	3771	4.85	2026-09-18	0.00	896694807
free	Developer Tools	74	Supabase Go	Sarfraz Ali Shaher Syed	2026-05-27	4	5	2026-07-09	0.00	6768007081
free	Developer Tools	75	Shield VPN - Unlimited FastVPN	DENCOM NEW ZEALAND LIMITED	2025-06-30	697	4.56	2026-09-04	0.00	6747663188
free	Developer Tools	76	zFont 3	Soua Zerrouki	2026-04-21	10	1.9	2026-04-21	0.00	6762470689
free	Developer Tools	77	Text Editor.	TAPUNIVERSE LLC	2019-10-18	4340	4.41	2026-10-02	0.00	1483790257
free	Developer Tools	78	Swifty Compiler: Swift IDE	Hassan Taleb	2020-12-31	202	4.46	2026-05-11	0.00	1544749600
free	Developer Tools	79	Subtext	Charcoal Design	2022-02-01	83	4.52	2026-08-27	0.00	1606625287
free	Developer Tools	80	HTML Creator : Editor & Viewer	Hardik Khanesa	2026-02-20	87	4.56	2026-09-23	0.00	6759328000
free	Developer Tools	81	Netli.fyi: Netlify Client	Fenrir Digital	2026-02-09	8	4.5	2026-08-18	0.00	6741714545
free	Developer Tools	82	VPN - Feichi	Kevin Feichi	2026-08-20	1	1	2026-09-23	0.00	6797383968
free	Developer Tools	83	Code Editor - Compiler & IDE	Rhythm Software	2022-04-03	43	3.14	2026-02-13	0.00	1581290510
free	Developer Tools	84	Kodex	Bruno Philipe Resende Silva	2018-03-19	207	4.17	2024-04-01	0.00	1038574481
free	Developer Tools	85	Crafty: Addons, Maps & Skins	MINICRAFT LLC	2026-05-18	194	4.47	2026-09-27	0.00	6758113780
free	Developer Tools	86	Cloudflare Remote	Emre Keles	2025-03-20	86	4.79	2026-10-02	0.00	6743181258
free	Developer Tools	87	Zcode Mobile	越 王	2026-08-25	5	3.8	2026-08-25	0.00	6801154272
free	Developer Tools	88	eNES: NES & SNES Retro Emu	Mattia La Spina	2024-05-09	184	4.42	2026-08-19	0.00	6499447166
free	Developer Tools	89	Pyroid	TERMUX LIMITED LIABILITY COMPANY	2026-01-27	85	4.6	2026-09-22	0.00	6758005480
free	Developer Tools	90	Tester - Super Intelligence	FJEDI	2021-10-19	577	4.72	2026-10-03	0.00	1575521212
free	Developer Tools	91	Sticky -  AI Game Maker	Sticky NFT Marketplace Ltd.	2020-03-25	8810	4.5	2026-09-12	0.00	1497044357
free	Developer Tools	92	Codex Relay - Remote Codex App	Kang Sungyu	2026-05-11	56	4.18	2026-10-03	0.00	6764463488
free	Developer Tools	93	NFC Reader & Writer – NFC Tool	裕涛 兰	2026-03-24	3	5	2026-03-26	0.00	6760646021
free	Developer Tools	94	STL & 3D Model Viewer - Mes3D	ONNEX YAZILIM ANONIM SIRKETI	2026-04-18	12	4.5	2026-10-01	0.00	6761634572
free	Developer Tools	95	Nowdex	涛南 卢	2026-07-20	9	4.56	2026-09-30	0.00	6791450777
free	Developer Tools	96	Jayson	Simon B. Støvring	2019-02-01	433	4.51	2026-09-10	0.00	1447750768
free	Developer Tools	97	黑洞加速器VPN-高速连接全球网络加速	YuTina	2026-09-17	0	0	2026-09-18	0.00	6753352219
free	Developer Tools	98	Python Editor App	Andromeda Corp LTD	2023-02-19	6443	4.13	2026-05-16	0.00	1672453872
free	Developer Tools	99	Carnets - Jupyter	Nicolas Holzschuch	2019-04-17	318	4.57	2025-11-26	0.00	1450994949
free	Developer Tools	100	ZScripter: Visual Novel Player	Connor Kulczytzky	2026-06-24	39	4.82	2026-09-30	0.00	6782178844
free	Graphics & Design	1	AI Maker: Photo Video Filters	Hungry Birds	2025-11-16	15103	4.43	2026-09-30	0.00	6753982990
free	Graphics & Design	2	Google Flow	Google	2026-09-09	69	3.93	2026-09-29	0.00	6751294549
free	Graphics & Design	3	Kling AI: AI Image&Video Maker	KLING AI PTE. LTD.	2025-01-06	31513	4.68	2026-09-11	0.00	6738049229
free	Graphics & Design	4	ThemePack: Widgets & Wallpaper	ThemePack.Inc	2022-04-12	478269	4.7	2026-09-30	0.00	1616629991
free	Graphics & Design	5	Gallerie Wallpapers	Sibelius Studios LLC	2025-11-01	3834	4.68	2026-07-30	0.00	6752269317
free	Graphics & Design	6	AI Home Design: Interior DecAI	COOL SUMMER LIMITED	2024-05-23	33691	4.57	2026-09-03	0.00	6502747597
free	Graphics & Design	7	ibis Paint X	ibis inc.	2011-08-01	298728	4.71	2026-09-29	0.00	450722833
free	Graphics & Design	8	AR Drawing: Sketch & Paint	Digital Solutions Technologies Limited	2023-05-02	92522	4.49	2026-09-19	0.00	6448484908
free	Graphics & Design	9	Themify - Widget & Icon Themes	AIBY	2020-10-02	343731	4.56	2026-09-17	0.00	1534126062
free	Graphics & Design	10	Pose: AI Photo Video Generator	Spark Dynamic	2025-02-05	145254	4.66	2026-09-21	0.00	6737417022
free	Graphics & Design	11	iScreen - Widgets & Wallpaper	Xiamen ShenZhuo Information Technology Co., Ltd.	2020-11-25	151687	4.74	2026-09-29	0.00	1534704608
free	Graphics & Design	12	Silly Fun Smile Live Wallpaper	Hypernova Limited	2026-04-21	6988	4.44	2026-09-08	0.00	6761900294
free	Graphics & Design	13	WallPics - Live Wallpapers 4K	IgKnight Technologies Ltd	2023-03-28	50341	4.7	2026-10-03	0.00	6446832902
free	Graphics & Design	14	AI Video Generator + Creator	Plus Apps Bilisim Teknolojileri Reklamcilik Limited Sirketi	2023-06-07	13798	4.36	2026-09-21	0.00	6446647507
free	Graphics & Design	15	Themie: Wallpapers & Theme	Lutech-DN	2023-09-28	24852	4.42	2026-09-29	0.00	6466241694
free	Graphics & Design	16	Creati: Gen AI Content Creator	IMGCreator Limited	2024-03-08	15493	4.54	2026-08-21	0.00	6478513085
free	Graphics & Design	17	Artrace: AR Drawing & Sketch	Braly	2024-01-30	69705	4.67	2026-09-27	0.00	6475700817
free	Graphics & Design	18	Adobe Express: Create Anything	Adobe Inc.	2015-12-17	368584	4.83	2026-09-25	0.00	1051937863
free	Graphics & Design	19	Colliz – DIY Wallpaper Craft	Braly	2025-09-22	1497	3.46	2026-08-25	0.00	6752289576
free	Graphics & Design	20	Layout - Photo Collage Maker	Fitness Labs	2019-12-11	46919	4.63	2026-09-25	0.00	1472157401
free	Graphics & Design	21	Cool Themes & Fonts: Cute Text	Kika Tech (HK) Holdings Co., Limited	2023-05-18	67367	4.67	2026-09-24	0.00	6447543971
free	Graphics & Design	22	PicTrace: AR Drawing & Sketch	AvnTech Inc.	2024-07-05	58508	4.6	2026-08-21	0.00	6504559449
free	Graphics & Design	23	Cricut Design Space	Cricut, Inc.	2014-06-04	745596	4.74	2026-09-29	0.00	749471884
free	Graphics & Design	24	AI Video Generator - Vidmor	APPINNOVATORS LIMITED	2024-11-13	5250	4.39	2026-09-11	0.00	6737960820
free	Graphics & Design	25	‎AI Remodel — Interior Design	PulseApps Solutions OÜ	2024-05-09	24325	4.56	2026-10-01	0.00	6477533581
free	Graphics & Design	26	Dreamina AI: Image&Video Maker	Bytedance Pte. Ltd	2026-08-20	29	3.45	2026-09-07	0.00	6749606485
free	Graphics & Design	27	ThemeKit: Widget & Icon Themes	PIXELSPARK TECHNOLOGY LIMITED	2022-04-22	25020	4.6	2026-10-01	0.00	1602458018
free	Graphics & Design	28	Mico - Widget & Live Wallpaper	Unbing International Limited	2022-09-15	99717	4.71	2026-09-16	0.00	1640653011
free	Graphics & Design	29	Glabu	Northbridge Labs Inc	2026-05-18	32	3.91	2026-07-25	0.00	6764781870
free	Graphics & Design	30	Sketchbook®	Sketchbook, Inc	2014-10-08	220516	4.77	2026-06-01	0.00	883738213
free	Graphics & Design	31	ThemeArt: Widgets & App icons	Hypernova Limited	2026-05-28	3351	4.48	2026-08-28	0.00	6769700956
free	Graphics & Design	32	Body Editor.	Best Cool Apps LLC	2019-09-26	9561	4.47	2026-09-04	0.00	1473047769
free	Graphics & Design	33	Pocket: Make Gizmos	Meta Platforms, Inc.	2026-08-20	1266	4.88	2026-09-30	0.00	6761221765
free	Graphics & Design	34	Pixelcut AI Photo Editor	Pixelcut Inc.	2020-11-03	220218	4.74	2026-09-21	0.00	1534785237
free	Graphics & Design	35	Wallcraft – Wallpapers, live	VOLKRAFT	2018-03-15	163477	4.57	2026-09-17	0.00	1348676585
free	Graphics & Design	36	ARtie Lab: AR Drawing & Sketch	TenetApps	2025-11-11	5649	4.7	2026-05-06	0.00	6754274246
free	Graphics & Design	37	Artmate: Drawing Together	Braly	2025-04-11	8789	4.78	2026-10-03	0.00	6744084538
free	Graphics & Design	38	FlipaClip: Draw 2D Animation	Visual Blasters LLC	2017-03-04	267357	4.6	2026-09-28	0.00	1101848914
free	Graphics & Design	39	Piñata Farms Meme Generator	Pinata Farms	2020-11-30	48818	4.78	2026-09-17	0.00	1461925825
free	Graphics & Design	40	Themelia: Theme & Widget	WOOHOO LIMITED	2023-10-04	14330	4.56	2026-09-22	0.00	6467189759
free	Graphics & Design	41	AR Drawing App - Sketchify	Fitness Training Global	2024-10-01	4407	4.6	2026-09-10	0.00	6670242138
free	Graphics & Design	42	Reface: AI Face Swap & Editor	NEOCORTEXT, INC.	2019-12-23	495871	4.76	2026-09-17	0.00	1488782587
free	Graphics & Design	43	Walliz – DIY Wallpaper Collage	Hypernova Limited	2026-04-09	1409	4.53	2026-08-13	0.00	6761348824
free	Graphics & Design	44	Emoji Battery Charging	Hypernova Limited	2026-09-09	200	4.36	2026-09-09	0.00	6803819743
free	Graphics & Design	45	ThemeMate DIY Themes & Widgets	GEARVN TRADING COMPANY LIMITED	2025-10-10	20610	4.55	2026-09-08	0.00	6753586211
free	Graphics & Design	46	CarTheme: Car Widgets & Sounds	Barys Bandarenko	2025-11-18	130	4.36	2026-09-29	0.00	6754510479
free	Graphics & Design	47	Widgy Widgets: Home/Lock/Watch	Woodsign	2020-10-10	26117	4.65	2026-09-17	0.00	1524540481
free	Graphics & Design	48	Home Style AI: Interior Design	Lumetro LLC	2025-08-12	2526	4.57	2026-08-12	0.00	6748883633
free	Graphics & Design	49	Shareani	云攀 朱	2026-04-20	96	4.85	2026-09-15	0.00	6762256329
free	Graphics & Design	50	RevReel: AI Car Edits	Applitude LLC	2026-08-25	212	4.79	2026-10-03	0.00	6800568794
free	Graphics & Design	51	Glow Finger Spinner Art App	Braly	2025-07-23	903	4.29	2026-10-02	0.00	6747794879
free	Graphics & Design	52	Adobe Firefly AI Video & Photo	Adobe Inc.	2025-06-17	10444	4.7	2026-09-30	0.00	6742595426
free	Graphics & Design	53	Handy - Live Widget Wallpaper	FAT, LLC	2022-01-16	24960	4.55	2026-08-26	0.00	1595736086
free	Graphics & Design	54	iThemes - Easy Widgets & Icons	HONGKONG KOALA MOBILE LIMITED	2025-01-22	5751	4.8	2026-09-23	0.00	6740616658
free	Graphics & Design	55	Home AI - AI Interior Design	HUBX	2024-04-05	160376	4.53	2026-09-10	0.00	6464476667
free	Graphics & Design	56	Emoji Maker: Emoji Up	Mobile entertainment srl	2020-07-07	66095	4.75	2026-09-14	0.00	1506728185
free	Graphics & Design	57	Themes: Wallpaper & Widgets	Cogniflow Systems Limited	2025-03-26	6129	4.5	2026-08-03	0.00	6742743085
free	Graphics & Design	58	Da Vinci Eye: AR Trace & Draw	Da Vinci Eye LLC	2016-06-16	11742	4.55	2026-09-29	0.00	1120304868
free	Graphics & Design	59	AI Emoji: Swipemoji	Mobile entertainment srl	2025-02-19	25410	4.72	2026-09-12	0.00	6739784125
free	Graphics & Design	60	Genmoji: AI Emoji Maker - Mix	Emoji Apps GmbH	2010-02-24	7409	4.63	2026-08-15	0.00	357563302
free	Graphics & Design	61	House AI: AI Room Design, Home	Hungry Birds	2025-09-02	7034	4.43	2026-09-17	0.00	6749636465
free	Graphics & Design	62	ThemeX: App Icons & My Widgets	CEM SOFTWARE LTD	2024-11-14	31603	4.21	2026-10-02	0.00	6738174922
free	Graphics & Design	63	Remodel AI - Home Design	REIMAGE AI INC.	2023-04-18	14884	4.7	2026-10-02	0.00	6446040791
free	Graphics & Design	64	Leonardo.Ai - Image Generator	Leonardo Interactive Pty Ltd	2023-08-03	10997	4.83	2026-09-30	0.00	1662773014
free	Graphics & Design	65	Clockology Watch Faces	Clockology, LLC	2020-06-14	56515	4.8	2026-10-04	0.00	1456386228
free	Graphics & Design	66	Pika - AI Video	Mellis, Inc.	2024-12-16	4166	4.73	2026-07-15	0.00	6680155400
free	Graphics & Design	67	Brother Artspira	Brother Industries, LTD.	2022-09-27	6487	4.55	2026-09-14	0.00	1590796710
free	Graphics & Design	68	AI Generator - Photo Revive	Hong Kong Lavish Limited	2024-11-27	12932	4.58	2026-09-30	0.00	6738237021
free	Graphics & Design	69	3DMockups – Clothes Designer	Endder Sabino	2025-01-31	9864	4.72	2026-09-24	0.00	6739668223
free	Graphics & Design	70	Lazy Lighting	AUDITY APPS LLC	2025-09-21	364	4.55	2026-09-20	0.00	6751762579
free	Graphics & Design	71	Parallel Me	Rishabh Luhar	2026-07-02	3	1.67	2026-09-28	0.00	6780807931
free	Graphics & Design	72	ArtCoach:Learn to Draw & Paint	PIXELCELL.LIMITED	2025-12-24	1484	4.71	2026-09-28	0.00	6756040750
free	Graphics & Design	73	Widgify:Widget&Wallpapers	SunnyScorpio(HK)Mobile Limited	2023-09-25	21103	4.6	2026-09-28	0.00	6449579793
free	Graphics & Design	74	AR Projector Tracing & Drawing	Aesthetic Apps & Widgets srl	2023-07-03	6576	4.35	2026-02-09	0.00	6450824634
free	Graphics & Design	75	WidgetClub:Widget, Theme, Icon	Liume, Inc	2021-09-25	2518	4.7	2026-10-02	0.00	1580284904
free	Graphics & Design	76	Provideo:AI Video & Mini Vlog	JEWEL LIMITED	2026-04-08	236	4.21	2026-09-01	0.00	6756776435
free	Graphics & Design	77	Filmit : AI Cinematic Video	XIANG GANG RADIANCE LIMITED	2026-01-23	460	4.29	2026-10-02	0.00	6755591057
free	Graphics & Design	78	AI Tattoo Generator・Tattooist	Video editor & maker app	2025-04-01	1469	4.31	2026-09-22	0.00	6742195872
free	Graphics & Design	79	Figma	Figma Inc.	2016-09-27	20916	4.62	2026-09-30	0.00	1152747299
free	Graphics & Design	80	iland - 4K Wallpapers	Pal Patel	2025-04-17	381	4.33	2026-09-14	0.00	6742477423
free	Graphics & Design	81	Tattoo Design Try On - Tatship	Convinced Creations Company Limited	2025-06-27	1116	4.71	2026-09-21	0.00	6746807416
free	Graphics & Design	82	Aesthetic: App icons & Widgets	Aesthetic Apps & Widgets srl	2020-11-16	45908	4.55	2025-10-31	0.00	1538543750
free	Graphics & Design	83	Munbyn Print	Guangzhou Munbyn Technology Co. Limited	2022-06-30	1533	4.5	2026-09-17	0.00	1629319392
free	Graphics & Design	84	Themeo: Themes, Control Center	Lemora Technology Limited	2026-06-06	30	4.57	2026-09-23	0.00	6767828999
free	Graphics & Design	85	Future Self Face Aging Changer	AvnTech Inc.	2024-10-14	2000	4.4	2026-09-19	0.00	6670479357
free	Graphics & Design	86	Themes: Fancy Widgets, Icons	晓夏 卢	2021-06-28	80798	4.67	2026-10-01	0.00	1573555217
free	Graphics & Design	87	Tattoo AI - Tattoo Design	HUBX	2024-06-15	51004	4.55	2026-09-01	0.00	6479689893
free	Graphics & Design	88	Remodel AI - Home Room Design	Yajun Yang	2023-06-14	725	3.5	2026-09-23	0.00	6449718419
free	Graphics & Design	89	AI Home Decor-Interior Design	Wildsmyth AI	2025-07-09	7449	4.75	2026-09-14	0.00	6748313878
free	Graphics & Design	90	‎iArtbook	Alexander Kondrashov	2019-02-08	11621	3.8	2026-01-07	0.00	1451457615
free	Graphics & Design	91	Modyfy: AI Car Designer	Papcorns AŞ	2026-05-24	1342	4.42	2026-09-11	0.00	6762754163
free	Graphics & Design	92	yes&: AI Video & Camera	Inspova, Inc.	2026-09-04	87	4.84	2026-09-18	0.00	6784614916
free	Graphics & Design	93	Logo Maker - AI Art Design	COOL SUMMER LIMITED	2025-05-22	3831	4.28	2026-09-21	0.00	6745779947
free	Graphics & Design	94	Prêt à Template	Prêt-à-Template	2014-03-27	13351	4.22	2026-09-29	0.00	839537579
free	Graphics & Design	95	3D modeling: Design my model	Core five, Inc.	2022-07-06	14492	4.55	2026-08-31	0.00	1583923782
free	Graphics & Design	96	AR Drawing Sketch AI - ArtEasy	AI Art Apps	2024-11-07	9242	4.57	2026-10-02	0.00	6698868958
free	Graphics & Design	97	Meshy AI: 3D Print Model Maker	Meshy LLC	2026-09-06	66	4.59	2026-09-29	0.00	6761040759
free	Graphics & Design	98	Themefy: Widgets & Wallpaper	Pinjal Maniya	2026-06-07	191	4.31	2026-09-19	0.00	6761878815
free	Graphics & Design	99	Photo Widget: Theme Wallpapers	Photo Widget Inc.	2020-09-16	168398	4.65	2026-09-24	0.00	1530149106
free	Graphics & Design	100	CyberPlayer-Hero Post tools	Vidhu Sinha	2026-07-17	43	4.3	2026-07-22	0.00	6780787005
paid	Business	1	HotSchedules	HotSchedules	2008-10-30	67306	4.6	2026-09-28	2.99	294934058
paid	Business	2	Jump Desktop (RDP, VNC, Fluid)	Phase Five Systems	2010-04-01	1683	4.5	2026-09-26	14.99	364876095
paid	Business	3	ecMobile	e-Courier, Inc.	2013-02-15	230	2.06	2026-09-20	9.99	601159497
paid	Business	4	PayToPark	H Valeur	2026-07-30	1	5	2026-09-17	2.99	6467678289
paid	Business	5	TurboScan™ Pro: PDF scanner	Piksoft Inc.	2009-12-07	296773	4.92	2026-04-14	12.99	342548956
paid	Business	6	Voice Recorder - Audio Record	LiveBird Technologies Private Limited	2014-11-20	17089	4.71	2026-04-24	5.99	936694037
paid	Business	7	FileBrowser Professional	Stratospherix Ltd	2014-04-17	1546	4.67	2026-08-25	14.99	854618029
paid	Business	8	Cold Call X: Sales Dialer	Vadym Berberian	2025-09-04	70	4.76	2026-10-01	19.99	6751245004
paid	Business	9	Superpowers by SYPartners	SYPartners LLC	2018-01-11	35	4.43	2026-03-11	3.99	1309752471
paid	Business	10	Intercard iService App	Intercard Inc	2017-05-17	12	1.67	2026-08-06	19.99	1217518186
paid	Business	11	Audio Memos	Imesart S.a.r.l.	2009-11-25	705	4.61	2026-04-23	0.99	338550388
paid	Business	12	Decimal To Fraction Converter	Manfred Breede	2012-03-13	5	1	2024-04-17	0.99	507604935
paid	Business	13	Hair Stylist Appointments	JZ Mobile LLC	2013-03-26	11	3.45	2025-11-03	7.99	599705328
paid	Business	14	DynaLink	DynaLink	2018-03-12	3	2.67	2026-02-26	1.99	1258019002
paid	Business	15	Genius Scan Enterprise - PDF	The Grizzly Labs	2010-12-15	17804	4.89	2026-09-21	49.99	401818935
paid	Business	16	WinFab - Sheet Metal Ductulator	pasquale dipaola	2017-03-08	6	4.83	2017-03-08	3.99	1212427529
paid	Business	17	ScanBizCards	ScanBiz Mobile Solutions L.P.	2009-10-28	13760	4.58	2026-08-27	0.99	335047649
paid	Business	18	Quick2257	Lawrence Walters	2013-12-09	13	3.08	2023-08-24	0.99	774662043
paid	Business	19	SketchCut PRO	Vladimir Rudenko	2016-06-14	8	3.88	2023-08-18	7.99	1119117405
paid	Business	20	JotNot Scanner App Pro	MobiTech 3000 LLC	2009-03-26	30324	4.88	2020-12-18	6.99	307868751
paid	Business	21	TapeACall Pro: Call Recorder	Mosaic S.r.l.	2013-01-21	18451	4.52	2025-02-13	10.99	577499909
paid	Business	22	FAX from iPhone & iPad App	BPMobile	2016-09-01	13789	4.59	2024-03-15	3.99	1135811739
paid	Business	23	FaxCover - Fax Cover Sheet	Actual Software Inc.	2021-01-14	1003	4.93	2021-04-14	1.99	1447325991
paid	Business	24	ITI Calc	Calculated Industries	2021-03-24	11	4.64	2021-03-24	24.99	1554333435
paid	Business	25	Check Generator	Jason Hatzelis	2025-06-10	4	4.5	2026-08-01	0.99	6746970166
paid	Business	26	OpenDocument Reader Pro	Stefl und Taschauer OG	2019-02-15	292	4.19	2026-10-03	3.99	1452061743
paid	Business	27	FTPManager Pro	Skyjos Co., Ltd.	2012-05-03	1042	4.72	2026-06-18	2.99	522627917
paid	Business	28	Documents	Savy Soda Pty Ltd	2008-11-20	4498	4.53	2025-01-31	4.99	295798315
paid	Business	29	Mocha VNC	MochaSoft	2019-02-11	15	4.2	2026-03-03	5.99	284981670
paid	Business	30	Vibration	Diffraction Limited Design LLC	2009-01-12	10	4.5	2026-10-01	9.99	301097580
paid	Business	31	Gamma Calculator Pro	Gerrit kleyn Winkel	2014-05-05	19	3.58	2026-03-20	3.99	867478383
paid	Business	32	ABBYY Business Card Reader Pro	ABBYY USA Software House Inc	2009-12-23	2554	4.58	2025-09-18	59.99	347345474
paid	Business	33	Countertops Draw	Simple App Solutions	2022-04-21	17	3.82	2022-04-22	4.99	1617910987
paid	Business	34	KoolerIce	Prism Systems, Inc.	2010-09-02	1	2	2023-11-29	19.99	389226881
paid	Business	35	Cattle Weight Estimator	H3 Apps, LLC	2025-03-11	0	0	2025-03-11	1.99	6743064135
paid	Business	36	TLE Leads Scanner	Jerry Short	2018-10-08	1	1	2026-09-10	44.99	1438059083
paid	Business	37	Feed Mix Calculator	H3 Apps, LLC	2019-10-15	0	0	2025-03-22	1.99	1483252294
paid	Business	38	Gov Job Search	Apperdashery LLC	2013-12-05	337	3.66	2026-09-16	1.99	737292153
paid	Business	39	ScanMaster for ELM327 OBD-2	SMART Technologies GmBH	2017-12-11	155	4.01	2017-12-11	4.99	1323914943
paid	Business	40	AWRI Winemaking Calculators	The Australian Wine Research Institute	2013-07-14	0	0	2023-09-11	5.99	670156890
paid	Business	41	Cashister	Patrick Murphy	2017-11-15	5	3.4	2025-10-27	2.99	1272464133
paid	Business	42	Cattle Records Program	Josiah Plett	2026-04-30	0	0	2026-07-07	19.99	6762529540
paid	Business	43	Account Ledger	Manu Gupta	2014-08-05	0	0	2026-08-04	0.99	903834003
paid	Business	44	FlashQuote	African Techno	2026-04-07	0	0	2026-04-08	0.29	6761631585
paid	Business	45	Rentalizer	Richie Matthews	2024-10-14	3	3.33	2024-10-14	8.99	6736516108
paid	Business	46	Cattle Weight Pro	Anass Damri	2025-06-29	0	0	2025-06-30	1.99	6747881785
paid	Business	47	Invoice Maker: WerxOS	CODY JON KUBINAK	2026-07-30	0	0	2026-07-30	11.99	6786399636
paid	Business	48	Speech Maker	Ronald Steinvorth	2026-08-18	0	0	2026-09-14	5.99	1560937558
paid	Business	49	Field Drawing	DC-Matic	2020-02-12	0	0	2026-06-03	0.99	1498432459
paid	Business	50	Liberty Item Entry	Resaleworld.com, Inc.	2011-08-31	1	1	2024-10-21	0.99	447459162
paid	Business	51	Billable Hours Goal Tracker	LMWA HOLDINGS LLC	2026-05-28	2	5	2026-09-04	0.99	6772830421
paid	Business	52	Access Database Viewer: MDB AI	伟 王	2026-03-13	1	4	2026-09-14	4.99	6760214171
paid	Business	53	Libreoffice Viewer .	Aditya Wagh	2022-11-20	10	1	2023-02-27	2.99	6444574623
paid	Business	54	Profit Story	VooZu Promotions LLC	2010-11-16	15	3.8	2015-01-30	2.99	391312617
paid	Business	55	Concrete QC	Samuel Klucker	2026-09-25	0	0	2026-09-25	9.99	6778566291
paid	Business	56	SwingSound Golf	Marius Filmalter	2020-08-27	19	5	2022-11-09	14.99	1524363807
paid	Business	57	A.T.O.C.	Jacob Knight	2026-01-07	13	3.62	2026-06-18	4.99	6756678460
paid	Business	58	Balloon Brain	Sarah Smith	2026-05-12	0	0	2026-07-11	5.99	6764686900
paid	Business	59	Shop It Timer Notes	Saketh Ashvapuram	2012-08-27	33	4.42	2025-03-15	1.99	552688042
paid	Business	60	Barcode Generator Unlimited	Nicolae Gherasim	2017-09-23	64	4.17	2026-09-17	3.99	1254365251
paid	Business	61	Payrollguru	Payrollguru, Inc.	2011-05-02	39	3.21	2026-01-08	4.99	430034169
paid	Business	62	Pipe Fitting 33	Carl Matlock	2026-02-18	1	5	2026-02-18	0.99	6759087101
paid	Business	63	Voice-activated Recorder	Hongwen Yang	2013-02-16	15	2.2	2018-11-19	1.99	598268211
paid	Business	64	Purchase Quote Compare2026	Nanjing Yunxiaochuang Technology Co., Ltd	2026-06-17	0	0	2026-08-04	0.29	6780546755
paid	Business	65	PrintCentral Pro for iPhone	EuroSmartz Ltd	2011-04-13	308	4.45	2026-04-29	4.99	427761719
paid	Business	66	Flood Zone Map	Ikonetics	2014-10-13	0	0	2025-12-27	1.99	908554933
paid	Business	67	NX-V PRO	Philip Bishop	2022-03-12	3	4.33	2026-10-02	9.99	1609551580
paid	Business	68	Pipeline Metrics	DAVID WAYNE WRIGHT	2026-07-21	0	0	2026-07-21	12.99	6790232589
paid	Business	69	Remote Desktop - RDP	MochaSoft	2019-02-12	23	3.39	2025-08-10	5.99	288362053
paid	Business	70	SA Contacts	ShenZhen SamApp Technology Development Co., Ltd	2010-07-01	57	4.49	2025-12-14	4.99	379262343
paid	Business	71	Fast Scanner - PDF Doc Scan	Hang Nguyen	2013-01-12	748	4.67	2025-12-14	4.99	586166344
paid	Business	72	Database Manager for MS Access	强 李	2014-03-17	3	2.33	2023-11-02	9.99	837019622
paid	Business	73	TN5250	MochaSoft	2019-02-11	14	3	2026-02-26	29.99	284741179
paid	Business	74	Photo to PDF Converter	建伟 徐	2011-10-18	2	1	2019-03-26	4.99	472219505
paid	Business	75	VSD Viewer for Visio Drawings	Nektony LLC	2012-07-02	11	3.27	2023-09-01	9.99	538386564
paid	Business	76	Scan It All Pro	BitsAbound Inc	2014-02-08	47	3.79	2026-04-16	0.99	805947348
paid	Business	77	Active Directory Assist Pro	BitsAbound Inc	2014-01-15	5	3.8	2022-09-30	19.99	738316197
paid	Business	78	BlindsBook Drapery Calculator	BlindsBook Corp	2018-03-14	7	4.43	2026-05-30	0.99	1357933382
paid	Business	79	R-Log	Robert Stringham	2017-04-12	11	4.36	2018-01-04	1.99	1225244696
paid	Business	80	Business Ledger	Manu Gupta	2012-02-29	1	1	2026-08-27	0.99	505092339
paid	Business	81	IRIScan to PDF	I.R.I.S. s.a.	2014-07-19	5	2.2	2017-10-03	0.99	877581806
paid	Business	82	AccuTerm Mobile	Rocket Software	2015-03-26	6	3	2022-08-12	9.99	959065083
paid	Business	83	MDScan + OCR	Mikhail Kuznetsov	2022-02-08	139	4.74	2026-09-24	4.99	1607762443
paid	Business	84	Decimal To Fraction Plus	Manfred Breede	2013-08-20	2	3	2025-01-07	1.99	688975004
paid	Business	85	DocScanner - Scan Documents, Receipts, Biz Cards	Abhay Vala	2015-11-30	2	1	2016-09-16	1.99	1061473017
paid	Business	86	Tapline: Digital Business Card	Utility Forces LLC	2026-07-21	0	0	2026-07-21	1.49	6790158700
paid	Business	87	Order Book	Simon Frost	2019-12-16	5	4.4	2022-12-22	2.99	1479348629
paid	Business	88	Barcode Copy: Scan Barcodes	Anthony Harvey	2022-01-10	6	5	2026-08-10	0.89	1604002709
paid	Business	89	Receivable Payment Ledger2026	Nanjing Yunxiaochuang Technology Co., Ltd	2026-06-17	0	0	2026-08-04	0.29	6780627870
paid	Business	90	Optician Roadmap	Maite Clifton	2026-08-25	1	5	2026-10-01	1.99	6803188264
paid	Business	91	Where The Bleep	John Hamson	2026-04-22	0	0	2026-09-14	3.99	6758922636
paid	Business	92	Sales Order Pro	TeksuiteHQ LLC	2026-07-09	0	0	2026-07-09	5.99	6779769596
paid	Business	93	FieldGrade	Timmy Faneuf	2026-10-01	1	5	2026-10-02	9.99	6816181064
paid	Business	94	linkitylink HF	HomeVentory, Inc	2026-09-30	0	0	2026-09-30	9.99	6808065892
paid	Business	95	Date Wheel date calculator	Creative Algorithms	2009-08-20	97	4.72	2015-09-16	4.99	325207575
paid	Business	96	Family Herd	Chris Strobel	2026-09-27	1	5	2026-10-01	19.99	6809288776
paid	Business	97	Inventory & POS - SellStock	Franyer Verjel Arevalo	2026-02-09	1	5	2026-09-24	29.99	6758813266
paid	Business	98	Attendant Pro for Zoom	Think Tap Work	2020-10-22	20	4.9	2026-06-09	49.99	1536586951
paid	Weather	1	RadarScope	Base Velocity, LLC	2019-02-12	2786	4.17	2026-09-21	9.99	288419283
paid	Weather	2	MyRadar Weather Radar Pro	Aviation Data Systems, Inc	2009-08-09	43016	4.84	2026-09-21	5.99	325683306
paid	Weather	3	My Lightning Tracker Pro	JRustonApps B.V.	2016-11-16	6054	4.81	2026-09-15	4.99	1175031995
paid	Weather	4	RadarOmega: Doppler Radar App	SDS Weather LLC	2019-03-14	904	3.55	2026-07-15	8.99	1439881811
paid	Weather	5	Best Hunting Times	K SOLUTION LLC	2011-10-03	59	4.03	2022-01-19	2.99	467953363
paid	Weather	6	River Levels & Flows	LW Brands, LLC	2020-04-21	2643	4.59	2026-09-06	2.99	1508808963
paid	Weather	7	My Aurora Forecast Pro	JRustonApps B.V.	2016-01-26	2924	4.8	2026-09-15	3.99	1075462280
paid	Weather	8	Foggy: Bay Area Fog Tracker	Nyfik, Inc.	2026-06-22	20	4.9	2026-09-28	5.99	6754467968
paid	Weather	9	My Earthquake Alerts Pro	JRustonApps B.V.	2015-04-04	5999	4.77	2026-09-15	2.99	975770717
paid	Weather	10	Spotter Tools Pro: Storm Radar	DUSTIN GARNER	2026-06-06	6	5	2026-10-02	19.99	6775985245
paid	Weather	11	Shooting Light: Hunt Clock	37 South, LLC	2021-02-16	24	4.62	2026-10-02	2.99	1553587857
paid	Weather	12	RainAware	RainAware LLC	2012-02-29	1068	3.92	2026-09-28	4.99	503757271
paid	Weather	13	Metar-Taf	Eveline van den Boom	2022-02-08	579	4.83	2026-09-27	5.99	1608949422
paid	Weather	14	NOAA Weather Radio	Christopher Coudriet	2011-01-03	9702	4.25	2026-09-06	4.99	410148139
paid	Weather	15	Hanalei River	ONOSOL LLC	2021-12-18	22	4.5	2026-09-25	0.99	1599017267
paid	Weather	16	AeroWeather Pro	Lakehorn AG	2010-06-30	356	3.68	2026-10-02	4.79	378120971
paid	Weather	17	Thermometer: Local Temperature	LionsApp di Nallbati Elton	2014-04-11	5	4	2026-09-12	2.99	839999161
paid	Weather	18	Windfinder Pro: Wind & Weather	Windfinder	2009-11-15	15317	4.82	2026-09-16	12.99	336901296
paid	Weather	19	My Hurricane Tracker Pro	JRustonApps B.V.	2015-07-25	5733	4.78	2026-09-15	3.99	1020486527
paid	Weather	20	Modern METAR Widget	Sean Heiken	2026-02-06	43	4.81	2026-09-26	0.99	6758589017
paid	Weather	21	My Moon Phase Pro - Alerts	JRustonApps B.V.	2016-04-27	2600	4.88	2026-09-18	3.99	1104649303
paid	Weather	22	Fishing Deluxe	Sergey Vdovenko	2011-12-06	496	4.47	2026-09-20	2.99	485251405
paid	Weather	23	WeatherFX	Antikytherus	2012-08-29	16	2.19	2015-10-18	0.99	539498084
paid	Weather	24	Radar Now: Rain and Snow Map	Mykhailo Davydovych	2025-04-28	1	5	2026-08-04	9.99	6744972823
paid	Weather	25	Earthquake Network	Futura Innovation SRL	2019-06-05	2154	4.56	2026-04-03	1.99	1449893235
paid	Weather	26	Weather Mate Pro - Forecast	DylogicApps Pvt Ltd	2013-03-12	6150	4.66	2026-09-02	7.99	608515289
paid	Weather	27	彩云天气Pro	Beijing ColorfulClouds Technology Co., Ltd.	2016-02-16	232	2.66	2026-09-11	14.99	1067198688
paid	Weather	28	Mountain Visibility Forecast	Leah Gerber	2026-09-24	3	5	2026-10-02	1.99	6810003955
paid	Weather	29	Lite Sky	Jack Setton	2026-10-01	0	0	2026-10-01	4.99	6815078809
paid	Weather	30	WeatherPro	DTN Germany GmbH.	2008-11-10	3851	4.68	2026-09-21	0.99	294631159
paid	Weather	31	Hunting Calendar Deluxe	Sergey Vdovenko	2012-04-10	336	4.48	2026-08-21	2.99	516492507
paid	Weather	32	Weather Time Widget	LaunchSpace LLC	2026-03-25	1	5	2026-09-03	0.99	6761026960
paid	Weather	33	Wind & Tides: Marine Forecasts	Two Bit Labs	2011-07-01	408	4.75	2026-07-25	4.99	447112326
paid	Weather	34	NW Florida Beach Flags	Paul Rosenthal	2026-06-24	2	5	2026-07-16	0.99	6782753571
paid	Weather	35	Tides PRO - Tide Times	Elecont LLC	2015-09-22	388	4.54	2023-03-16	3.99	1016528618
paid	Weather	36	eWeather HD - Weather & Alerts	Elecont LLC	2010-11-09	8714	4.67	2026-09-16	4.99	401533966
paid	Weather	37	NOAA Weather Radar	Christopher Coudriet	2012-01-24	536	4.54	2026-09-06	1.99	486059426
paid	Weather	38	Wind App	Piet Jonas	2012-06-02	6	2.33	2018-09-29	0.99	530225248
paid	Weather	39	Storm Chasers	Jason Vance	2011-01-17	3	4.33	2019-10-25	1.99	409496783
paid	Weather	40	CelsiusFahrenheit	John Miller	2026-04-16	1	5	2026-09-21	0.99	6760893492
paid	Weather	41	Water Temperature: Cold Plunge	Joe Waldow	2026-07-21	1	5	2026-09-10	4.99	6790916874
paid	Weather	42	Thermo-hygrometer	MORETHAN APPS	2012-01-25	1901	4.66	2026-09-30	3.99	495546638
paid	Weather	43	Ocean Water Temperature	LW Brands, LLC	2017-07-28	171	3.63	2023-05-22	1.99	1264913159
paid	Weather	44	PocketGrib	Nicko Brennan	2011-04-06	576	4.83	2018-09-12	5.99	429394638
paid	Weather	45	Doge Weather	Relapse, LLC	2014-02-03	124	4.84	2023-03-20	0.99	808357406
paid	Weather	46	Fishing Barometer - Fishermen	LionsApp di Nallbati Elton	2017-12-17	93	4.15	2026-03-29	5.99	1314407112
paid	Weather	47	Snowtam	Brendan Wholihan	2009-07-17	5	1.8	2014-11-19	3.99	322814201
paid	Weather	48	Solar Monitor 3	egrafic	2017-12-06	30	3.77	2018-10-04	6.99	1317284385
paid	Weather	49	Fireguard Wildfire Tracker	Qvyshift LLC	2022-03-30	5	4.6	2026-09-30	9.99	1609656462
paid	Weather	50	WBGT Estimator	James Liessmann	2024-12-18	2	4	2025-08-21	0.99	6739461541
paid	Weather	51	Pilot Charts	Johannes Wagener	2022-05-19	3	1.67	2026-02-24	5.99	1616211846
paid	Weather	52	Frost Watch	Eugene Mim	2026-03-31	3	5	2026-04-27	4.99	6761346646
paid	Weather	53	Degree Alarm	Lieder Digital, LLC	2026-08-25	0	0	2026-08-28	4.99	6801993058
paid	Weather	54	FaCe: Celsius & Fahrenheit	Mary Ogawa	2026-09-23	4	5	2026-09-29	0.99	6782408756
paid	Weather	55	NOAA Marine Forecast & Weather	LW Brands, LLC	2017-05-30	4928	4.65	2023-07-16	1.99	1242115154
paid	Weather	56	Storm Tracker° Pro	Impala Studios	2014-12-16	1054	4.59	2021-06-23	1.99	945662966
paid	Weather	57	Living Earth - Clock & Weather	Radiantlabs, LLC	2010-08-17	15531	4.77	2026-08-09	5.99	379869627
paid	Weather	58	PressureGauge6	Jack McCormack	2026-09-29	0	0	2026-10-03	0.99	6813262576
paid	Weather	59	Selene Moon Calendar	Thomas Erwin Stange	2026-03-17	0	0	2026-09-29	2.99	6760661273
paid	Weather	60	Radar HD Future Weather Radar	Elecont LLC	2011-12-14	242	4.41	2021-03-18	2.99	482617382
paid	Weather	61	Barometer Plus - Altimeter PRO	Ngo Na	2016-11-10	5	4	2025-10-04	3.99	1174281818
paid	Weather	62	RainTracker - Daily Weather Gauge	Aspyre Solutions	2010-04-23	15	2.2	2017-04-11	0.99	368484454
paid	Weather	63	CapeCodWeather.Net iOS App	Philip Burt	2026-06-02	0	0	2026-09-14	1.99	6759233313
paid	Weather	64	Snow Day Calculator	David Sukhin	2011-12-04	352	3.88	2020-12-15	0.99	480688850
paid	Weather	65	iDamage-Pushed	homedatasheet.com, Inc.	2010-03-11	37	3.38	2026-03-31	2.99	361098444
paid	Weather	66	My Tide Times Pro - Tide Chart	JRustonApps B.V.	2014-01-28	1183	4.81	2026-09-18	3.99	804031883
paid	Weather	67	Shralp Tide 2	shralpsoftware	2012-02-24	8	4.38	2024-10-13	1.99	504080766
paid	Weather	68	SailWindow	DIMITRY BRAZNICHENKO	2026-04-14	2	5	2026-09-23	0.99	6762101772
paid	Weather	69	Hygrometer - Air humidity	LionsApp di Nallbati Elton	2013-10-16	49	4.76	2026-09-15	2.99	716023568
paid	Weather	70	Thermo Hygrometer	LionsApp di Nallbati Elton	2016-12-20	2	3	2020-08-03	2.99	1175757480
paid	Weather	71	WDliveapp	Brian Hamilton	2014-10-28	3	1.67	2026-09-03	0.99	920378044
paid	Weather	72	A Civil Twilight	JSC BIZ, LLC	2026-06-15	0	0	2026-06-16	1.99	6779453136
paid	Weather	73	Tides Explorer	Lonnie Millett	2024-01-07	25	5	2026-09-16	5.00	6446066346
paid	Weather	74	SkyGrid: Live Weather & Radar	Pravinbhai Paghdal	2026-07-23	2	3	2026-09-14	1.99	6790096337
paid	Weather	75	Storm Recon	Bacon Cheese Frosting LLC	2026-09-28	0	0	2026-09-28	1.99	6775274069
paid	Weather	76	Golden Hour One	Michal Kus	2016-09-02	896	4.81	2024-06-17	3.99	1080118736
paid	Weather	77	Xasteria Plus - Astro Weather	Dimitrios Kechagias	2020-09-15	35	4.86	2026-09-29	1.99	1053736323
paid	Weather	78	Boating Weather	Blue Whale Apps Inc	2009-09-24	3421	4.76	2026-08-18	1.99	314819528
paid	Weather	79	Northern Lights Forecast	Letovaltsev Maxim	2019-12-24	14	2.5	2022-12-16	4.99	1492559559
paid	Weather	80	The Weather Station	LionsApp di Nallbati Elton	2015-05-10	20	3.45	2021-03-24	3.99	970644763
paid	Weather	81	Spotter Location	Randal Jennings	2022-06-08	4	5	2025-04-28	1.99	1627932897
paid	Weather	82	Beaufort Scale	Salish Sea Software, LLC	2022-09-14	5	5	2022-09-14	2.99	1550654298
paid	Weather	83	Weatherboard: Local Weather	James Smith	2026-08-04	0	0	2026-09-22	0.99	6792519957
paid	Weather	84	Best Fishing Times	K SOLUTION LLC	2011-09-30	7	4.29	2022-01-19	2.99	467953321
paid	Weather	85	TornadoSpy	Justin Time	2009-09-18	11	3.64	2025-12-10	1.99	329684423
paid	Weather	86	Canada Weather	Tailwheel Labs Ltd.	2011-09-09	24	4.54	2025-08-04	1.99	463187374
paid	Weather	87	Weather Radar Pro & Forecast	Robert Firth	2026-08-22	2	5	2026-08-28	0.99	6766143049
paid	Weather	88	OutCast - Marine Weather	Ardan Studios, LLC	2013-11-14	6	4.33	2023-03-28	1.99	739808997
paid	Weather	89	TornadoSpy+	Justin Time	2011-01-11	64	2.94	2025-12-10	2.99	413928923
paid	Weather	90	Fishing Times Pro	Mark Totzke	2011-02-18	379	4.71	2020-08-25	3.99	419841529
paid	Weather	91	Sunset and Sunrise Times	Fascinating Projects	2011-01-23	2689	4.86	2026-09-15	9.99	414194259
paid	Weather	92	Wildfire - Fire Map Info	LW Brands, LLC	2018-08-05	1726	4.41	2025-04-10	0.99	1418851042
paid	Weather	93	Hurricane Center	Christopher Coudriet	2010-10-10	1049	4.59	2026-09-03	2.99	395148744
paid	Weather	94	Sol: Sun Clock	Juggleware, LLC	2012-01-06	900	4.83	2025-02-05	4.99	491537291
paid	Weather	95	Sun n Moon	Catalyst4	2008-10-30	8	5	2015-06-18	0.99	294937581
paid	Weather	96	Mooncast	Mathieu Routhier	2011-10-27	3630	4.83	2026-09-25	3.99	473165402
paid	Weather	97	Partly Sunny	Joseph Hribar	2016-11-16	777	4.62	2024-07-05	2.99	1104486867
paid	Weather	98	Scope Nights Astronomy Weather	Martin Dodd	2012-08-14	776	4.54	2025-11-18	6.99	540120977
paid	Weather	99	YoWindow Weather	Weather View LLC	2013-04-16	1039	4.69	2019-01-03	0.99	606193225
paid	Utilities	1	Shadowrocket	Shadow Launch Technology Limited	2015-04-13	12117	4.49	2026-09-07	2.99	932747118
paid	Utilities	2	FORScan Lite - for Ford, Mazda	Aleksei Savin	2014-11-02	197	2.99	2026-05-09	6.99	892347083
paid	Utilities	3	Wipr 2	Kaylee Calderolla	2024-11-12	1322	4.67	2026-09-30	4.99	1662217862
paid	Utilities	4	Noir - Dark Mode for Safari	Jeffrey Kuiken	2021-09-20	1361	4.56	2026-09-14	2.99	1581140954
paid	Utilities	5	Stash - Rule Based Proxy	STASH NETWORKS LIMITED	2021-12-10	1231	4.36	2026-07-16	5.99	1596063349
paid	Utilities	6	Necrophonic	chris rogers	2018-07-24	547	3.76	2022-06-19	9.99	1396698319
paid	Utilities	7	Necrometer	chris rogers	2023-05-25	275	2.74	2024-11-02	9.99	1670762759
paid	Utilities	8	Just Press Record	Open Planet Software	2015-09-21	1523	4.25	2026-09-11	6.99	1033342465
paid	Utilities	9	Private LLM - Local AI Chat	Numen Technologies Limited	2023-06-05	732	4.15	2026-09-14	4.99	6448106860
paid	Utilities	10	Hondata	Alphabit Software Inc.	2019-04-21	1710	4.72	2026-07-10	6.99	1360947687
paid	Utilities	11	Frame Crop – Art Mode	Shane Jeffers	2023-06-22	499	4.66	2026-09-30	7.99	6443996847
paid	Utilities	12	iVerify Basic	iVerify	2019-11-08	2404	4.65	2026-03-02	0.99	1466120520
paid	Utilities	13	Mapper for Safari	Alex Kitcoff	2021-10-14	599	4.18	2026-05-14	1.99	1589391989
paid	Utilities	14	V2Box Pro - V2ray Client	Hexa Software	2026-05-16	71	3.68	2026-09-15	2.99	6756966178
paid	Utilities	15	atvTools	Oleksandr Hamlii	2023-01-08	178	4.84	2026-08-29	0.99	1661419573
paid	Utilities	16	Network Analyzer Pro: IP Tools	Techet	2012-09-18	9177	4.78	2026-09-13	3.99	557405467
paid	Utilities	17	Loon	Loon Lab Limited	2018-05-09	519	3.95	2026-10-01	7.99	1373567447
paid	Utilities	18	AdGuard Pro: Safari Ad Blocker	Adguard Software Limited	2016-09-30	3108	4.42	2026-09-28	9.99	1126386264
paid	Utilities	19	BZ-Battery	HGSoftware ApS	2026-09-19	1	5	2026-10-02	14.99	6807502861
paid	Utilities	20	esimSubscription	文杰 茅	2026-02-24	40	4.88	2026-09-29	1.99	6759248276
paid	Utilities	21	Flat Earth Sun, Moon & Zodiac	Blue Water Bay	2018-11-14	2224	4.72	2026-09-12	5.99	1440996640
paid	Utilities	22	Quantumult X	Cross Utility Ltd	2019-10-11	1649	3.8	2026-09-15	9.99	1443988620
paid	Utilities	23	Necrometer PRO: Spirit Box EVP	HDHB	2026-03-10	21	4.95	2026-08-19	9.99	6759832544
paid	Utilities	24	EasyMSR	向阳 张	2015-02-05	125	2.56	2024-09-16	18.99	957079460
paid	Utilities	25	Keka	Jorge Garcia Armero	2023-01-05	163	4.82	2026-07-07	3.99	6443677513
paid	Utilities	26	Piping DataBase - XTREME	Radin Alcira	2010-03-11	214	4.86	2015-04-23	9.99	361124046
paid	Utilities	27	R8 Companion	Angela Mcarthur	2023-08-18	1538	4.81	2026-09-13	9.99	6461348120
paid	Utilities	28	Real Sensi FF - PRO	Aurion Technologies L.L.C.	2026-05-12	14	4.71	2026-08-14	0.99	6766166468
paid	Utilities	29	WiThrottle	Beth Hoffman	2009-12-11	40	4.25	2024-01-18	9.99	344172578
paid	Utilities	30	Recent Contacts	Kyle Gorlick	2012-07-17	602	4.71	2026-04-06	4.99	541831736
paid	Utilities	31	iUniform AGSU	John Rudio	2021-08-10	41	2.32	2022-04-18	4.99	1537148648
paid	Utilities	32	塔台	储进 彭	2026-08-13	8	5	2026-10-03	1.99	6797458927
paid	Utilities	33	EV Dashboard	Gregory Burlingame	2026-04-30	63	4.79	2026-08-27	12.99	6761347502
paid	Utilities	34	FE File Explorer	Skyjos Co., Ltd.	2012-02-28	5789	4.71	2026-08-28	4.99	499470113
paid	Utilities	35	Runa: RPG Maker & VN Player	Pham Tran Thai Bao	2026-07-02	16	4.44	2026-10-03	2.99	6779939767
paid	Utilities	36	Alook Browser - 8x Speed	Baoding Lehuo Network Technology Co., Ltd.	2017-07-28	2634	4.63	2026-09-01	0.99	1261944766
paid	Utilities	37	VESC Tool	Jeffrey Friesen	2022-03-30	40	3.77	2026-05-22	3.99	1605488891
paid	Utilities	38	AnyFont	Evo Tec Labs @ Pepperbit Online	2014-02-20	26163	4.58	2024-07-31	1.99	821560738
paid	Utilities	39	iConnectHue for Philips Hue	Stefan Gohler	2013-04-29	764	4.16	2026-09-24	3.99	639343132
paid	Utilities	40	Tap Tool Pro	Simon McMenzie	2017-08-01	30	4.33	2020-06-10	0.99	1265968974
paid	Utilities	41	Vinegar - Tube Cleaner	And a Dinosaur	2021-11-06	758	4.24	2026-09-19	1.99	1591303229
paid	Utilities	42	Offender Locator	Offender Locator Inc.	2009-06-02	3943	4.57	2021-03-24	2.99	317435796
paid	Utilities	43	Conduit Bender Elite - Calc	Cyberprodigy LLC	2012-11-28	1712	4.78	2026-09-06	8.99	580768337
paid	Utilities	44	Timegrapher X	ONYX Apps	2022-09-30	23	4.22	2026-05-14	29.99	1516161361
paid	Utilities	45	Remote Mouse Pro	耀 阮	2010-07-19	4724	4.66	2026-08-17	14.99	380450781
paid	Utilities	46	pwSafe 2 - Password Safe	Huvisoft B.V.	2014-11-28	5108	4.75	2026-09-30	2.99	938922963
paid	Utilities	47	iZip Pro -Zip Unzip Unrar Tool	ComcSoft Corporation	2011-11-15	5016	4.79	2026-10-02	9.99	479665601
paid	Utilities	48	BuildCalc	42nd Parallel	2009-10-14	72	4.69	2026-09-18	24.99	333369423
paid	Utilities	49	AdBlock	AdBlock Labs	2014-03-15	34086	4.29	2021-07-27	1.99	691121579
paid	Utilities	50	Necrometer - Spirit box	Minh Nhat Dang	2023-10-25	45	2.2	2023-10-31	4.99	6470335901
paid	Utilities	51	Blue Iris	Ken Pletzer	2012-12-15	423	3.73	2026-05-09	9.99	585350145
paid	Utilities	52	RPGPlayer - An RPGMaker Player	Emir Han Temur	2025-12-10	86	3.22	2026-02-12	6.99	6754986970
paid	Utilities	53	Direct Remote for DIRECTV	David Likosar	2012-08-10	1142	3.84	2020-05-15	0.99	550039208
paid	Utilities	54	Protego for Reddit	Edgar Sanchez	2024-11-09	25	4.6	2026-09-29	2.99	6737959724
paid	Utilities	55	Scrcpy Remote	森 王	2022-06-19	14	4.07	2026-09-03	2.99	1629352527
paid	Utilities	56	Spark - Ren'Py Novels	Devon Lewis	2023-12-21	219	4.74	2026-03-19	6.99	6474479684
paid	Utilities	57	Hondata Complete	Alphabit Software Inc.	2019-04-26	3609	4.72	2026-07-10	12.99	1458419589
paid	Utilities	58	Call Ranger: Mass Call Blocker	Konstantinos Papadakis	2016-10-25	362	4.36	2026-09-28	4.99	1154832936
paid	Utilities	59	Parachute Backup Mobile	Leitmotif GmbH	2025-08-14	97	4.58	2026-09-28	9.99	6749824842
paid	Utilities	60	HOTs 2026-27	APS Aviation Inc.	2026-09-08	0	0	2026-10-02	29.99	6747403348
paid	Utilities	61	Voicemeeter Remote Control	Dylan Cain	2025-07-03	4	5	2025-07-18	6.99	6747963863
paid	Utilities	62	CX-3 Flight Computer	ASA	2022-10-11	11	3.73	2025-04-29	19.99	1645428895
paid	Utilities	63	PowerGlass	Jaisah Webb	2025-12-17	5	5	2026-09-29	2.99	6753337355
paid	Utilities	64	Red Onion - Darknet Browser	Omar Mody	2014-03-07	1719	4.2	2026-07-07	1.99	829739720
paid	Utilities	65	Ceiling Fan Balancer	pseudomath LLC	2017-03-01	127	4.23	2024-10-09	2.99	1210278763
paid	Utilities	66	Stay On Target 1138	Harin Wickremasinghe	2026-08-14	5	3.8	2026-09-20	3.99	6796775271
paid	Utilities	67	BalusterPro	Greg Gabrio	2009-02-19	17	4.18	2025-04-04	2.99	304928739
paid	Utilities	68	Adblocker For YouTube Videos	国辉 满	2022-04-28	1619	4.54	2026-06-04	2.99	1621531549
paid	Utilities	69	Plague Inc: Scenario Creator	Ndemic Creations	2017-04-11	1077	4.35	2022-03-31	2.99	1113002956
paid	Utilities	70	Opener ‒ open links in apps	tijo, inc.	2015-06-01	1346	4.62	2026-09-18	2.00	989565871
paid	Utilities	71	Cuckoo Clock Calibration	Nir Hamzani	2016-11-09	36	4.94	2020-08-01	0.99	1171487289
paid	Utilities	72	Odysseus - Mobile	Joao Victor Zao	2026-06-27	0	0	2026-09-21	2.99	6783977350
paid	Utilities	73	Galactic Decoder for Aurebesh	Saltsquatch Labs, LLC	2026-09-13	5	5	2026-09-30	1.99	6788611555
paid	Utilities	74	Morse-It	Francis Bonnin	2019-02-01	1148	4.73	2026-09-20	0.99	284942940
paid	Utilities	75	PCalc	TLA Systems Ltd.	2019-02-08	772	4.66	2026-03-12	9.99	284666222
paid	Utilities	76	Charles Proxy	XK72 Limited	2018-03-27	187	4.05	2026-09-24	8.99	1134218562
paid	Utilities	77	Clock Wave	震 任	2016-01-21	254	4.74	2022-11-10	1.99	1073576068
paid	Utilities	78	scan my T3SLA	Amund Borsand	2020-04-29	0	0	2026-09-10	9.99	1503080791
paid	Utilities	79	Any Text · Widgets	Sindre Sorhus	2022-09-12	562	4.57	2026-06-01	4.00	1643199620
paid	Utilities	80	Vidimote for Safari	IOSPIRIT GmbH	2021-09-20	62	4.21	2025-09-01	2.99	1585702412
paid	Utilities	81	Amperes 4: Battery Charge Info	CrioSoft LLC	2017-07-02	649	4.4	2026-07-02	2.99	1245475416
paid	Utilities	82	Holyrics	Vinicius Lima da Silva	2019-03-01	8	3.88	2024-04-02	0.99	1451668865
paid	Utilities	83	TimeGlance - Complication	Andras Solyom	2020-09-16	106	3.75	2024-01-01	0.99	1531068181
paid	Utilities	84	StopTheScript	Jeff Johnson	2021-10-04	31	4.55	2026-08-08	5.99	1588394487
paid	Utilities	85	Clinometer + bubble level	Peter Breitling	2019-02-07	43	4.02	2022-12-18	1.99	286215117
paid	Utilities	86	Soro - For Sonos	Laszlo Gergely	2021-03-02	114	4.07	2026-10-01	7.99	1550457805
paid	Utilities	87	Polar Scope Align Pro	Dimitrios Kechagias	2015-03-03	305	4.94	2026-09-21	3.99	970161373
paid	Utilities	88	Transcend Theory	chris rogers	2024-04-16	78	3.32	2024-04-16	12.99	6470241411
paid	Utilities	89	Bel Canto Serioso	Altug Basaran	2023-04-05	3	3.67	2025-10-27	4.99	6447265295
paid	Utilities	90	Type Nine - T9 Keyboard	Rasmus Porsager	2014-11-10	195	4.34	2026-07-09	3.99	926008509
paid	Utilities	91	Total Refresh for Safari	William Walker	2021-06-25	4	3.25	2025-12-23	1.99	1573919086
paid	Utilities	92	MyMonitor	Simon Hoss	2017-07-18	57	3.25	2020-03-09	1.99	1251043311
paid	Utilities	93	Engine RPM	Real-Time Specialties	2009-12-01	35	4.03	2026-10-02	8.99	340401811
paid	Utilities	94	Ally Pro – Collect and Backup	7 glyphs Ltd	2024-03-05	50	4.6	2026-09-15	14.99	6478088411
paid	Utilities	95	Pipe Math Pro	Antonio Vitella	2025-02-27	0	0	2026-10-04	9.99	6742253582
paid	Utilities	96	EasyTier	Chengdu Yisitai Technology Co., Ltd.	2026-08-18	3	5	2026-09-21	0.99	6788989728
paid	Utilities	97	ForzaTune Pro	Crosswise Ventures, LLC	2018-05-08	364	4.43	2026-10-01	5.99	1356726417
paid	Utilities	98	SPLnFFT Noise Meter	Fabien Lefebvre	2010-02-18	60	4.82	2023-12-24	3.99	355396114
paid	Travel	1	PeakFinder	PeakFinder GmbH	2010-03-12	11527	4.71	2026-10-03	4.99	357421934
paid	Travel	2	LiveATC Air Radio	Dave Pascoe	2009-06-09	643	3.6	2026-01-26	4.99	317809458
paid	Travel	3	HappyCow - Vegan Food Near You	HappyCow	2011-05-12	32595	4.88	2026-08-29	4.99	435871950
paid	Travel	4	OBD Fusion	OCTech, LLC	2013-06-01	19497	4.73	2026-07-16	9.99	650684932
paid	Travel	5	Manager for Scooters	Radoslaw Marciniak	2026-06-09	56	4.14	2026-09-03	0.99	6778099993
paid	Travel	6	Official Freedom Trail® App	The Freedom Trail Foundation	2022-07-21	50	4.32	2026-09-30	9.99	1581798136
paid	Travel	7	NeighborTrain	LEE ANN ROWE	2026-09-17	3	5	2026-09-23	2.99	6760080335
paid	Travel	8	Roadside America	This Exit LLC	2009-12-30	2451	4.64	2026-09-24	3.99	347393479
paid	Travel	9	Wise Pilgrim Camino Portugués	Michael Matynka	2016-03-24	76	3.99	2026-09-30	4.99	983056779
paid	Travel	10	Fog of World	Ollix	2012-09-18	3082	4.81	2026-05-23	30.00	505367096
paid	Travel	11	Boondocking	William Modesitt	2012-09-18	9484	4.57	2026-01-24	0.99	561352659
paid	Travel	12	FAAwait	Bryan Figler	2019-02-01	37	4.08	2025-09-09	0.99	287217531
paid	Travel	13	USFS & BLM Campgrounds	Kyle Modesitt	2013-06-03	4324	4.54	2025-07-14	0.99	654806302
paid	Travel	14	Wise Pilgrim Camino Francés	Michael Matynka	2012-06-20	140	4.44	2026-09-30	4.99	535960556
paid	Travel	15	Wise Pilgrim Finisterre	Michael Matynka	2012-09-05	7	3.57	2026-09-30	0.99	556384965
paid	Travel	16	Bonaventure Cemetery Tours	Bonaventure Historical Society	2020-05-06	38	2.58	2026-09-11	5.99	1510654035
paid	Travel	17	OpenADSB	Steve Kuo	2018-01-19	109	4.38	2025-03-03	10.99	1178703539
paid	Travel	18	Gettysburg Audio Tour	Robert Barry	2019-07-27	5	4.2	2019-07-27	4.99	1473850205
paid	Travel	19	WinBid Pairings 2	SafiSoft	2013-02-07	20	4	2021-01-07	29.99	598325421
paid	Travel	20	Road to Hana Maui GyPSy Guide	GyPSy Guide LLC	2012-11-19	4991	4.87	2025-01-17	14.99	578451869
paid	Travel	21	BigfootMap	Think Outside, LLC	2021-08-15	28	3.04	2026-05-17	2.99	1580896621
paid	Travel	22	Fotospot Road Trip Community	I Heart Travel Inc.	2017-03-20	4045	4.78	2025-10-28	4.99	1200952700
paid	Travel	23	Inquire — Wikipedia Around You	Tamper	2015-12-07	16	4.81	2026-09-27	0.99	1045268097
paid	Travel	24	Tulum – Be Your Own Guide	Edwin Barnhart	2013-10-30	8	3.12	2021-05-12	0.99	731412870
paid	Travel	25	Portland Airport (PDX) + Radar	Renji Mathew	2013-02-20	27	2.44	2021-09-23	0.99	594855050
paid	Travel	26	Walking Tour of Philadelphia	The Constitutional Guided Walking Tours LLC	2020-07-14	2	3	2026-09-22	18.99	1518117147
paid	Travel	27	Redwood = National Park	Jyothi Sathishbabu	2025-05-06	0	0	2025-05-06	2.99	6745199516
paid	Travel	28	Chillon	Texetera	2017-07-11	1	4	2020-07-31	2.99	1221399711
paid	Travel	29	RV Dump Stations	Kyle Modesitt	2017-07-10	3022	4.21	2025-07-14	0.99	1257573007
paid	Travel	30	Wise Pilgrim Camino Inglés	Michael Matynka	2015-04-10	10	4.3	2026-09-30	0.99	977385841
paid	Travel	31	航旅纵横PRO-民航官方直销平台	China Travelsky Technology Limited	2013-12-18	560	4.18	2026-09-25	0.99	768160271
paid	Travel	32	WikiCamps Australia	WikiCamps pty ltd	2012-03-01	49	4.53	2026-10-01	6.59	505365608
paid	Travel	33	US Public Lands	Two Steps Beyond	2014-04-11	745	4.46	2026-04-01	3.99	723185418
paid	Travel	34	Jason Japan Travel	Jason Grant	2025-05-25	1	5	2026-05-21	12.99	6746325439
paid	Travel	35	Packing Pro	Quinn Genzel	2009-04-16	858	4.75	2022-05-25	2.99	312266675
paid	Travel	36	Parco Archeologico di Ercolano	D'Uva Workshop s.r.l.	2023-09-29	0	0	2023-09-29	1.99	6467651337
paid	Travel	37	Vermont RT100 GyPSy Guide	GyPSy Guide LLC	2015-09-10	88	4.72	2024-09-17	16.99	1035442686
paid	Travel	38	飞常准PRO-全球航班查询机票酒店预订	FEEYO.COM E-COMMERCE CORP.	2011-10-05	337	4.84	2026-09-11	0.99	469338840
paid	Travel	39	Pitti Palace Audio Tours	Trishti Systems Ltd	2026-06-17	0	0	2026-09-14	1.99	6761850881
paid	Travel	40	WikiCamps New Zealand	WikiCamps pty ltd	2012-12-17	12	4.67	2026-10-01	4.29	582527125
paid	Travel	41	Roadside 66	This Exit LLC	2026-03-05	6	3.67	2026-09-12	7.99	6747320104
paid	Travel	42	GEM Grand Egyptian Museum	Trishti Systems Ltd	2026-02-08	0	0	2026-09-14	1.99	6755662791
paid	Travel	43	IFE Bridge	Alastair Bor	2025-12-22	1	5	2026-07-23	4.99	6755954290
paid	Travel	44	GPS Status & Toolbox	MobiWIA Kft.	2017-02-17	435	4.29	2020-07-28	2.99	1198499960
paid	Travel	45	PicSlicer Travel Tickets	昀昊 陈	2026-07-01	0	0	2026-10-03	0.99	6784084452
paid	Travel	46	Florida State Parks - Guide	Guttula Sathish	2022-03-14	8	1	2022-03-14	1.99	1612050746
paid	Travel	47	Prairie State Hike App	Prairie State Conservation Coalition	2013-05-18	4	3.5	2026-05-05	0.99	646231308
paid	Travel	48	California State Roads	Coderun Technologies Ltd	2016-09-20	184	3.9	2025-12-12	1.99	1153967813
paid	Travel	49	Oahu GyPSy Guide Driving Tour	GyPSy Guide LLC	2012-12-12	493	4.86	2025-01-08	14.99	586015472
paid	Travel	50	Luggify: Luggage Size Checker	Katsiaryna Dunets	2025-03-11	0	0	2026-08-19	1.99	6742233375
paid	Travel	51	Big Island Hawaii Gypsy Guide	GyPSy Guide LLC	2015-04-13	762	4.86	2024-11-26	14.99	982839825
paid	Travel	52	Truck Stops & Travel Plazas	Allstays LLC	2010-10-21	316	4.31	2022-08-27	9.99	398391903
paid	Travel	53	PackPoint Premium Packing List	Wawwo	2015-01-06	186	4.48	2023-09-19	2.99	953333522
paid	Travel	54	Icefields Parkway GyPSy Guide	Gypsy Guide GPS LLC	2012-08-11	113	4.92	2025-06-23	19.99	548847045
paid	Travel	55	Machu picchu audioguide	MATTHIEU ANTOINE SCHMITT	2023-02-28	6	4.17	2025-09-08	11.99	6445821606
paid	Travel	56	Wise Pilgrim Camino del Norte	Michael Matynka	2015-04-10	19	4.16	2026-09-30	4.99	981485539
paid	Travel	57	U.S. Lighthouse Guide	lighthousefriends.com LLC	2026-07-12	7	5	2026-09-30	9.99	6781851661
paid	Travel	58	Grand Egyptian Museum (GEM)	Trishti Systems Ltd	2025-12-22	0	0	2026-09-13	4.99	6755662656
paid	Travel	59	Scuba Fish Hawaii	John P. Hoover	2017-04-28	18	5	2026-07-24	9.99	1229284126
paid	Travel	60	Wrocław Dwarfs	Pawel Marek	2021-12-01	3	5	2026-09-28	4.99	1597901199
paid	Travel	61	Translator with Speech Pro	Sparkling Design and Infotech Private Limited	2010-09-21	1295	4.75	2018-10-26	0.99	391573951
paid	Travel	62	Wise Pilgrim Camino Primitivo	Michael Matynka	2012-09-05	17	4.06	2026-09-30	2.99	555347055
paid	Travel	63	Arkansas State & National Park	Guttula Sathish	2022-03-14	8	1	2022-03-14	2.99	1612182730
paid	Travel	64	Albania Bus Timetable	Ali Dushku	2024-06-05	1	4	2026-08-10	2.99	6503205610
paid	Travel	65	Pacific Coast Highway Guide	I Heart Travel Inc.	2022-09-26	35	4.63	2025-11-18	2.99	1639881172
paid	Travel	66	Galena Tours	Paula Schonhoff	2016-07-03	13	4.08	2024-10-03	0.99	1124086736
paid	Travel	67	Lincoln Highway	iStuff	2017-02-12	38	4.55	2025-08-05	1.99	1204629764
paid	Travel	68	Camp and Tent - Tent Camping	Allstays LLC	2011-05-17	88	4.4	2021-08-29	5.99	437148054
paid	Travel	69	Kauai GyPSy Guide Driving Tour	GyPSy Guide LLC	2017-05-10	690	4.88	2024-10-07	14.99	1232067790
paid	Travel	70	Flight Radar Pro Plane Tracker	Flight Tracker Apps Studio	2015-04-03	1713	4.7	2026-09-16	5.99	933997029
paid	Travel	71	Arches Canyonlands GyPSy Guide	Gypsy Guide GPS LLC	2015-05-18	394	4.91	2025-06-03	24.99	990452649
paid	Travel	72	California State Parks - Guide	Guttula Sathish	2022-03-14	1	1	2022-03-14	1.99	1612047667
paid	Travel	73	Wright Travelogue	Mindware Consulting, Inc	2026-04-01	0	0	2026-05-16	2.99	6761394857
paid	Travel	74	EVHotels	peter hopper	2018-02-14	42	3.98	2023-06-24	2.99	1343918730
paid	Travel	75	CHP Incidents	Sam Stigler	2011-08-03	4	4	2026-08-09	0.99	453179003
paid	Travel	76	London Tube Map and Guide	Brainflash	2009-12-14	84	4.75	2022-10-16	1.99	336168290
paid	Travel	77	Landmarks New York	Bicycle Labs LLC	2012-05-04	29	4.76	2026-09-08	4.99	522835984
paid	Travel	78	Wisconsin-State Parks & Trails	Areti Manikanta	2024-09-08	3	1	2024-09-08	1.99	6670714069
paid	Travel	79	Orsay Museum Full Guide	Trishti Systems Ltd	2016-04-04	0	0	2026-09-14	2.99	1076664979
paid	Travel	80	Easy Fish ID Caribbean	John P. Hoover	2018-11-08	13	4.62	2026-07-24	9.99	1361443855
paid	Travel	81	Touch Bible: Multilingual	Patrick Franklin	2010-03-16	7	3.71	2026-06-02	8.99	318894854
paid	Travel	82	Oregon Coast Offline Guide	I Heart Travel Inc.	2023-08-15	33	4.64	2026-02-04	2.99	1639880999
paid	Travel	83	Kauai Offline Island Guide	I Heart Travel Inc.	2022-09-02	32	4.94	2025-10-23	7.99	1628633012
paid	Travel	84	SakuraDate	Hsin Jung Huang	2020-01-12	17	3.35	2020-11-04	5.99	1492916292
paid	Travel	85	Learn Brazilian Portuguese Pre	Duc Tang Van	2025-04-22	0	0	2025-04-22	0.99	6744895083
paid	Travel	86	RV-Park-Free	YOURFULLSTACK, LLC	2024-09-27	5	4.2	2026-03-24	6.99	6717573016
paid	Travel	87	Рим Большой аудио-путеводитель	Andrey Suderevskiy	2013-12-29	1	5	2026-08-20	9.99	784455295
paid	Travel	88	Барселона аудио- путеводитель	Andrey Suderevskiy	2015-07-16	0	0	2026-08-21	7.99	1017395865
paid	Travel	89	Ghost Walk in Old Town	SPYCO Studios	2021-08-17	0	0	2026-02-27	3.99	1575882749
paid	Travel	90	Peakist	Squirrel Point Studios	2024-03-12	2	5	2026-09-18	2.99	6476985677
paid	Travel	91	Volcanoes National Park Hawaii	Jyothi Sathishbabu	2025-05-06	0	0	2025-05-06	2.99	6745331194
paid	Travel	92	Venice Offline	Joerg Holz	2019-06-05	1	5	2024-03-18	3.99	1466838166
paid	Travel	93	Sacred Trails	Cheng Lung Chiang	2026-04-02	1	2	2026-09-10	4.99	6761192860
paid	Travel	94	Ohio - Parks & Trails	Jyothi Sathishbabu	2025-05-06	0	0	2025-05-06	1.99	6744957178
paid	Travel	95	Indiana = State Parks & Trails	Areti Manikanta	2024-09-01	0	0	2024-09-02	1.99	6670334315
paid	Travel	96	Athenian Odyssey: Athens Guide	Jess Taylor	2025-06-26	2	5	2025-11-05	2.99	6661034718
paid	Travel	97	Subwhere AR	Stefan Almqvist	2026-07-07	1	5	2026-08-28	3.99	6767013763
paid	Travel	98	Learn Greek Phrases Premium	Duc Tang Van	2025-04-01	0	0	2025-04-02	0.99	6744068092
paid	Travel	99	Packr: Smart Packing Lists	Jesse Haynes	2026-07-17	0	0	2026-07-19	1.99	6789643163
paid	Travel	100	Walmart Overnight Parking	Allstays LLC	2010-01-29	206	4.25	2022-08-27	2.99	352818407
paid	Sports	1	Shot Tracer	Visual Vertigo Software Technologies GmbH	2016-09-10	8	2.5	2026-09-26	5.99	1140451547
paid	Sports	2	PractiScore Competitor	Eugene Kuleshov	2017-03-29	93	3.24	2026-10-03	9.99	1191380081
paid	Sports	3	JB4 Mobile	Dmac Mobile Developments, LLC	2014-02-12	239	3.82	2026-01-08	27.99	794841332
paid	Sports	4	Tour Tempo	Tour Tempo	2009-09-15	89	4.28	2026-09-18	24.99	329937776
paid	Sports	5	Bikee	Sammy Azdoufal	2024-10-07	252	4.52	2025-12-01	9.95	6736371607
paid	Sports	6	Shooter: Ballistic Calculator	Kennedy Development Group, LLC	2011-11-11	51	4.73	2026-04-09	19.99	478462401
paid	Sports	7	QZ Fitness	Roberto Viola	2020-12-10	845	4.83	2026-09-02	6.99	1543684531
paid	Sports	8	Ballistic X	Nomad Innovations, LLC	2019-01-27	147	3.76	2026-10-01	7.99	1441335342
paid	Sports	9	J23 - Release Dates & Restocks	Plan23, LLC	2012-02-12	9344	4.78	2026-08-04	1.99	497880658
paid	Sports	10	RaceChrono Pro	RaceChrono Oy	2017-03-02	183	4.7	2026-06-24	19.99	1129429340
paid	Sports	11	Next Batter Up: Walk-Up Music	Joshua Hart	2020-07-19	446	4.33	2026-05-05	5.49	1524179572
paid	Sports	12	CheerCast	tonya herron	2016-06-27	91	4.46	2025-05-23	0.99	1124171099
paid	Sports	13	Primos Hunting Calls	DataRiver LLC	2009-06-09	79	2.97	2018-01-04	1.99	317518472
paid	Sports	14	PenaltyTimer	Fearless Code	2009-04-21	13	4.85	2020-08-24	1.99	312416738
paid	Sports	15	PinPal	Jeff Stuart	2009-07-25	5019	4.9	2023-03-29	8.99	321817464
paid	Sports	16	Like My Drill	PLAYMATE Tennis	2012-05-09	40	2.38	2026-06-02	0.99	499648757
paid	Sports	17	Gridiron 2026 College Football	Tom Klimek	2026-08-13	15	5	2026-08-13	3.99	6797274503
paid	Sports	18	Bow Hunt Simulator	Kristian Stensoenes	2016-05-04	20	4.2	2026-03-29	3.99	1090757314
paid	Sports	19	Texas Tech Official Keyboard	2ThumbZ Entertainment	2021-10-28	3	2.33	2021-11-26	2.99	1581101729
paid	Sports	20	Goal Horn Hub	Carson Lougheed	2020-11-02	374	4.65	2026-05-02	3.99	1538079393
paid	Sports	21	Ballistic Hunting Range Finder	Scott Dawson	2022-08-02	4	2	2022-08-02	4.99	1636689336
paid	Sports	22	RacquetTune - String Tension	Sten Kaiser	2010-04-06	482	4.62	2026-04-02	2.99	365729342
paid	Sports	23	Elk Calls & Hunting Sounds	LW Brands, LLC	2019-07-02	433	4.62	2021-02-27	1.99	1468725412
paid	Sports	24	DashCommand - OBD-II Gauges	Auto Meter Products, Inc.	2009-07-14	2142	4.22	2023-02-14	9.99	321293183
paid	Sports	25	Snow Dice  : Snowboarding	Send It Apps LLC	2011-04-07	2	5	2021-04-02	2.99	429441281
paid	Sports	26	Rifle Hunt Simulator	Kristian Stensoenes	2025-02-27	1	4	2026-04-21	1.99	6740201330
paid	Sports	27	Coyote Calls & Predator Sounds	LW Brands, LLC	2018-11-21	567	4.32	2021-02-27	2.99	1441914375
paid	Sports	28	LethalCalls	Kyle Anderson	2016-10-26	11	3.73	2022-09-04	4.99	1168422351
paid	Sports	29	Wild Hog Pro	Big Shot, LLC	2015-08-20	63	2.52	2026-02-09	3.99	1022085584
paid	Sports	30	BLEvo - For Smart Turbo Levo	Paolo Dozio	2018-01-15	34	3.5	2026-06-07	8.99	1293644903
paid	Sports	31	Harry's LapTimer Petrolhead	Harald Schlangmann	2009-11-24	153	3.83	2026-06-25	19.99	338257907
paid	Sports	32	AirBasket	AIRGO LIMITED	2022-06-12	73	4.29	2026-10-02	0.99	1625289361
paid	Sports	33	Squirrel Magnet Squirrel Calls	Scott Dawson	2022-08-18	5	3.8	2022-08-18	4.99	1640029096
paid	Sports	34	ARadar	Roberto Viola	2022-05-26	78	4.38	2025-06-02	5.99	1625452581
paid	Sports	35	Moose Calls Pro	Ash Point Ltd.	2019-09-29	0	0	2021-10-28	0.99	1481732474
paid	Sports	36	BW Fútbol Formations	Brant Wojack	2024-03-14	5	5	2026-10-02	9.99	6474883097
paid	Sports	37	Simple Golf Counter -StrokeTap	FREDERIK MENKE	2026-03-11	3	3.67	2026-09-29	1.99	6748654092
paid	Sports	38	What's My Vertical?	Andreas Rauh	2017-05-17	18	2.5	2018-11-02	1.99	1237413241
paid	Sports	39	Cue Lab | Shots & Layouts	Bright Mediums	2019-10-16	170	4.59	2026-02-17	4.99	1480774300
paid	Sports	40	GREEiN	Techno Craft Co., Ltd.	2016-03-14	0	0	2024-02-20	0.99	1072675851
paid	Sports	41	Putt Break: Golf Green Reader	Aaron Wiens	2026-06-03	0	0	2026-06-04	2.00	6775092582
paid	Sports	42	Team Minutes	Andrew Teman	2026-09-17	0	0	2026-09-28	0.99	6811683029
paid	Sports	43	Fantasy Basketball Draft '26	Roto Sports, Inc.	2026-09-23	0	0	2026-09-29	19.99	6812458731
paid	Sports	44	My Fishing Advisor	Pishtech LLC	2012-02-28	18	3.11	2017-10-10	4.99	502142609
paid	Sports	45	Swipe Play Clock	Back Judge Solutions LLC	2019-08-22	27	2.78	2025-09-26	5.99	1472278219
paid	Sports	46	iSolunar™ Hunt & Fish Times	RedSnake Enterprises, LLC	2010-04-16	3510	4.74	2024-08-14	5.99	365780014
paid	Sports	47	EHS Mobile Sports	Prep Connect Mobile	2010-09-23	12	5	2026-10-02	3.99	388615682
paid	Sports	48	PB Play	codeDependent Software Incorporated	2019-03-15	62	4.11	2023-07-28	5.99	1455799642
paid	Sports	49	TrackAddict Pro	HP Tuners LLC	2011-12-21	269	4.45	2026-08-12	8.99	490135959
paid	Sports	50	RC Trackside Tuner	MICHAEL ROBERT GROSVENOR	2026-09-14	0	0	2026-09-14	3.99	6809012460
paid	Sports	51	Flyskyhy	Renevision	2012-04-17	77	4.49	2026-09-09	8.99	516879039
paid	Sports	52	Harry's LapTimer Rookie	Harald Schlangmann	2009-03-26	36	3.31	2026-06-25	8.99	307688598
paid	Sports	53	SkyDroid - Golf GPS	GOLF MEDIA U.S.A. INC.	2011-01-05	151	3.7	2017-05-28	1.99	412792865
paid	Sports	54	JEGS Perfect Start	Horizons [Companies]	2010-07-01	34	2.79	2016-01-05	0.99	379258576
paid	Sports	55	PerfExpert - Car Dyno HP Test	Claude JOSEPH ANGELIQUE	2012-08-08	12	3.67	2026-09-21	8.99	549390700
paid	Sports	56	QR Laps	Ursin Tanner	2018-08-19	13	3.23	2018-08-19	2.99	1301942401
paid	Sports	57	SprintTimer - Photo Finish	Sten Kaiser	2011-04-14	228	4.35	2023-04-17	4.99	430807521
paid	Sports	58	StopWatch + Camera	German PARDO	2013-08-14	18	4.44	2026-04-27	1.99	686959372
paid	Sports	59	iSnipe	Web Diligence	2008-11-24	72	3.14	2016-10-03	14.99	297093432
paid	Sports	60	AirLab: Air Density & Altitude	Ballistic Solutions LLC	2019-03-22	9	4.56	2025-01-21	2.99	1456458659
paid	Sports	61	Gray Squirrel Magnet Calls	Scott Dawson	2022-10-12	7	3.57	2022-10-12	4.99	6443778132
paid	Sports	62	sparMaster Remote	Steve McArther	2014-05-28	2	5	2026-01-22	0.99	881078625
paid	Sports	63	FEI EquiTests 2 - Eventing	Fédération Equestre Internationale (FEI)	2010-01-31	2	1	2026-01-20	9.99	346616939
paid	Sports	64	Jetting IAME KA100 & KFS FFSA	Ballistic Solutions LLC	2020-09-05	2	5	2025-01-27	7.99	1530347666
paid	Sports	65	Auburn Tigers Keyboard	2ThumbZ Entertainment	2021-09-23	13	2.15	2021-11-30	2.99	1582447999
paid	Sports	66	Primos Wind	DataRiver LLC	2011-02-04	51	3.39	2017-12-29	0.99	417340545
paid	Sports	67	Baseball Radar Gun +	LW Brands, LLC	2017-06-16	417	4.21	2020-09-28	2.99	1248662974
paid	Sports	68	Digital Mirror Mobile	JC Video Systems Inc.	2025-01-14	0	0	2026-01-15	5.99	6475737655
paid	Sports	69	Ultimate Stopwatch	Pinetree Software	2013-12-17	68	4.75	2024-10-13	3.99	502096113
paid	Sports	70	Baseball Soundboard	Marco Sowa-Israel	2010-08-15	14	1.86	2026-02-24	0.99	385257683
paid	Sports	71	Polework Patterns	Nina Gill	2022-12-08	3	5	2025-03-04	3.99	6444026538
paid	Sports	72	Batter Up: Your Walk Up DJ	CHRISTOPHER ALBERT PETERSON	2026-05-15	14	4.93	2026-05-22	4.99	6764444116
paid	Sports	73	Watch Sailing Timer	Soeren Steen	2025-01-06	0	0	2026-06-15	4.99	6740006545
paid	Sports	74	BowlSheet®	Edibu LLC	2011-12-21	172	4.37	2026-01-15	29.99	411894855
paid	Sports	75	FEI EquiTests 3 - Dressage	Fédération Equestre Internationale (FEI)	2010-02-19	3	4.33	2025-12-22	9.99	353522322
paid	Sports	76	Coach Tactic Board: Soccer++	BLUELINDEN	2014-03-27	212	4.77	2026-02-17	4.99	834813598
paid	Sports	77	iRegatta Watch	Zifigo	2023-01-20	3	3	2023-10-03	2.99	1660637086
paid	Sports	78	Dive Log	Greg Mclaughlin	2009-01-02	106	4.75	2026-09-17	14.99	301049600
paid	Sports	79	Freeze Baseball	Aaron Horne	2026-01-23	3	5	2026-02-07	1.99	6758175703
paid	Sports	80	Moose Hunting Calls App	Abdulkarim Nasir	2024-07-28	0	0	2024-07-28	1.99	6578452380
paid	Sports	81	Coyote Magnet - Coyote Calls	Scott Dawson	2022-08-16	45	4.44	2022-08-16	4.99	1639874660
paid	Sports	82	Soccer Teammate	Andrew England	2011-01-05	12	4.58	2026-04-28	4.99	412401082
paid	Sports	83	DJ App for Hockey Parents	Laurent Butre	2018-01-07	184	3.7	2026-09-02	4.99	1327662038
paid	Sports	84	Softball Radar Gun +	LW Brands, LLC	2017-07-10	125	4.02	2020-09-28	1.99	1257481980
paid	Sports	85	Hunting Simulator	Kristian Stensoenes	2013-03-05	96	2.51	2018-04-20	2.99	605477810
paid	Sports	86	Harry's LapTimer Grand Prix	Harald Schlangmann	2010-04-01	81	3.98	2026-06-27	27.99	363556704
paid	Sports	87	Basic 1-6	Mark Fitzgerald	2011-11-09	8	4.75	2016-11-24	2.99	477235445
paid	Sports	88	DriftLogic: Steelhead Fishing	Eric Fortuna	2026-06-16	5	5	2026-09-28	4.99	6779408896
paid	Sports	89	Ski Dice	Send It Apps LLC	2011-04-10	1	4	2024-02-01	2.99	430617087
paid	Sports	90	Texas A&M Official Keyboard	2ThumbZ Entertainment	2021-07-29	8	2.5	2021-11-26	2.99	1573612424
paid	Sports	91	Chronocurl Pro	Guy Simard	2016-10-16	0	0	2025-02-07	21.99	1154050351
paid	Sports	92	PractiScore Log	Eugene Kuleshov	2019-12-09	6	4	2026-09-11	14.99	1485673674
paid	Sports	93	Break Speed	Paul Nettle	2010-05-17	19	3.89	2024-09-21	4.99	371892578
paid	Sports	94	ISSF Shot Timer	SightPicture	2025-10-09	0	0	2026-08-11	2.99	6753667620
paid	Sports	95	BPVA Calendar	Michael Blevins	2025-10-24	3	5	2026-07-19	0.99	6754099140
paid	Sports	96	Montana Hunting Access 2026	Mountainworks Software	2015-09-26	29	4.69	2026-08-27	9.99	1028854338
paid	Sports	97	Waterfowl Call	K SOLUTION LLC	2010-07-20	8	3.75	2017-05-12	1.99	381461715
paid	Sports	98	Scope Click: MOA Turret	君 潘	2026-02-11	3	4.33	2026-08-26	0.99	6758991652
paid	Sports	99	SaddleMiles	Joshua Miller	2026-04-03	0	0	2026-04-09	3.99	6761208552
paid	Sports	100	Fantasy Hockey Draft Kit '26	Roto Sports, Inc.	2026-09-21	2	5	2026-10-01	13.99	6812456674
paid	Social Networking	1	Threema. The Secure Messenger	Threema GmbH	2012-12-28	711	4.24	2026-09-21	6.99	578665578
paid	Social Networking	2	imo video calls and chat HD	Baby Penguin	2018-09-02	75138	3.35	2026-01-28	6.99	1400579543
paid	Social Networking	3	TeleGuard	Swisscows AG	2021-01-19	244	3.04	2026-04-17	3.99	1505636751
paid	Social Networking	4	TeamSpeak 3	TeamSpeak Systems Inc	2012-12-10	240	2.49	2025-11-25	0.99	577628510
paid	Social Networking	5	iFake - Funny Fake Messages Creator	Tien Nguyen	2017-07-16	36	2.47	2017-07-17	0.99	1255141711
paid	Social Networking	6	Free Tone - Calling & Texting	TextMe, Inc.	2010-03-02	62744	4.71	2026-09-17	1.99	338088432
paid	Social Networking	7	Fongo World Edition	Fongo Inc.	2014-06-09	999	4.51	2026-09-28	4.99	860809977
paid	Social Networking	8	Badoo Premium	Badoo Software Ltd	2011-01-05	2403	4.48	2026-09-28	2.99	403684733
paid	Social Networking	9	WristChat for Facebook	Muhammad Siddiqui	2019-10-07	213	3.42	2019-10-07	1.99	1449383466
paid	Social Networking	10	Watch for Discord	ASN GROUP LLC	2021-03-03	114	2.54	2021-03-03	2.99	1552580781
paid	Social Networking	11	V2er-只为V2EX	Lessmore Apps	2023-04-07	11	4.73	2026-09-09	4.99	1596137027
paid	Social Networking	12	seeklys	文杰 茅	2026-09-03	1	5	2026-09-25	0.99	6801987320
paid	Social Networking	13	Chroncord	Tyler Smith	2024-01-25	55	4.65	2025-06-21	2.99	6475702873
paid	Social Networking	14	imo Pro video calls and chat	Baby Penguin	2023-12-07	22	1.36	2025-12-29	14.99	6472605784
paid	Social Networking	15	Story Saver ∞	Yerzhan Tleuov	2019-11-19	2039	4.58	2019-11-19	4.99	1488074449
paid	Social Networking	16	Picture in Picture for Safari	Alfredo Grassau	2025-11-21	2	5	2026-09-30	2.99	6755545186
paid	Social Networking	17	World of WIT	Vogelbusch & Co	2013-12-18	53	3.25	2024-07-27	0.99	748363889
paid	Social Networking	18	SpeedLight Viewer	Oleg Borodkin	2020-12-16	213	4.41	2025-10-08	4.99	1519467733
paid	Social Networking	19	Birthday Reminder Pro+	FunPokes Inc.	2011-04-11	6325	4.76	2022-03-17	0.99	427341961
paid	Social Networking	20	CrewSwipe	Kevin Rop	2026-05-05	5	2.6	2026-09-25	2.99	6761301538
paid	Social Networking	21	Clean YT for Safari	Alfredo Grassau	2025-10-26	1	5	2026-09-30	2.99	6754407661
paid	Social Networking	22	Watch Instagram	Hemal Modi	2021-02-08	2	1	2022-09-21	0.99	1550431162
paid	Social Networking	23	Story Reposter	Rauza Tleuova	2020-02-11	438	4.55	2020-02-11	8.99	1497704664
paid	Social Networking	24	Message Makeover - Colorful Text Message Bubbles	Andrew Halligan	2011-11-01	128	4.07	2017-08-28	0.99	473563535
paid	Social Networking	25	CLIPish Tall Animations	Dating DNA, Inc.	2018-04-22	18	3.72	2026-02-24	2.99	1367202624
paid	Social Networking	26	status.log	433 Labs	2023-01-31	14	5	2026-02-22	2.99	6444921793
paid	Social Networking	27	E-Wireless	斌 刘	2022-10-24	46	4.61	2026-10-01	1.99	6443842412
paid	Social Networking	28	DefaultSMS	Vincent Neo	2025-01-27	3	4.67	2025-06-16	0.99	6741043587
paid	Social Networking	29	ExtentWorld: Social & Dating	ExtentWorld LLC	2023-05-01	2	5	2023-05-01	0.99	6447767695
paid	Social Networking	30	ExtentWorld Social	ExtentWorld LLC	2023-06-13	1	5	2023-09-12	0.99	6449554013
paid	Social Networking	31	Radio Bravo	ITHACA VENTURES LTD	2026-07-18	3	5	2026-07-22	1.99	6775038357
paid	Social Networking	32	Yesterday For Old Reddit	Ritinkar Pramanik	2022-01-10	111	4.78	2026-09-05	2.99	1603279883
paid	Social Networking	33	NS Connect	创 陈	2026-09-16	0	0	2026-09-17	1.99	6766863710
paid	Social Networking	34	aGram	Yannick PLASSIARD	2026-04-09	7	4.71	2026-08-14	4.99	6758660315
paid	Social Networking	35	Feeds For Instagram Watch	AppCodism Technologies	2019-01-23	2	3	2024-10-26	2.99	1450092117
paid	Social Networking	36	VChate - мессенджер для ВК	LWTS TECHNOLOGIES LIMITED	2016-11-10	5	2.6	2021-11-24	0.99	1173026542
paid	Social Networking	37	Wrist for GroupMe	Sana Siddiqui	2018-12-01	631	3.66	2023-12-15	1.99	1444534358
paid	Social Networking	38	Control Panel for Twitter	J BUCHANAN & L.J BUCHANAN	2023-02-03	56	4.5	2026-09-27	4.99	1668516167
paid	Social Networking	39	Instagram Feed	Hemal Modi	2021-05-14	15	1	2022-05-22	0.99	1561481612
paid	Social Networking	40	imo live	Baby Penguin	2019-12-19	673	3.52	2021-06-29	4.99	1488043448
paid	Social Networking	41	Re:Reddit	Michael Cacciatore	2023-07-05	1	5	2023-07-06	1.99	6450933367
paid	Social Networking	42	r/classic for reddit	Bao Chau Do	2022-03-22	2	5	2023-06-20	0.99	1612156102
paid	Social Networking	43	Big Voice - Speech to Big Text	tnySocial	2026-05-20	1	5	2026-05-21	0.99	6769570626
paid	Social Networking	44	LimeChat - IRC Client	Satoshi Nakagawa	2008-12-21	11	3.09	2020-06-20	4.99	298766460
paid	Social Networking	45	Smith Confesh	Shibo Xu	2018-07-31	12	3.83	2018-08-01	1.99	1339005752
paid	Social Networking	46	Blog for Blogger	Top Nine	2019-12-14	9	4.11	2020-11-14	1.99	1490710282
paid	Social Networking	47	Twinnr	Anthony Stark	2025-07-08	0	0	2026-01-15	2.99	6748335817
paid	Social Networking	48	Goguma IRC	Jean THOMAS	2023-11-04	10	3.6	2026-01-22	0.99	6470394620
paid	Social Networking	49	Symbol Pad Pro	山 钟	2012-01-13	111	4.77	2025-04-13	0.99	490451149
paid	Social Networking	50	The Rare Bird Alert	Robert Baumander	2019-11-11	4	3	2023-04-03	1.99	1474431263
paid	Social Networking	51	G-Whizz! Plus for Google Apps - The #1 Apps Browser	Richard A Bloomfield Jr.	2010-05-04	45	3.64	2016-01-15	2.99	368305725
paid	Social Networking	52	Emoji for Message Pro	山 钟	2012-11-16	60	4.5	2025-04-12	0.99	571949971
paid	Social Networking	53	OpLine	Justin Calvert	2026-06-08	3	5	2026-09-24	9.99	6763101817
paid	Social Networking	54	WristReel - YouTube Shorts	Abdullah Nadeem	2026-03-28	0	0	2026-09-01	4.99	6760758208
paid	Social Networking	55	emotionary+ by Funny Feelings®	Funny Feelings®	2012-02-28	2	4.5	2020-05-03	1.99	498649064
paid	Social Networking	56	QBottle	kitamura hira	2011-02-21	2	5	2025-01-13	0.99	419852724
paid	Social Networking	57	Dynetix Chat	Dynetix Design Solutions Inc	2020-08-28	2	5	2026-03-26	0.99	1522630246
paid	Social Networking	58	Byte Wave	DYLAN JOHNS	2026-04-27	0	0	2026-04-27	1.99	6763728470
paid	Social Networking	59	3D Animations + Emoji Icons	Dating DNA, Inc.	2010-07-30	106	4.42	2019-12-16	1.99	383790206
paid	Social Networking	60	WeTalk Pro- WiFi Calling Phone	WePhone Apps Inc	2011-09-22	1863	4.44	2026-05-29	4.99	463371412
paid	Social Networking	61	Greeting Cards App - Pro	Sublime applications pty limited	2013-02-12	181	4.19	2021-03-23	2.99	595972982
paid	Social Networking	62	Handwritten email	Fapps World et Cie S.E.C.S.	2010-04-05	58	4.34	2018-12-07	0.99	359107042
paid	Social Networking	63	VideoSound - Music to Video	Bits&Coffee	2013-09-22	369	4.7	2021-11-10	0.99	699671405
paid	Social Networking	64	Colloquy - IRC Client	Colloquy Project	2009-01-16	32	1.78	2018-04-01	1.99	302000478
paid	Social Networking	65	CLIPish Keyboard	Dating DNA, Inc.	2015-01-05	23	3.61	2025-03-29	4.99	942242950
paid	Social Networking	66	Fake-A-Message ™ (MMS & SMS!)	Excelltech Inc.	2010-04-05	35	2.26	2012-03-28	0.99	297082244
paid	Social Networking	67	Griddy Pro: Split Pic in Grids	keang david	2016-05-17	127	4.91	2025-05-24	19.99	1114394167
paid	Social Networking	68	SMS Signature+	Maximilian Litteral	2011-10-12	18	2.39	2019-06-23	0.99	467232085
paid	Social Networking	69	Message Makeover for iMessage - Colorful Bubbles	Andrew Halligan	2011-11-14	35	3.49	2017-09-01	0.99	478730981
paid	Social Networking	70	Toot! for Mastodon	Dag Agren	2018-10-22	381	4.31	2025-11-24	3.99	1229021451
paid	Social Networking	71	WChat:Chat For Watch	Rami Moghrabi	2018-04-05	248	3.41	2026-07-22	2.99	1360003712
paid	Social Networking	72	Big Words	DollarApp	2008-12-19	29	3.38	2015-06-27	0.99	296290510
paid	Social Networking	73	WalkieTalkie VOIP	Justin Brady	2008-10-23	4	5	2026-05-12	0.99	293798497
paid	Social Networking	74	Speech to Text : Voice to Text	Gursimran singh Sodhi	2016-10-04	211	3.9	2026-09-11	0.99	1160943124
paid	Social Networking	75	Facemakr	Dadako	2010-04-13	35	3.74	2024-04-16	2.99	365878157
paid	Social Networking	76	WhatsAgain for WhatsApp	PGD Mobile Development S.L.	2019-02-02	520	4.58	2026-07-11	3.99	1447152404
paid	Social Networking	77	Linky: Share links & more	Pragmatic Code	2011-05-21	290	4.73	2025-10-14	5.99	438090426
paid	Social Networking	78	Tumbletail	Naomoto Niwayama	2010-11-03	216	4.65	2026-01-23	1.99	399603784
paid	Social Networking	79	Phone Tracker:IM Map Navigator	Little Sam Software	2012-03-01	8	2	2026-09-21	2.99	500544250
paid	Social Networking	80	WeePhone SIP	Justin Brady	2009-03-26	4	3	2025-05-29	1.99	301500729
paid	Social Networking	81	SweetRing Pro	Sweet Tech Ltd.	2015-07-29	50	4.46	2023-03-20	0.99	972927324
paid	Social Networking	82	Colors For Social	Hassan Mehboob	2019-05-12	0	0	2026-02-21	0.29	1463267514
paid	Social Networking	83	BirthdaysPro HD	Demodit GmbH	2010-07-31	169	4.65	2026-06-15	3.99	382412235
paid	Social Networking	84	WristPin for Pinterest	Top Nine	2020-03-09	124	3.44	2020-11-04	1.99	1501099917
paid	Social Networking	85	Amazing Birthday Cake	iCupcake.net	2009-06-06	216	2.22	2009-06-06	0.99	317637651
paid	Social Networking	86	VoicemailSaver	Diana Zegretti	2016-06-01	83	4.04	2022-11-16	3.99	1117861690
paid	Social Networking	87	Cute Emoticon Keyboard	kitamura hira	2014-11-04	7	4.86	2018-12-13	0.99	931267826
paid	Social Networking	88	SessionTalk Pro Softphone	SessionTalk Ltd	2010-03-02	30	4.07	2026-10-01	6.99	357429372
paid	Social Networking	89	Ralph Breaks the Internet	Disney	2018-11-21	12	4.25	2020-01-14	1.99	1442734335
paid	Social Networking	90	SkyText	Heynow Software	2009-03-26	1	5	2026-10-01	1.99	307787267
paid	Social Networking	91	CLIPish Stickers	Dating DNA, Inc.	2017-10-25	10	4.5	2018-08-16	2.99	1282052972
paid	Social Networking	92	Gay Older Men Chat	Laurand Osmeni	2013-06-17	7	4	2026-05-26	9.99	659834227
paid	Social Networking	93	Fav Talk Pro - hobby Chatting	SnTown	2011-08-04	1	5	2025-07-11	23.99	450483230
paid	Social Networking	94	Laserhouse: Crypto Laser Eyes	Tae ho Lee	2021-03-01	573	4.7	2026-01-06	3.99	1555694952
paid	Social Networking	95	Hello Name Tag	David Ashton	2012-06-20	3	3.67	2018-07-01	0.99	494281859
paid	Social Networking	96	SocialNote Pro	Empty Box Media LLC	2013-08-27	6	4.83	2026-09-14	0.99	690119247
paid	Social Networking	97	Spy Messenger	Kirill Filippov	2016-03-09	2	4	2022-04-18	0.99	1086108502
paid	Social Networking	98	ContactsPro HX	Demodit GmbH	2010-06-11	5	4.6	2026-04-10	1.99	376252446
paid	Social Networking	99	SplitNet Premium	csaba abel	2018-04-30	7	2.43	2018-11-08	0.99	1377367536
paid	Social Networking	100	Name-days	Bitfield AB	2019-02-12	10	1.8	2024-09-19	0.99	289170101
paid	Reference	1	e-Sword LT: Bible Study to Go	Rick Meyers	2013-04-20	7054	4.84	2025-07-25	3.99	634158738
paid	Reference	2	CCW – Concealed Carry 50 State	Workman Consulting LLC	2011-06-16	10361	4.85	2025-08-09	1.99	443321291
paid	Reference	3	Knots 3D	Nynix	2011-09-09	12792	4.9	2026-09-28	5.99	453571750
paid	Reference	4	SkySafari	Simulation Curriculum Corp.	2017-12-22	17887	4.72	2026-09-01	4.99	1257281849
paid	Reference	5	Sibley Birds 2nd Edition	mydigitalearth.com	2018-11-15	2872	4.88	2025-03-26	19.99	1236011411
paid	Reference	6	Knot IQ: 3D Knot Tying	The Bear Essentials Co. LTD	2025-03-12	252	4.81	2026-09-07	4.99	6738783142
paid	Reference	7	FAR/AIM by ASA	ASA	2010-03-16	251	3.35	2026-07-21	19.95	361784690
paid	Reference	8	Animated Knots by Grog	Grog LLC	2010-06-24	337	4.81	2019-11-14	4.99	376302649
paid	Reference	9	1828 Dictionary - Webster's	Apps4World	2024-03-19	196	4.79	2026-04-27	1.99	6479616696
paid	Reference	10	Army Ranger Handbook	Calculated Industries	2010-06-23	655	4.9	2024-11-07	1.99	378163411
paid	Reference	11	SkySafari 8 Plus	Simulation Curriculum Corp.	2026-02-23	107	4.64	2026-09-01	19.99	6752672698
paid	Reference	12	Forvo Pronunciation	Forvo Media SL	2010-06-23	507	3.62	2026-09-03	2.99	375819093
paid	Reference	13	KRSUOR	Slade Klinksiek	2022-11-11	60	5	2026-07-14	4.99	6443946717
paid	Reference	14	Merriam-Webster Dictionary+	Merriam-Webster, Inc.	2011-12-08	22185	4.84	2026-09-22	9.99	478126577
paid	Reference	15	Webster's 1828 Dictionary USA	Nasda Studios	2012-09-12	279	4.88	2025-05-08	2.99	556486955
paid	Reference	16	LEO Geomatch	Calvin You	2013-02-19	39	3.97	2026-01-30	2.99	595458598
paid	Reference	17	Life Application Study Bible	Bible App Labs LLC	2017-06-18	6581	4.87	2026-07-28	19.99	1240380955
paid	Reference	18	Half-Staff Flag Alerts	Apps4World	2026-01-12	95	4.54	2026-04-08	0.99	6757455350
paid	Reference	19	RhymeZone	Merriam-Webster, Inc.	2012-01-22	986	4.7	2022-10-17	2.99	493493802
paid	Reference	20	Daily Readings	Greek Orthodox Archdiocese of America	2012-04-09	140	4.15	2026-09-30	0.99	516000464
paid	Reference	21	SkyView® Satellite Guide	Terminal Eleven LLC	2013-09-06	595	4.16	2020-02-04	3.99	694309958
paid	Reference	22	ARS FOG	Advanced Rescue Solutions	2026-04-15	12	5	2026-04-15	9.99	6761950939
paid	Reference	23	Fighter Verses: memorize Bible	Truth78	2010-12-23	2120	4.91	2026-09-11	4.99	411711646
paid	Reference	24	iMissal Catholic	Cantcha, Inc.	2009-03-26	2033	4.43	2026-07-30	4.99	307312434
paid	Reference	25	World Map Pro Edition	Appventions	2010-01-19	3063	4.69	2026-01-04	1.99	350925062
paid	Reference	26	Dear Passengers Panic Playbook	Tiemen Oldenburger	2026-07-27	271	4.06	2026-07-27	4.99	6794281589
paid	Reference	27	DRR Rescue	Tom PENDLEY	2012-10-24	518	4.92	2026-07-10	19.99	570611259
paid	Reference	28	Countdown Maps	David Allen	2014-02-24	22	4.32	2026-09-23	2.99	824062263
paid	Reference	29	Assistant for Stardew Valley	ITHERSTA LLP	2023-10-20	307	4.89	2026-09-08	3.99	6450314946
paid	Reference	30	Central Park Entire	Great Hill Productions	2013-10-16	33	4.91	2015-09-05	2.99	722634607
paid	Reference	31	World War II Military Aircraft	Alexandru Angelescu	2018-04-21	42	4.67	2026-09-19	1.99	1305703275
paid	Reference	32	Pocket Rally Dog Obedience	Blue Ribbon Dogs	2016-06-06	135	4.83	2026-09-27	1.99	1113307103
paid	Reference	33	The Warbler Guide	Princeton University Press	2014-12-21	46	4.48	2017-01-20	12.99	950923317
paid	Reference	34	Patristic Library	Joseph See	2026-06-09	2	5	2026-08-11	14.99	6777158227
paid	Reference	35	SkySafari 8 Pro	Simulation Curriculum Corp.	2025-12-10	772	4.66	2026-09-01	49.99	6752672420
paid	Reference	36	MyRallyCoach	Brook-Schwartz Design, Inc.	2023-01-18	9	4.56	2026-09-08	1.99	6443626603
paid	Reference	37	Lost Person Behavior	dbS Productions	2015-02-03	14	4	2018-07-03	9.99	958063238
paid	Reference	38	Kicker U	Kicker	2011-02-14	50	2.28	2021-08-19	3.99	418548755
paid	Reference	39	HmongPhrases	Golden Fireflies LLC	2011-11-15	43	4.02	2022-02-10	0.99	479437001
paid	Reference	40	The ESO App	Andrew Carlton	2015-12-13	598	3.47	2026-09-06	1.99	1065810256
paid	Reference	41	Pilot Handbook	Calculated Industries	2009-12-19	319	4.88	2021-12-01	2.99	346827608
paid	Reference	42	Airplane Flying Handbook	Calculated Industries	2010-01-11	106	4.74	2021-12-01	2.99	349533972
paid	Reference	43	Instrument Flying Handbook	Calculated Industries	2010-01-27	111	4.84	2021-12-02	2.99	351802199
paid	Reference	44	Serial Killer Murder Library	Rocket Splash Games	2012-10-25	6	4	2014-10-17	3.99	493094117
paid	Reference	45	NYCFireBox	Pioneer Mobile Applications, LLC	2018-05-01	7	3.86	2026-05-28	4.99	1377737408
paid	Reference	46	Collins COBUILD Dictionary	MobiSystems, Inc.	2010-09-03	46	4.37	2018-07-11	11.99	389735161
paid	Reference	47	Modern Military Aircraft	Alexandru Angelescu	2018-12-18	39	4.85	2025-12-16	1.99	1440183813
paid	Reference	48	Cold War Military Aircraft	Alexandru Angelescu	2018-07-26	28	4.5	2025-12-13	1.99	1378219406
paid	Reference	49	Spreadthesign - Beginners	Europeiskt Teckenspråkcenter	2025-04-01	0	0	2025-04-01	1.99	6717600571
paid	Reference	50	Wise Words for Moms	Shepherd Press Apps	2012-06-16	38	4.79	2025-11-22	1.99	534302903
paid	Reference	51	The Spider League	Spencer Clarke	2026-01-26	26	4.73	2026-09-03	1.99	6758119717
paid	Reference	52	Mods for BeamNG Drive	Chi Kau Wan	2017-01-23	75	2.23	2017-01-23	2.99	1197250190
paid	Reference	53	HazMat Reference	ThatsMyStapler Inc.	2010-11-15	1752	4.82	2024-05-08	4.99	385775821
paid	Reference	54	Penny Puss 2.0	Wendy Little	2024-06-07	10	4.6	2024-06-07	9.99	6504027063
paid	Reference	55	OilField Formulas iHandy Calc	zhandos uakanov	2014-05-12	0	0	2026-01-23	1.99	875486327
paid	Reference	56	Roget's II: New Thesaurus	Enfour, Inc.	2019-02-02	367	4.73	2026-08-28	4.99	286861782
paid	Reference	57	PA Bible	MarkedSoftware	2012-02-26	3	3.67	2020-04-26	2.99	502511514
paid	Reference	58	ACNH Travel Guide	Jeffrey Kuiken	2020-03-21	3888	4.91	2026-07-23	3.99	1502818559
paid	Reference	59	WordWeb Audio Dictionary	Antony Lewis	2009-04-10	11	4.82	2026-07-24	3.99	309527746
paid	Reference	60	Sasol eBirds Southern Africa	mydigitalearth.com	2020-06-30	90	4.67	2026-06-22	19.99	1505731669
paid	Reference	61	St. Josemaria	Jorge Panayotti	2009-10-01	72	4.79	2023-10-19	9.99	332325822
paid	Reference	62	Rosary Army	Rosary Army Corp.	2018-05-24	456	4.92	2025-10-10	3.99	1357336863
paid	Reference	63	Unofficial Palia Notebook	Kristina Frye	2026-01-08	9	4.33	2026-09-10	2.99	6755896515
paid	Reference	64	Tehilim תהלים Tehillim Psalms	RustyBrick, Inc.	2019-02-12	102	4.64	2026-06-18	1.99	287833070
paid	Reference	65	Iowa Police Field Reference	Josh Lefler	2012-03-22	610	4.82	2026-08-06	3.99	511050429
paid	Reference	66	iMissal Catholic Bible	Cantcha, Inc.	2013-02-19	38	4.37	2015-06-18	9.99	585828734
paid	Reference	67	Collins French-English	Ultralingua, Inc.	2013-08-08	343	4.73	2026-07-21	17.99	623954205
paid	Reference	68	New York Criminal Law	Jurisware, LLC	2019-12-28	19	4.58	2026-08-30	0.99	1483228127
paid	Reference	69	AFI Explorer	William Walker	2021-04-28	244	4.75	2026-09-22	4.99	1564964107
paid	Reference	70	Booktionary: Camera Dictionary	FREDERIC D VINCENT	2026-08-21	0	0	2026-10-02	1.99	6796368335
paid	Reference	71	Gammon API Gravity Calculator	Gammon Technical Products	2016-11-08	10	3.6	2016-11-08	9.99	1163782117
paid	Reference	72	Touch Bible: KJV+ Concordance	Patrick Franklin	2011-06-14	40	4.58	2022-06-08	1.99	441444308
paid	Reference	73	iRosary Classic	Opicury Software	2009-01-07	417	4.82	2021-12-09	2.99	301340979
paid	Reference	74	Strong’s Concordance	Glen Ramsay	2023-03-15	338	4.82	2026-07-13	1.99	1673171256
paid	Reference	75	SCRABBLE Dictionary	Merriam-Webster, Inc.	2012-08-20	129	2.96	2018-10-05	4.99	542466961
paid	Reference	76	Posted! - List Pro & Anti-Gun	Workman Consulting LLC	2012-06-28	376	4.72	2024-04-04	0.99	530004581
paid	Reference	77	HamClock	Ben Sinclair	2010-01-09	25	2.92	2024-02-06	0.99	349645947
paid	Reference	78	TEKS (All Content)	James Smith	2024-01-16	0	0	2026-08-09	1.99	6462796855
paid	Reference	79	Actions: The Actors’ Thesaurus	FirstyWork	2014-08-04	9	3.33	2016-01-15	8.99	903874266
paid	Reference	80	Shakespeare Lexicon and Quotation Dictionary	Trang Hoai	2016-07-14	4	4.25	2016-07-14	2.99	1132784765
paid	Reference	81	Oxygen Calculation Tool	Joshua Savko	2020-04-07	163	4.81	2022-05-01	0.99	1502863745
paid	Reference	82	GoSatWatch Satellite Tracking	GoSoftWorks	2008-12-22	60	3.57	2021-03-16	9.99	300546718
paid	Reference	83	Navigation Rules Pro	Calculated Industries	2012-01-17	442	4.83	2021-12-08	4.99	494309072
paid	Reference	84	Himnario IDMJI	Librería y Papelería Futuro Ltda	2016-05-24	336	4.95	2025-12-03	4.99	1115905240
paid	Reference	85	Touch Bible Loaded: Level Up!	Patrick Franklin	2008-12-12	75	4.4	2023-05-02	9.99	298894451
paid	Reference	86	Catholic New American Bible RE	greg fairbrother	2011-08-24	87	3.32	2025-12-23	2.99	423443665
paid	Reference	87	Pipefitter App	Gary Nerenberg	2016-02-09	3	2.67	2016-02-10	9.99	1081145827
paid	Reference	88	Mezgebe Hiwot	Getahun Ayalew	2021-02-23	23	3.7	2025-11-29	19.99	1541001866
paid	Reference	89	Costa Rica Birds Basic	Patrick ODonnell	2016-01-14	3	4.33	2020-11-11	2.99	1072427641
paid	Reference	90	Thelema 93	Noon Shy, LLC	2020-07-26	14	4.71	2025-06-13	2.99	1523191122
paid	Reference	91	Army NCO Tools & Guide	Polemics Applications LLC	2012-02-05	84	4.13	2025-04-28	0.99	498876291
paid	Reference	92	B767 EICAS	Fredrik Karlsson	2012-10-23	8	5	2026-07-30	1.99	570163023
paid	Reference	93	Collins Bird Guide	NatureGuides Ltd.	2014-08-14	28	3.96	2026-09-22	14.99	868827305
paid	Reference	94	SkySafari 7 Plus	Simulation Curriculum Corp.	2021-11-29	1702	4.67	2025-10-31	9.99	1567654881
paid	Reference	95	French~English Dictionary	Editions Larousse	2019-12-21	7	3.57	2023-12-18	4.99	1490103426
paid	Reference	96	USCG Bootcamp Prep Kit	Jeremy Hernandez	2021-07-31	141	4.92	2024-05-05	0.99	1577036431
paid	Reference	97	Gravity Ballistics	Sniper's Hide LLC	2024-01-03	13	3.69	2025-09-09	9.99	6471524403
paid	Reference	98	IPANow! French	PhoneticSoft	2012-02-14	3	3.67	2014-12-15	2.99	490428880
paid	Reference	99	Army Weapon Craft	Polemics Applications LLC	2015-11-16	0	0	2025-03-07	0.99	1039714208
paid	Reference	100	Complete English Grammar Rules	Farlex, Inc.	2016-09-07	44	4.57	2016-09-08	4.99	1137236760
paid	Productivity	1	QuickBend: Conduit Bending	Bret Hardman	2015-07-28	3976	4.82	2026-09-13	6.99	1010311475
paid	Productivity	2	Goblin Tools	Skyhook	2023-05-31	3020	4.76	2026-08-23	1.99	6449003064
paid	Productivity	3	Things 3	Cultured Code GmbH & Co. KG	2017-05-18	27985	4.82	2026-09-22	9.99	904237743
paid	Productivity	4	2Do: To Do List & Task Manager	Beehive Innovations Services	2026-09-06	93	4.9	2026-09-22	9.99	1470214600
paid	Productivity	5	Ugly's Electrical References	Informed Publishing	2016-12-09	1500	4.38	2026-06-19	12.99	1134770838
paid	Productivity	6	Site Audit Pro	Veam Studios Ltd	2011-04-26	11290	4.83	2026-09-24	12.90	430234732
paid	Productivity	7	iBend Pipe	Francisco Alcala	2009-11-16	103	4.22	2026-09-21	4.99	339407922
paid	Productivity	8	Scrivener	Literature & Latte	2016-07-20	2611	4.17	2023-09-29	23.99	972387337
paid	Productivity	9	Due - Reminders & Timers	Due Apps LLP	2010-09-14	2792	4.67	2026-07-01	7.99	390017969
paid	Productivity	10	Whisper Notes - Speech to Text	SmashMelon LLC	2023-04-04	639	4.67	2026-09-18	7.99	6447090616
paid	Productivity	11	Tampermonkey	Jan Biniok	2024-11-18	61	3.1	2026-07-17	2.99	6738342400
paid	Productivity	12	iFacialMocap	DevelopW LLC	2020-01-13	58	3.38	2026-04-17	7.99	1489470545
paid	Productivity	13	LineLearner	Peter Allday	2010-04-22	140	4.37	2024-07-13	3.99	368070258
paid	Productivity	14	Parchment: Agenda & Daily Note	Chris Lawley	2026-07-15	283	4.79	2026-09-18	4.99	6779987526
paid	Productivity	15	Oilfield Calendar	GoodStamp	2014-04-18	1261	4.62	2019-11-27	1.99	862869041
paid	Productivity	16	Alimentor 2: Custody Tracker	Tomasz Domanski	2018-11-12	1316	4.85	2026-09-13	6.99	1428802675
paid	Productivity	17	Dark Reader for Safari	Dark Reader Ltd	2018-10-10	282	4.27	2026-09-17	4.99	1438243180
paid	Productivity	18	Conduit: Open WebUI & AI	Tunap Paul	2025-08-17	80	4.22	2026-09-28	3.99	6749840287
paid	Productivity	19	CamScanner + | OCR Scanner	Linguan Data	2010-08-27	17344	4.85	2026-08-21	0.99	388624839
paid	Productivity	20	BusyCal: Calendar & Tasks	Busy Apps FZE	2016-06-21	4498	4.69	2026-09-24	9.99	1035689743
paid	Productivity	21	Bullet Journal Companion	Lightcage LLC	2017-02-23	2001	4.51	2023-11-01	4.99	1201419241
paid	Productivity	22	SponsorBlock for Safari	Ajay Ramachandran	2021-06-24	81	4.37	2026-06-30	2.99	1573461917
paid	Productivity	23	UnTrap for YouTube	Yevhen Tretiakov	2022-08-08	506	4.05	2026-09-17	4.99	1637438059
paid	Productivity	24	iA Writer	Information Architects AG	2013-12-18	1538	4.56	2026-09-25	19.99	775737172
paid	Productivity	25	Dumbify	AB Apps Inc.	2024-04-02	211	2.92	2024-06-02	4.99	6480082872
paid	Productivity	26	Pythonista 3	omz:software	2016-06-13	1526	4.45	2023-04-27	9.99	1085978097
paid	Productivity	27	Groundwire: VoIP SIP Softphone	Acrobits	2010-08-17	117	3.77	2026-07-20	9.99	378503081
paid	Productivity	28	Aiko	Sindre Sorhus	2023-03-03	325	4.7	2026-06-27	24.00	1672085276
paid	Productivity	29	Sign Up by SignUp.com	VOLUNTEERSPOT, INC.	2013-07-19	23	3	2025-10-30	1.99	672829281
paid	Productivity	30	2027 USPS ColorCal NALC	Preston Fung	2026-09-25	0	0	2026-09-25	1.99	6810187130
paid	Productivity	31	ازرع | Azr3	Mashal Mohammed	2026-09-02	2	5	2026-09-29	0.99	6788161279
paid	Productivity	32	Phased: Circuit Colors	Bret Hardman	2014-07-27	13	3.92	2018-09-30	0.99	898615603
paid	Productivity	33	xSearch for Safari	磊 汪	2021-09-20	228	4.45	2026-09-04	2.99	1579902068
paid	Productivity	34	Pipe Fitter Calculator	LMF.Services	2012-01-13	35	3.57	2017-11-29	4.99	493762234
paid	Productivity	35	Webmail App: IMAP Email Client	LAXMAN KATTIKAR	2022-03-14	746	4.16	2026-08-16	2.99	1602403259
paid	Productivity	36	MobileFamilyTree 11	Synium Software GmbH	2025-01-27	642	4.74	2026-09-17	14.99	6480510866
paid	Productivity	37	Open Relay - Open WebUI Client	Abhishek Bhardwaj	2026-03-11	31	4.97	2026-10-03	9.99	6759630325
paid	Productivity	38	GoodReader PDF Editor & Viewer	Good.iWare, Inc.	2014-05-07	13804	4.66	2026-10-01	5.99	777310222
paid	Productivity	39	Show StopWatch	Jack Lord	2017-05-06	48	4.71	2026-04-01	3.99	1211287819
paid	Productivity	40	Chillio Cleaning App	Md Milon Hossain	2026-03-17	28	4.46	2026-07-18	9.99	6760094766
paid	Productivity	41	Awesome Calendar	YunaSoft Inc.	2011-11-17	3872	4.63	2022-01-24	9.99	480102733
paid	Productivity	42	FSWizard PRO	Eldar Gerfanov	2013-12-14	24	4.83	2024-01-21	17.99	774456543
paid	Productivity	43	Circuit Colors	Francisco Alcala	2011-01-06	24	3.67	2026-09-14	1.99	412920859
paid	Productivity	44	Rack Builder Pro	Thomas Lang	2025-11-18	28	4.18	2026-05-20	0.99	6754610609
paid	Productivity	45	Mouse · Keyboard	Remote Sunrise LTD	2020-05-27	2470	4.68	2026-09-16	7.99	1515294700
paid	Productivity	46	SocialFocus: Hide Distractions	Yevhen Tretiakov	2022-12-24	323	3.95	2026-07-02	4.99	1661093205
paid	Productivity	47	WhosDue	Brian Smith	2018-01-22	47	4.4	2026-08-02	9.99	1337992122
paid	Productivity	48	impcat	Design Bench - Immersive Agency	2020-02-05	51	2.61	2026-01-08	2.99	1496845136
paid	Productivity	49	Tagdawn: NFC Alarm & Habits	Ali Bakhshoude	2026-07-28	2	4.5	2026-08-10	8.99	6789881312
paid	Productivity	50	Minpick	Makoto Fukuoka	2026-06-17	0	0	2026-10-01	0.29	6781131521
paid	Productivity	51	Phone Buddy Phone Lost Alert	FRE STUDIOS LLC	2019-04-01	518	4.23	2023-12-01	4.99	1451559391
paid	Productivity	52	Merge Voice Memos	PLATINUM CITY LLC	2024-04-01	528	4.9	2026-06-09	4.99	6476123178
paid	Productivity	53	Acrobits Softphone	Acrobits	2009-07-01	47	4.17	2026-07-09	6.99	314192799
paid	Productivity	54	Fraction Calculator PRO #1	DigitAlchemy LLC	2012-04-18	752	4.94	2024-05-28	3.99	504494723
paid	Productivity	55	Electric Color Code	DAE J MYUNG	2009-02-19	19	3.58	2022-07-17	0.99	304936138
paid	Productivity	56	Oblique Strategies SE	Nicolae Gherasim	2016-05-16	553	4.82	2026-09-05	3.99	1104927011
paid	Productivity	57	iCalendar	Symfonies, Inc.	2012-01-05	5356	4.72	2024-07-02	2.99	492076105
paid	Productivity	58	My Hours 2.0	Jeffery Jones	2013-10-28	726	4.71	2019-01-11	1.99	654788712
paid	Productivity	59	URL to QR for Safari	Tomoya Onishi	2021-09-19	3	3	2026-06-02	5.99	1586089723
paid	Productivity	60	gtsync: Sync Tasks & Reminders	Florian Kaiser	2026-04-27	5	4.8	2026-09-18	4.99	6761292407
paid	Productivity	61	(beat) for iOS	Lauri-Matti Parppei	2024-05-15	44	4.3	2026-09-30	11.99	6458740044
paid	Productivity	62	Ductulator - Duct Sizing	Wassim Murr	2019-08-13	345	4.74	2026-03-24	3.99	1474939475
paid	Productivity	63	Derated: Conduit Fill	Bret Hardman	2024-01-21	10	4.9	2024-01-22	1.99	6468839409
paid	Productivity	64	eDrawings	Dassault Systemes SolidWorks Corporation	2012-05-01	17	2.47	2026-04-16	1.99	520231936
paid	Productivity	65	3D Animated Emoji PRO + Emoticons - SMS,MMS,WhatsApp Smileys Animoticons Stickers	舜 陈	2013-11-15	249	2.89	2014-05-21	0.99	740660941
paid	Productivity	66	KIT Scenarist	Dmitry Novikov	2017-08-08	19	2.89	2021-10-20	3.99	1268390257
paid	Productivity	67	Strongbox Pro	Phoebe Code Limited	2019-10-09	339	4.73	2026-08-26	99.99	1481853033
paid	Productivity	68	Speed Dial XL: Big Photo Call	Klaus Schöffmann	2013-11-04	70	4.63	2026-07-19	3.99	733552154
paid	Productivity	69	MagiCal: Scan to Calendar	Mike Swirsky	2026-09-24	0	0	2026-10-04	9.99	6814006444
paid	Productivity	70	Braintoss	Braintoss B.V.	2013-01-09	49	3.8	2026-06-22	2.99	576226036
paid	Productivity	71	QR Code Scanner - Smart Scan	dataWorks GmbH	2023-02-28	15	4.73	2024-09-28	4.99	1668633999
paid	Productivity	72	Kan Do: Project Management	Stephen Robles	2026-08-05	19	4.47	2026-10-02	2.99	6795152195
paid	Productivity	73	Ammo Handler	All Jacked-up Studios, LLC	2017-02-24	8	5	2020-03-14	1.99	1207706409
paid	Productivity	74	Easy Offset	Allen Sieler	2011-01-11	25	4.32	2018-11-06	4.99	412835048
paid	Productivity	75	Photo Measures	Cubent	2011-01-19	528	4.58	2024-04-19	6.99	415038787
paid	Productivity	76	Pipefitter	Tomasz Szymanski	2016-02-25	3	2.67	2025-06-03	6.99	1043963852
paid	Productivity	77	Alfred Remote	Running with Crayons Ltd	2015-01-28	16	3	2021-04-15	4.99	927944141
paid	Productivity	78	aWallet Cloud Password Manager	Petr Synek	2017-01-24	1929	4.88	2026-06-15	9.99	1194813074
paid	Productivity	79	FITREP RS	Warrior Waypoint LLC	2025-03-12	1	5	2026-10-03	4.99	6743132342
paid	Productivity	80	Control Panel for YouTube	J BUCHANAN & L.J BUCHANAN	2024-02-25	8	4	2026-09-25	3.99	6478456678
paid	Productivity	81	Story Planner for Writers	Bartolome Masco Lopez	2014-04-19	1180	4.74	2026-09-22	8.99	860024390
paid	Productivity	82	Calzy	Raja Vijayaraman	2013-04-19	1923	4.71	2026-09-14	1.99	623690732
paid	Productivity	83	Miter Pipe Calculator	LMF.Services	2012-04-13	2	4	2017-12-01	3.99	517273421
paid	Productivity	84	Aquarimate	WiseLogic Inc	2012-12-20	625	4.44	2025-06-24	9.99	587215055
paid	Productivity	85	When'd I	HyunWoo Lee	2026-08-20	0	0	2026-09-30	2.99	6801866888
paid	Productivity	86	Contacts Sync Pro	Playa Apps	2013-08-22	810	4.71	2026-08-13	9.99	686378579
paid	Productivity	87	Occasions 3 - Reminders	Hand Carved Code, LLC	2013-03-06	2390	4.84	2026-09-29	2.99	541109232
paid	Productivity	88	Site Report Pro+ Punchlist App	Pipe Flow Software	2017-11-02	319	4.65	2026-03-30	16.99	1300676807
paid	Productivity	89	Vyst: Write without editing	Johan Thorell	2026-04-09	2	5	2026-05-05	0.49	6760647645
paid	Productivity	90	Lateral Pipe Calculator	LMF.Services	2012-07-09	6	4.33	2018-01-11	4.99	521690013
paid	Productivity	91	Safe +  Password Manager	edv & medien GmbH	2014-04-08	467	4.78	2026-09-24	2.99	839529762
paid	Productivity	92	Bear Focus Timer: Work & Study	EUIHYUNG JUNG	2018-01-12	156	4.33	2026-09-21	2.99	1328806990
paid	Productivity	93	FSNotes	Oleksandr Hlushchenko	2018-03-19	86	4.67	2026-09-21	4.99	1346501102
paid	Productivity	94	PDF417 Pro: Scan & Generate	iCubemedia Inc.	2012-09-20	30	4.4	2026-01-06	4.99	560119160
paid	Productivity	95	Paper Ai Assistant	Bholeshankar Enterprises Private Limited	2026-09-01	0	0	2026-09-01	0.99	6757206246
paid	Productivity	96	iCircuit	Krueger Systems, Inc.	2010-07-29	135	3.81	2026-03-18	12.99	383359044
paid	Productivity	97	Pipe Fitter Tools	LMF.Services	2012-11-18	6	1.33	2018-11-08	0.99	561551768
paid	Productivity	98	Reminder & Countdown Pro	Sergey Astakhov	2012-04-05	3242	4.79	2026-07-07	1.99	515197396
paid	Productivity	99	Viska: Local AI Meeting Notes	Kickstart Crew	2026-01-29	2	5	2026-09-03	6.99	6757442705
paid	Photo & Video	1	2AM CAM	Aiden Magarian	2026-08-27	24	4.96	2026-09-27	0.99	6793744610
paid	Photo & Video	2	Moment Pro Camera II	Moment Inc.	2025-11-14	478	4.47	2026-09-24	9.99	6748837351
paid	Photo & Video	3	PhotoPills	PhotoPills S.L.	2013-03-21	1532	4.71	2026-09-02	10.99	596026805
paid	Photo & Video	4	Stop Motion Studio Pro	CATEATER, LLC	2013-07-05	14144	4.74	2025-12-10	5.99	640564761
paid	Photo & Video	5	LumaFusion	Luma Touch LLC	2016-12-22	24782	4.75	2026-10-02	29.99	1062022008
paid	Photo & Video	6	Rarevision VHS: Retro Cam	Rarevision	2015-08-17	6730	4.66	2025-11-07	5.99	679454835
paid	Photo & Video	7	myLightMeter PRO	David Quiles	2012-12-13	1136	4.79	2026-09-17	4.99	583922375
paid	Photo & Video	8	PromptSmart Pro - Teleprompter	PromptSmart	2014-08-13	11823	4.61	2026-06-03	29.99	894811756
paid	Photo & Video	9	NightCap Camera: Long Exposure	RTD	2013-12-12	2955	4.35	2026-09-19	2.99	754105884
paid	Photo & Video	10	Print to Size	Clafou Ltd	2015-01-21	19925	4.86	2026-09-15	2.99	949490225
paid	Photo & Video	11	BerryFilm - Korean Style Cam	Seungyun Kim	2025-02-27	71	4.89	2026-09-27	1.99	6741474933
paid	Photo & Video	12	Kino - Pro Video Camera	Lux Optics Incorporated	2024-05-29	1973	4.74	2026-06-10	9.99	6472380172
paid	Photo & Video	13	Lumy	Raja Vijayaraman	2014-08-27	2371	4.81	2026-09-17	7.99	908905093
paid	Photo & Video	14	AstroShader	AstroShader Limited	2022-11-29	112	4.29	2026-09-17	1.99	6444631986
paid	Photo & Video	15	Slow Shutter Cam	Cogitap Software	2010-02-23	2804	4.62	2026-09-24	2.99	357404131
paid	Photo & Video	16	ProCam - Pro Camera	Tinkerworks Apps	2013-10-30	35311	4.61	2026-10-03	9.99	730712409
paid	Photo & Video	17	GrayZone - Light Meter	Massimiliano Schenetti	2026-01-06	5	2.8	2026-09-18	2.99	6757147623
paid	Photo & Video	18	YoungPhoto - Aesthetic Camera	Seungyun Kim	2026-06-26	3	4.33	2026-09-28	1.99	6763737180
paid	Photo & Video	19	Milky Way Tonight	Chasing Starlight LLC	2026-06-12	22	5	2026-09-03	7.99	6769140324
paid	Photo & Video	20	Cadrage Director's Viewfinder	Cadrage GmbH	2014-01-19	374	4.73	2026-09-25	19.99	793232740
paid	Photo & Video	21	Photo Scan Plus	Photomyne LTD	2015-03-10	22431	4.79	2026-08-19	1.99	951627022
paid	Photo & Video	22	Superimpose X	Pankaj Goswami	2017-12-15	3018	4.7	2026-10-02	4.99	1304177471
paid	Photo & Video	23	iWebTV PRO	Swishly inc	2019-03-15	4382	4.72	2026-07-26	6.99	1453647914
paid	Photo & Video	24	filmhwa - @hwa.min's filter	ARTTIC CO., LTD.	2022-11-09	435	4.77	2026-09-03	2.99	6443723657
paid	Photo & Video	25	NotanIzer	bigpantsgroup LLC	2016-11-10	103	4.33	2026-02-26	1.99	1169086981
paid	Photo & Video	26	8mm Vintage Camera	NEXVIO INC.	2010-12-22	386	3.6	2026-03-18	3.99	406541444
paid	Photo & Video	27	ProShot	Rise Up Games	2014-10-07	1309	4.44	2026-06-04	7.99	924438909
paid	Photo & Video	28	TV Cast Pro for Sony TV	Kraus und Karnath GbR 2Kit Consulting	2017-08-30	1364	2.79	2024-04-22	9.99	1198515341
paid	Photo & Video	29	NDI Camera: Easy Streaming	NewTek	2019-09-14	187	3.06	2026-03-16	19.99	1477266080
paid	Photo & Video	30	CineTemp	TKNYE	2024-12-17	31	4.9	2026-09-22	19.99	6738967033
paid	Photo & Video	31	Litchi for DJI Drones	VC Technology Ltd	2015-12-21	2272	4.56	2026-04-02	24.99	1059218666
paid	Photo & Video	32	The Photographer's Ephemeris	Crookneck Consulting LLC	2010-04-16	1561	4.75	2026-07-24	9.99	366195670
paid	Photo & Video	33	Oldi - Phone Camera	Sean Cho	2026-03-20	3	5	2026-10-03	0.99	6760838876
paid	Photo & Video	34	Sun Surveyor (Sun & Moon)	Adam Ratana	2012-05-11	281	4.79	2025-11-07	9.99	525176875
paid	Photo & Video	35	IIWII	Joshua Johannes Hoffmann	2026-01-07	15	4.6	2026-09-24	1.99	6756866511
paid	Photo & Video	36	Planit Pro: Photo Planner	JIDE Software, Inc.	2015-01-23	1462	4.77	2026-09-16	9.99	898876435
paid	Photo & Video	37	mySpotMeter	David Quiles	2026-08-05	6	4.17	2026-09-15	6.99	6789911475
paid	Photo & Video	38	Even Longer	Mario Tomiak	2021-05-30	220	4.11	2026-09-30	3.99	1546911907
paid	Photo & Video	39	ProCam MK II - Pro Camera	Tinkerworks Apps	2026-07-20	23	4.52	2026-10-03	19.99	6787737491
paid	Photo & Video	40	Camera M - Pro Manual Camera	bxb	2017-08-03	1415	4.54	2026-09-24	7.99	1239098425
paid	Photo & Video	41	Massive Dev Chart Timer	Freestyle Photo & Imaging	2010-11-11	55	3.75	2026-07-09	9.99	402405770
paid	Photo & Video	42	Unofficial Z8 Pro Guide	Kieran Hayes	2026-05-14	22	4.77	2026-05-20	14.99	6762194567
paid	Photo & Video	43	ShutterCount Mobile	DIRE Studio	2016-04-04	66	3.35	2026-09-03	9.99	1084325249
paid	Photo & Video	44	Diptic	Rhia Bucklin	2010-06-23	3008	4.53	2021-02-01	2.99	377989827
paid	Photo & Video	45	Color Splash	Pocket Pixels Inc.	2009-02-15	6475	4.86	2024-09-20	1.99	304871603
paid	Photo & Video	46	AstroEdit - Simple and Quick	yong chong loh	2024-02-20	17	3.94	2026-08-28	2.99	6478158736
paid	Photo & Video	47	Bluetooth+ for Blackmagic	We Are Empire PTY LTD	2018-05-08	1164	4.71	2024-06-13	5.99	1376947780
paid	Photo & Video	48	ZineControl	Antonio Gonzalez	2026-06-12	11	4.55	2026-09-24	14.99	6761366366
paid	Photo & Video	49	GIKA - Vintage Phone Cam	Noahproject Inc.	2025-12-01	10	5	2026-10-03	1.99	6755822636
paid	Photo & Video	50	Pic Scanner Gold: Scan Photos	App Initio Limited	2016-11-06	401	4.32	2026-08-20	9.99	1124131441
paid	Photo & Video	51	Parallax Monitor	Michael Aguado	2026-06-29	21	5	2026-09-29	19.99	6762336561
paid	Photo & Video	52	Pocket Light Meter	Nuwaste studios	2010-07-29	1046	4.46	2025-02-19	9.99	381698089
paid	Photo & Video	53	WristTube+ Player for YouTube	WRISTTECH STUDIO COMPANY LIMITED	2024-09-28	10	2.7	2026-05-22	2.99	6698876690
paid	Photo & Video	54	TV Cast Pro for Fire TV	Kraus und Karnath GbR 2Kit Consulting	2016-06-17	7652	3.8	2026-02-09	9.99	1125003546
paid	Photo & Video	55	WatchVideo Player	Atlum Limited	2019-12-10	382	4.79	2026-09-27	1.99	1489041267
paid	Photo & Video	56	Screen Mirroring+ App	Kraus und Karnath GbR 2Kit Consulting	2019-05-31	11772	2.96	2026-07-09	9.99	1463795337
paid	Photo & Video	57	CoreCam	NIKLAS KLEEMANN	2025-01-12	8	4.62	2026-09-24	2.99	6739510993
paid	Photo & Video	58	Face Morph Video: Baby Growth	Koji Yamamoto	2026-04-17	0	0	2026-09-14	4.99	6761054764
paid	Photo & Video	59	Pixelmator Classic iOS	Apple	2014-10-23	1209	4.47	2026-08-25	9.99	924695435
paid	Photo & Video	60	Beastcam - Pro Camera	BeastGrip	2020-06-17	197	4.02	2025-11-19	2.99	1450650398
paid	Photo & Video	61	Context Camera	Cascode Labs Pty Ltd	2013-06-25	2399	4.74	2026-09-18	5.99	662559044
paid	Photo & Video	62	ShuttR: Shutter Speed Tester	Christian Haemmerle	2026-08-12	2	4.5	2026-09-26	3.99	6790870659
paid	Photo & Video	63	FILCA - Vintage Film Camera	Cheol Kim	2018-09-22	2469	3.78	2026-09-22	3.99	1436429074
paid	Photo & Video	64	GR Snap - Ricoh GR Image Sync	Techflow Studio Limited	2026-05-28	18	5	2026-10-02	9.99	6768040383
paid	Photo & Video	65	Photo Manager Pro	Skyjos Co., Ltd.	2016-09-03	1918	4.52	2026-04-16	2.99	1076480192
paid	Photo & Video	66	TV Cast Pro for Google Cast	Kraus und Karnath GbR 2Kit Consulting	2016-07-28	2756	4.06	2024-11-26	9.99	1136232806
paid	Photo & Video	67	TurboCollage Automatic	SilkenMermaid	2016-02-01	115	4.17	2020-02-11	2.99	1076224918
paid	Photo & Video	68	ShutterFinder: Flicker Meter	Nuncha	2026-03-20	1	5	2026-10-01	2.99	6760565737
paid	Photo & Video	69	Screen Mirroring to iPad	DAMIRCHE CA LLC	2024-06-21	108	4.82	2026-09-16	14.99	6504540943
paid	Photo & Video	70	Pic Scanner: Scan Old Photos	App Initio Limited	2013-06-26	198	4.32	2026-06-10	3.99	644278663
paid	Photo & Video	71	Helios Sun, Moon, Star Pre-Viz	Chemical Wedding	2017-11-21	20	3.45	2026-08-27	29.99	1187474993
paid	Photo & Video	72	ArtStudio - Draw and Paint	Lucky Clan	2010-02-10	559	4.63	2019-01-18	4.99	354818333
paid	Photo & Video	73	Veescope Green Screen Full	Phone Sweets	2013-03-04	150	4.07	2026-02-16	2.99	605757864
paid	Photo & Video	74	Instant Lines	祥 汤	2022-07-16	24	4.88	2023-09-30	0.99	1633366918
paid	Photo & Video	75	US Passport & Visa Photo	Ruizheng Liu	2024-02-20	1	5	2024-02-20	4.99	6477656644
paid	Photo & Video	76	EE35 Film Camera	EIGHTIVE DESIGN, Inc.	2017-11-15	71	4	2019-10-14	1.99	1313164055
paid	Photo & Video	77	Filmish	Caven Lim	2024-05-13	0	0	2026-09-25	1.99	6502446839
paid	Photo & Video	78	FaceScreen: Floating Camera	Softal Limited	2024-10-01	10	4.9	2026-07-15	5.99	6702028512
paid	Photo & Video	79	Interval Camera: Auto Capture	CAEN Co., Ltd.	2026-08-05	2	5	2026-10-03	1.99	6794596051
paid	Photo & Video	80	Spatialify	天 吴	2023-12-08	63	3.97	2026-05-21	2.99	6471922894
paid	Photo & Video	81	Bluristic - Long Exposure	Johannes Pfahler	2014-06-03	27	3.81	2026-06-01	4.99	879408799
paid	Photo & Video	82	Face & Body Photo editor	Uniqo Lab.	2011-01-27	1780	4.67	2023-09-23	1.99	414469628
paid	Photo & Video	83	BlendMotion	Tamer KUMAS	2026-04-11	2	5	2026-07-29	6.99	6760141471
paid	Photo & Video	84	WordPack: Word Cloud Generator	Alexey Tataurov	2013-11-01	1295	4.45	2022-11-20	0.99	730394011
paid	Photo & Video	85	Bimostitch	Chomba Bupe	2021-12-06	33	4.45	2026-08-22	7.99	1598709872
paid	Photo & Video	86	Exif Viewer - Photo Metadata	婧 李	2019-06-22	711	4.54	2025-02-07	2.99	1468747693
paid	Photo & Video	87	Zoetrope It: Animated Vinyl	Fabiano Souza	2026-05-06	0	0	2026-05-06	6.99	6763123333
paid	Photo & Video	88	Average Camera Pro	Dominik Seibold	2011-01-25	38	3.42	2019-06-12	1.99	415577873
paid	Photo & Video	89	Death Lens	PHOKUS PTY. LTD.	2015-05-27	109	3.79	2020-04-13	1.99	970358327
paid	Photo & Video	90	Trevni: Film Negative Inverter	James Moore	2025-05-21	2	3	2026-09-02	2.99	6741860536
paid	Photo & Video	91	Infrared Camera	Greg Anderson	2026-05-03	0	0	2026-09-02	0.99	6763628004
paid	Photo & Video	92	Unsharp	北北 宋	2024-08-09	5	4.2	2026-09-18	0.99	6504206143
paid	Photo & Video	93	Curved Text	Dongwook Cho	2013-03-25	72	2.78	2019-12-18	2.99	584748197
paid	Photo & Video	94	Aquarium Camera	John Ostler	2017-09-18	758	4.2	2026-04-22	4.99	1279335875
paid	Photo & Video	95	Photo Complications	Atlum Limited	2021-05-25	55	4.18	2026-04-05	1.99	1542055186
paid	Photo & Video	96	Timecode+	Daniel Ricciotti	2013-01-07	88	3.99	2026-07-23	19.99	590534084
paid	News	1	Reeder Classic	Silvio Rizzi	2020-10-16	830	4.13	2026-09-25	4.99	1529445840
paid	News	2	Earthquake 3D	Richard Wolton	2011-07-14	76	3.72	2020-01-31	6.99	448638079
paid	News	3	GoodLinks	Ngoc Luu	2020-06-10	638	4.72	2026-09-23	9.99	1474335294
paid	News	4	NewsTap (Usenet Newsreader)	Alexander Clauss	2008-10-07	19	3.42	2026-01-20	3.99	292410356
paid	News	5	Downcast	Jamawkinaw Enterprises LLC	2010-10-01	2673	4.28	2025-01-26	2.99	393858566
paid	News	6	News Explorer	Ron Elemans	2016-09-02	640	4.68	2026-07-14	4.99	1032668306
paid	News	7	Current - RSS Feed Reader	Jupiter Interactive Group LLC	2026-02-17	112	4.44	2026-07-30	9.99	6758530974
paid	News	8	MuteCast	Thomas Erwin Stange	2026-05-12	0	0	2026-10-03	3.99	6763888743
paid	News	9	lire: RSS Reader	Kunal Sood	2020-09-16	154	4.36	2026-09-17	9.99	1531976425
paid	News	10	RIP VIP: The Death Alert App.	David Ritchie	2013-10-22	38	3.79	2015-01-16	0.99	724226640
paid	News	11	TV Show Tracker - TV Club	RanduSoft SRL	2024-04-22	6	4.33	2026-09-14	2.99	6497563903
paid	News	12	Outcast for Watch	Crunchy Bagel	2018-01-23	969	4.24	2026-09-14	2.99	1326693810
paid	News	13	FredScanner Pro	WaveJam Technologies LLC	2013-08-19	10	4.4	2026-09-23	0.99	688481023
paid	News	14	The Aviation Herald	The Aviation Herald	2014-08-01	1	5	2022-02-12	12.99	903637019
paid	News	15	Bayou City Watch	Justin Stigall	2026-05-01	1	5	2026-07-18	0.99	6763953630
paid	News	16	Auralys	Eun Ku Lee	2025-10-02	0	0	2025-10-02	4.99	6751243342
paid	News	17	BiH TV	Kanta	2009-11-04	1	1	2025-06-04	9.99	337268548
paid	News	18	Election Explorer: 2026 Map	Carlton Payne III	2026-02-24	0	0	2026-10-01	2.99	6759520295
paid	News	19	TextTV	Throw Lab	2009-08-07	1	3	2021-05-13	0.99	323994185
paid	News	20	Rwanda TV	Arole Kenfack	2020-12-06	0	0	2020-12-06	0.99	1543252628
paid	News	21	QuakeWatch	LateNightProjects	2009-05-06	79	4.3	2019-11-26	0.99	314600768
paid	News	22	iCatcher! Podcast App	Joeisanerd.com	2011-03-14	1882	4.7	2026-09-23	4.99	414419105
paid	News	23	World Newspapers - 200 countries	BoCoSoft,Inc.	2009-05-07	4	2.75	2016-12-16	0.99	313147645
paid	News	24	Electoral Map Maker 2024	Carnevale	2016-01-29	86	4.37	2024-05-14	3.99	1039945866
paid	News	25	Feeddler RSS Reader Pro	C.B. Liu	2014-09-25	106	4.06	2020-10-12	4.99	919056339
paid	News	26	ZAKER专业版	Guangzhou Jianhe Network Technology Co.,Ltd	2015-08-09	80	4.05	2025-11-06	0.99	1015225810
paid	News	27	Podcast Alarm: Wake & Listen	Jonathan Wilson	2019-09-30	82	3.34	2026-06-08	2.99	1441890371
paid	News	28	Lottery (Thai) - ตรวจหวย	Orisma	2011-02-10	1	5	2023-06-22	0.99	416339439
paid	News	29	Hacker News	Michael Grinich	2009-12-08	17	2.35	2010-11-15	2.99	339408916
paid	News	30	凤凰新闻(专业版)-头条新闻阅读平台	Beijing TianyingJiuzhou Network Technology Co. Ltd	2016-10-07	16	2.44	2026-03-04	2.99	1152396902
paid	News	31	Police Scanner on Watch	Guru Network Limited Inc.	2020-03-30	14	2.21	2020-04-04	4.99	1503490043
paid	News	32	Pincase - A Pinboard.in client, that is simple, elegant and powerful, perfect for managing your daily discoveries.	Keishi Maeda	2013-09-25	42	3.55	2013-10-11	3.99	698220406
paid	News	33	Ballotics: Elections, Politics	Antwon Key	2020-10-02	30	4.43	2026-06-25	3.99	1524713588
paid	News	34	Network - Podcast App	Andrew Conlan	2013-12-18	11	4.18	2025-12-17	2.99	723422355
paid	News	35	NSW Fires	P4G Pty Ltd	2010-01-13	44	4.91	2026-02-13	0.99	350111353
paid	News	36	Simple RSS Push+	Alexandre Fabri	2013-10-07	0	0	2022-10-01	1.99	711503013
paid	News	37	Mocast	Krueger Systems, Inc.	2014-07-18	2	5	2025-03-08	4.99	897185985
paid	News	38	Deep Web & Dark Web	hasan basusta	2019-01-31	5	2.6	2026-09-03	8.99	1450659317
paid	News	39	claw: Unofficial Lobsters App	Zac Gorak	2020-09-16	11	4.73	2026-07-30	2.99	1531645542
paid	News	40	HackerWeb - Hacker News client	Chee Aun Lim	2016-02-29	10	5	2025-12-02	2.99	1084209377
paid	News	41	Contacts Cleaner Pro !	Emanuele Floris	2013-01-24	5	3.4	2020-10-28	1.99	590254755
paid	News	42	Jubilee25	Sandro Stancampiano	2024-12-24	0	0	2025-11-10	1.99	6590631281
paid	News	43	LIVE CCTV Camera :Sci-Fi Theme	Zaheer udeen Babar	2017-04-30	1	5	2023-08-31	1.99	1231701793
paid	News	44	CCTV LIVE Camera & Player	Zaheer udeen Babar	2017-02-19	2	1	2021-10-09	0.99	1207200983
paid	News	45	SkipCast: Podcast Player	Matthew Grdinic	2015-06-23	8	3.12	2026-07-28	1.99	998629863
paid	News	46	Sylfeed	GACHANET	2011-03-22	3	4.67	2024-12-20	2.99	403879490
paid	News	47	CloudNews - Feed Reader	Peter Hedlund	2013-08-12	12	3.83	2026-05-21	1.99	683859706
paid	News	48	WatchFeed - RSS for Feedly	Nienhuis Development	2020-09-25	5	5	2026-09-25	0.99	1527233179
paid	News	49	German TV	Kanta	2009-11-03	0	0	2025-06-03	8.99	336902466
paid	News	50	Keyboard Translator Pro	Giacomo Guglielmi	2016-02-10	0	0	2024-02-25	0.99	1081117281
paid	News	51	Legi (RSS Feed Reader)	Alexander Clauss	2018-01-03	10	3.6	2026-05-06	3.99	1279768116
paid	News	52	Teletext - TextTV	oxorr	2009-06-04	2	3	2014-11-01	0.99	317642402
paid	News	53	VIC Fires	P4G Pty Ltd	2009-12-28	21	4.43	2026-05-12	0.99	348142406
paid	News	54	Italian TV Schedule	Kanta	2010-06-11	0	0	2025-06-02	4.99	376534631
paid	News	55	Wallflower - Boring Reader	And a Dinosaur	2026-08-18	1	5	2026-09-02	2.99	6796877599
paid	News	56	The Aviation Herald - Feed	Tobias Ecke	2017-01-05	18	4.89	2026-09-25	2.99	1190935479
paid	News	57	YourPods: Podcast Player	A Secret Company, LLC	2026-01-16	2	5	2026-08-22	4.99	6757721236
paid	News	58	Speak News - RSS news reader	Imaja	2016-09-09	3	4.67	2026-09-21	9.99	1117146910
paid	News	59	Simple Backup Contacts Pro	Giacomo Guglielmi	2015-09-20	0	0	2024-02-09	0.99	1038892737
paid	News	60	Plinkr	Gun eTools	2020-07-25	8	5	2026-03-13	5.99	1494221073
paid	News	61	Feedibus — RSS Feed Reader	Nicolas Neubauer	2021-10-07	12	3.67	2026-08-27	3.99	1585543362
paid	News	62	QLD Fires	P4G Pty Ltd	2012-11-26	4	5	2026-09-10	0.99	576245922
paid	News	63	Serbian TV+	Kanta	2014-12-02	1	1	2025-06-04	9.99	943358739
paid	News	64	Croatian TV+	Kanta	2014-06-20	0	0	2025-06-03	12.99	865369938
paid	News	65	Den for RSS	Garrett Johnson	2020-09-03	5	4.8	2025-01-21	4.99	1528917651
paid	News	66	World News 206・Translation	Seiya.k	2025-09-16	1	1	2026-10-03	11.99	6752511428
paid	News	67	华人头条(专业版)-海外华人新闻资讯生活平台	福建可比软件有限公司	2017-10-13	0	0	2022-12-20	0.99	1255399496
paid	News	68	Romanian TV Schedule	Kanta	2015-01-06	0	0	2025-06-05	9.99	948897052
paid	News	69	TinyFeeds	Matthew Elliott	2021-12-08	5	5	2026-09-24	2.99	1597838632
paid	News	70	Schweizer Zeitungen +	iBros.ch GmbH	2011-03-17	1	4	2013-03-06	0.99	425116234
paid	News	71	National Lottery Results - Lotto	Dalkal Design and Development Group	2008-11-22	2	3	2009-04-22	0.99	297578092
paid	News	72	TextTV II	Throw Lab	2013-10-23	1	1	2021-05-13	0.99	723706796
paid	News	73	SA Fires	P4G Pty Ltd	2010-02-17	3	5	2026-09-17	0.99	352740821
paid	News	74	ApergiaGR Plus	Hadokoa	2011-10-12	0	0	2025-12-27	0.99	471239806
paid	News	75	Cool Font Keyboard	Giacomo Guglielmi	2016-01-15	0	0	2024-01-02	0.99	1072769428
paid	News	76	Crustacean for Lobsters	Sayan Goswami	2025-02-20	0	0	2026-08-24	1.99	6742195107
paid	News	77	All Radio Pro - Radio App	ALL RADIO DEVELOPMENT TECHNOLOGY JOINT STOCK COMPANY	2023-12-30	3	4.33	2024-05-10	8.99	6475071209
paid	News	78	The Brief: News Articles	Luigi Mazzeo	2024-12-20	0	0	2025-09-15	0.99	6738314614
paid	News	79	Sami te informa	Mas Voces Foundation INC.	2026-08-29	0	0	2026-09-21	3.99	6789770529
paid	News	80	Loop - Podcast Player	Augusto Simionato	2025-02-19	2	4.5	2026-09-18	4.99	6736364779
paid	News	81	Khabri Bai - My News Buddy	Umesh Jakhar	2022-01-26	2	4.5	2024-04-26	1.99	1607080654
paid	News	82	Hungarian TV+	Kanta	2014-11-13	1	1	2025-06-04	8.99	936262497
paid	News	83	Slovak TV+	Kanta	2014-12-09	1	1	2025-06-04	9.99	946229250
paid	News	84	Color Keys Keyboard Pro	Giacomo Guglielmi	2016-01-13	0	0	2024-01-03	0.99	1072795232
paid	News	85	PDF Converter !	Emanuele Floris	2015-03-09	1	1	2026-04-29	1.99	965210551
paid	News	86	content — RSS feed reader	Keith Norman	2026-07-09	1	4	2026-08-27	2.00	6787335677
paid	News	87	NITAS - Doctor Who News Matrix	News in Time and Space Ltd	2014-01-20	1	4	2025-01-06	1.99	796812056
paid	News	88	Mycorra App	Traci Scott Leonard	2024-12-22	0	0	2024-12-22	0.99	6738691364
paid	News	89	NewsFlash RSS	Michael Steurer	2019-12-14	6	4.83	2025-12-31	0.99	1487449663
paid	News	90	TAS Fires	P4G Pty Ltd	2012-12-12	0	0	2025-12-26	0.99	583228610
paid	News	91	Headlines RSS	onFoot IT	2014-08-13	1	4	2026-09-25	1.99	904059445
paid	News	92	StudyFinds	ChromaKeys	2025-08-11	1	5	2026-03-17	17.99	6749248127
paid	News	93	Feedster: RSS Reader	Nikolaj Jensen	2023-10-15	3	2.67	2026-02-25	1.99	1668579869
paid	News	94	Sentah Mobile	JAMES JOSEPH FULLER	2026-09-25	0	0	2026-09-28	0.99	6805917584
paid	News	95	Afrique Media	Arole Kenfack	2020-11-18	0	0	2020-11-18	1.99	1539971192
paid	News	96	WAFires	P4G Pty Ltd	2020-11-16	0	0	2025-12-26	0.99	1539571750
paid	News	97	Multi Screen TV Live	Omer Faruk Kislakci	2025-09-04	0	0	2026-01-16	4.99	6749190637
paid	Navigation	1	MilGPS	Cascode Labs Pty Ltd	2010-12-01	5532	4.83	2026-10-02	12.99	405835358
paid	Navigation	2	Solocator - GPS Field Camera	Civi Corp	2012-12-09	419	4.28	2026-10-02	0.99	582584117
paid	Navigation	3	Land Nav Assistant	Gammon Applications, LLC	2012-05-18	73	4.48	2019-04-08	2.99	525299323
paid	Navigation	4	Sun Seeker - Sunlight Tracker	ozPDA	2009-10-04	12933	4.83	2026-07-10	11.99	330247123
paid	Navigation	5	Blitzer.de PRO	Eifrig Media	2022-08-03	22	4.36	2026-09-08	0.49	498732510
paid	Navigation	6	Sporty's E6B Flight Computer	Sporty's Pilot Shop	2010-05-17	5353	4.9	2024-02-17	9.99	371817955
paid	Navigation	7	Cachly - Geocaching	Zed Said Studio LLC	2015-12-11	3655	4.77	2026-09-24	4.99	645384141
paid	Navigation	8	Speedometer 55 Pro. GPS kit.	Stanislav Dvoychenko	2012-06-10	2764	4.72	2026-09-24	3.99	530829008
paid	Navigation	9	iLocation+: Here!	Jeonghwan Kim	2013-05-22	741	3.98	2026-09-28	0.99	650008859
paid	Navigation	10	aprs.fi	GainIO	2015-12-02	1158	4.67	2026-07-25	6.99	922155038
paid	Navigation	11	Tactical NAV	TacNav Systems LLC	2011-02-14	320	4.37	2026-09-18	8.99	412650650
paid	Navigation	12	Find93	Paul Kragthorpe	2025-03-04	19	3.68	2026-04-14	4.99	6742754602
paid	Navigation	13	Theodolite	Craig Hunter	2009-11-30	904	4.71	2025-06-30	8.99	339393884
paid	Navigation	14	Hawaii Ocean Map	Jorma Rodieck	2025-12-07	5	5	2026-09-02	9.99	6755807546
paid	Navigation	15	Omaha Zoo - ZooMap	ChalkLink, LLC	2023-08-19	52	1.31	2023-09-11	0.99	6462419325
paid	Navigation	16	C&O Canal Explorer	C&O Canal Trust	2017-07-07	12	3.17	2025-09-20	0.99	1242529905
paid	Navigation	17	AyeTides	Hahn Software LLC	2019-02-06	4859	4.82	2026-09-30	7.99	287316432
paid	Navigation	18	Trail Treker	Trail Treker, LLC	2016-12-22	9	3.67	2026-02-16	3.99	1182728166
paid	Navigation	19	WanderWay Navigation	Derek Boyer	2026-09-16	0	0	2026-09-29	4.99	6807600062
paid	Navigation	20	MapOut	Valnova	2012-03-19	145	4.88	2026-09-19	4.99	477094081
paid	Navigation	21	GPS Diagnostic: Satellite Test	David Ryall	2015-09-09	553	4.65	2020-06-25	2.99	1020967894
paid	Navigation	22	GPX-Viewer	Kyle Modesitt	2014-05-23	1676	4.49	2025-10-23	0.99	880510678
paid	Navigation	23	Pro Night — Night Vision App	Viktor Pobedria	2022-08-09	17	3.53	2026-06-06	0.99	1638753363
paid	Navigation	24	GPS Speedometer Simple	春城 贾	2026-08-21	1	5	2026-10-03	19.99	6801350879
paid	Navigation	25	Range Finder Tool	Natalia Gavrylova	2014-05-16	120	2.93	2026-08-04	2.99	877586536
paid	Navigation	26	Exit Strategy NYC Subway Map	JWeg Ventures LLC	2009-07-07	194	4.77	2026-10-01	3.99	320946370
paid	Navigation	27	GPX Viewer PRO: Hike & Bike	Vectura Games	2020-02-05	209	4.55	2026-08-22	6.99	1497379822
paid	Navigation	28	GoSkyWatch Planetarium	GoSoftWorks	2019-01-31	10254	4.78	2020-08-09	3.99	284980812
paid	Navigation	29	MapTap	Mobile Geographics	2009-07-04	3	3.67	2024-02-02	1.99	312212429
paid	Navigation	30	Scooters Near Me: Premium	BAKER TECHNOLOGIES LLC	2022-01-05	0	0	2023-07-02	0.99	1603337598
paid	Navigation	31	NaturaPin	Henrik Johansson	2026-08-28	0	0	2026-09-29	1.99	6803002115
paid	Navigation	32	Tide Graph	Brainware LLC	2019-02-12	1562	4.76	2023-10-02	1.99	288420737
paid	Navigation	33	Sun Locator - Find the Sun	Exevio Ltd.	2016-04-29	2	3	2024-11-11	3.99	1086481475
paid	Navigation	34	Altimeter+	Sichtwerk AG	2011-02-03	706	4.51	2024-05-14	1.99	417204570
paid	Navigation	35	4x4 Cockpit	Mikolaj Adamowicz	2025-08-03	0	0	2026-09-29	7.99	6749502392
paid	Navigation	36	Ship Finder	pinkfroot limited	2010-04-01	3904	4.24	2018-11-13	4.99	363360636
paid	Navigation	37	Light Pollution Map	Jurij Stare	2020-09-20	46	4.13	2026-05-29	4.99	1530464858
paid	Navigation	38	Holding Pattern Trainer	FLEMINGER MEDIA LLC	2011-08-16	114	4.15	2024-06-16	4.99	456327713
paid	Navigation	39	Alpin Quest PRO – Outdoor GPS	mustafa pistofoglu	2026-03-23	11	4.73	2026-09-29	9.99	6760764479
paid	Navigation	40	Cruzero	jorge espinoza	2016-10-03	38	3.95	2026-09-08	0.99	1158164502
paid	Navigation	41	Route 66 Centennial Guide	Poul David Rasmussen	2026-04-20	22	4.73	2026-09-26	6.99	6761061587
paid	Navigation	42	Nav Camera	Craig Hunter	2014-08-22	34	4.03	2026-04-16	3.99	865293820
paid	Navigation	43	LeadNav GPS	LeadNav Systems LLC	2013-09-30	111	3.81	2026-10-03	19.99	708869281
paid	Navigation	44	Nav Trainer Pro	FLEMINGER MEDIA LLC	2011-03-28	37	3.89	2024-03-27	8.99	427480051
paid	Navigation	45	NavRules	Mintaka Innovations	2011-03-07	18	3.83	2019-01-07	15.99	423125556
paid	Navigation	46	Bronx Zoo - ZooMap	ChalkLink, LLC	2021-05-16	57	4.42	2026-08-20	1.99	1549480612
paid	Navigation	47	GPS Speedometer: MPH Tracker	Daniel Esteban Gonzalez	2025-08-28	3	5	2026-06-01	24.99	6749599538
paid	Navigation	48	Nautical Charts & Maps	LW Brands, LLC	2018-08-06	3792	4.62	2026-07-29	8.99	1420774597
paid	Navigation	49	Density Altitude +	Rate Of Climb Industries	2015-05-28	1038	4.84	2024-08-09	3.99	994402197
paid	Navigation	50	World Tides 2026	Brainware LLC	2025-12-03	69	4.65	2026-08-30	1.99	6755918173
paid	Navigation	51	NZ Topo50 South Island	Right Place Resources	2013-02-27	9	4.11	2026-09-06	3.99	605676156
paid	Navigation	52	BLM Public Lands Map Guide USA	GeoPOI LLC	2020-12-27	6	3.5	2025-01-07	2.99	1546176021
paid	Navigation	53	Pinbox - Map Your World	Seasonal Spring	2013-11-02	122	4.19	2024-04-30	3.99	733144754
paid	Navigation	54	Topo Maps	Mappendix Limited	2009-03-26	128	4.33	2023-04-18	19.99	306014271
paid	Navigation	55	13:20:Sync	The RedHouse Apps	2010-08-02	737	4.91	2025-05-20	3.99	384363262
paid	Navigation	56	Float LKN	Jason Sanford	2024-07-01	9	4.44	2026-05-30	2.99	6503627248
paid	Navigation	57	FlightReady E6B	Aeroapps Technology	2015-10-10	1067	4.75	2026-09-25	9.99	999497481
paid	Navigation	58	Awarner: Driver Safety Alerts	Vehicle Advanced Safety Systems LLC	2024-11-21	5	5	2026-04-29	14.99	6670146703
paid	Navigation	59	BlindSquare	MIPsoft Oy	2012-05-21	60	3.98	2026-09-25	39.99	500557255
paid	Navigation	60	ETA - GPS & maps driving times	Eastwood	2014-02-26	697	3.86	2025-09-15	4.99	803736422
paid	Navigation	61	Theodolite for Watch	Craig Hunter	2019-10-15	20	4.25	2023-03-28	1.99	1480791708
paid	Navigation	62	ADOT 511 Traffic Cameras	LW Brands, LLC	2023-03-31	336	4.64	2026-02-03	2.99	6446820008
paid	Navigation	63	GPS 2 IP	Angus Oliver	2010-12-15	15	4.2	2026-08-28	7.99	408625926
paid	Navigation	64	Jacksonville Zoo - ZooMap	ChalkLink, LLC	2021-10-25	7	5	2024-06-22	0.99	1584508266
paid	Navigation	65	iSailGPS : NOAA USA RNC Charts	James Associates Inc.	2011-04-29	72	3.94	2026-04-24	7.99	433950540
paid	Navigation	66	NZ Topo50 North Island	Right Place Resources	2013-02-19	2	5	2026-09-05	3.99	602524763
paid	Navigation	67	SkyPocket	John Mckay	2026-07-09	9	5	2026-09-27	0.99	6787752157
paid	Navigation	68	PetStop: Dog Road Trip Planner	STEVEN DANIEL MOYER	2025-11-24	13	4.77	2026-09-15	4.99	6755308204
paid	Navigation	69	Wasatch Backcountry Skiing Map	Iterum, LLC	2013-10-01	508	4.71	2026-07-10	12.99	690911261
paid	Navigation	70	Tide Graph Pro	Brainware LLC	2013-10-16	3636	4.83	2025-04-17	5.99	721000562
paid	Navigation	71	ZTL	Marco Tini	2014-10-15	3	2.33	2026-09-02	2.99	926415425
paid	Navigation	72	Hot Air	Cato Technologies LLC	2010-02-02	578	4.86	2026-09-29	9.99	353321502
paid	Navigation	73	US National Forest Service Map	GeoPOI LLC	2020-12-03	3	2.67	2020-12-03	2.99	1543056836
paid	Navigation	74	Los Angeles LAX Airport	Razvan IVAN	2026-03-23	0	0	2026-03-23	1.99	6760942768
paid	Navigation	75	FlyBy E6B	Lonnie Ganz	2010-06-20	17	4.71	2026-05-05	9.99	377624983
paid	Navigation	76	Earth & Sky Explorer	Andreas Joseph Durandi	2025-04-01	1	5	2026-09-10	2.99	6743676043
paid	Navigation	77	Louisiana 511 Traffic Cameras	LW Brands, LLC	2023-05-19	501	4.73	2025-04-09	2.99	6448687840
paid	Navigation	78	PureTrack GPS Tracker	Tim Bromhead	2023-09-30	0	0	2026-08-08	3.99	6443511612
paid	Navigation	79	Stakeout iCMT	CORVALLIS MICROTECHNOLOGY, INC.	2013-01-23	5	2.6	2023-10-26	14.99	594397808
paid	Navigation	80	TripREC Dash Cam	正选 董	2012-05-23	53	4.36	2026-10-01	2.99	528181527
paid	Navigation	81	FerryWizard	Dan McMath	2024-12-10	0	0	2026-08-24	1.99	6642685293
paid	Navigation	82	GPS Tracker Tool	Michael Hoereth	2010-04-22	14	4.5	2024-05-27	6.99	368238098
paid	Navigation	83	WilhelmSK	Scott Bender	2016-10-03	28	4.46	2026-06-08	19.99	1150499484
paid	Navigation	84	What Is My Speed?	TrozWare	2016-04-22	2	5	2025-06-09	2.99	1091394524
paid	Navigation	85	Pinellas Trail	Electric Spinz	2026-02-23	1	1	2026-06-27	0.99	6759459817
paid	Navigation	86	Mediterranean Sea HD GPS Chart	Flytomap	2010-09-08	0	0	2020-05-09	13.99	386784697
paid	Navigation	87	TrailShed	Clark Wakeland	2026-06-11	2	5	2026-06-25	0.99	6778222639
paid	Navigation	88	WaypointGo: Point to Navigate	Luniq Pty Ltd	2026-07-28	0	0	2026-08-27	3.99	6789757463
paid	Navigation	89	Nav Tools - Flight and Sail	Daria Tokareva	2024-10-22	0	0	2024-10-22	3.99	6736663608
paid	Navigation	90	Rainbow's Arc Positioning	JERRY WAYNE SIMONEAUX	2026-09-14	0	0	2026-09-14	2.99	6805648211
paid	Navigation	91	GPS Kit - Offline GPS Tracker	Garafa, LLC	2019-02-11	366	4.21	2019-02-11	9.99	287909017
paid	Navigation	92	GPS	Void Stop Pty Ltd	2008-12-02	7	2.43	2026-07-13	0.99	298395058
paid	Navigation	93	KickMap NYC	KICK Design Inc	2019-02-12	464	4.77	2025-12-08	2.99	285668269
paid	Navigation	94	Rule Master	Universal Queue LLC	2022-04-04	292	4.83	2024-11-27	9.99	1617543595
paid	Navigation	95	Celestial Navigation	Dr. Harald Merkel	2019-04-03	15	4.2	2020-08-20	1.99	1458513224
paid	Navigation	96	Altimeter Pro - Elevation	dataWorks GmbH	2023-12-13	9	4.67	2024-09-28	0.99	6469049312
paid	Navigation	97	Alignment Viewer	NRG Surveys Ltd	2018-01-22	7	3.71	2024-10-16	16.99	1334623383
paid	Navigation	98	MGRS Live Map	Tigran Mkhitaryan	2023-01-23	0	0	2023-01-23	5.99	6444080156
paid	Music	1	play_music_theory	TALA RAE SCHLOSSBERG	2026-08-19	60	4.42	2026-09-26	1.99	6800616114
paid	Music	2	TonalEnergy Tuner & Metronome	TonalEnergy, Inc	2012-02-17	59217	4.84	2026-08-29	6.99	497716362
paid	Music	3	FL Studio Mobile	Image Line Software	2011-06-21	618	3.76	2026-08-06	14.99	432850619
paid	Music	4	Koala Sampler • Beat Maker	Mazbox Limited	2019-02-28	1433	4.76	2026-09-30	4.99	1449584007
paid	Music	5	Tenuto	musictheory.net	2011-08-30	661	4.74	2026-04-28	4.99	459313476
paid	Music	6	iReal Pro	Technimo LLC	2008-12-02	11141	4.86	2026-09-13	21.99	298206806
paid	Music	7	Ableton Note	Ableton AG	2022-10-18	695	4.22	2026-08-25	6.99	1633243177
paid	Music	8	forScore	forScore LLC	2010-04-09	43172	4.81	2026-09-29	24.99	363738376
paid	Music	9	iDrumTune Precision Drum Tuner	RT Sixty Ltd	2017-05-31	2333	4.59	2026-09-28	12.99	1234266367
paid	Music	10	M8 Music Tracker	Dirtywave	2026-09-09	97	4.97	2026-10-01	29.99	6806721202
paid	Music	11	Theory Lessons	musictheory.net	2012-01-17	126	4.43	2026-04-21	2.99	493157418
paid	Music	12	Tuner T1 Pro	Bijoy Thangaraj	2015-01-20	948	4.65	2026-09-28	4.99	954982733
paid	Music	13	DJ Rehab Music	Brian McCoy	2025-09-20	50	4.62	2026-09-23	4.99	6752807769
paid	Music	14	Guitar Pro	Arobas Music	2011-01-15	897	3.65	2026-09-10	6.99	400666114
paid	Music	15	iTablaPro	Prasad Upasani	2009-12-18	414	4.52	2025-08-11	29.99	337350026
paid	Music	16	Cleartune	Bitcount ltd.	2019-02-13	884	3.67	2020-06-16	3.99	286799607
paid	Music	17	Note Rush: Music Reading Game	Thomas Grayston	2016-06-17	2406	4.28	2023-10-25	8.99	1083801827
paid	Music	18	Amazing Slow Downer	Roni Music	2009-03-26	454	3.93	2025-11-24	14.99	308998718
paid	Music	19	Smart Metronome & Tuner +	Tomohiro Ihara	2016-01-29	1395	4.82	2026-09-12	4.99	1077134281
paid	Music	20	Pano Tuner – Chromatic Tuner	Kaleloft Limited Liability Company	2010-01-05	704	4.69	2026-09-28	2.99	348094874
paid	Music	21	iMPC Pro 2 for iPhone	Akai Professional	2018-12-10	1821	4.65	2026-09-30	3.29	1413887036
paid	Music	22	AeroPads - Pads & Soundscapes	Aerospace Audio LLC	2022-10-17	108	4.71	2026-09-23	6.99	1612952507
paid	Music	23	Drumline	John Ostler	2010-06-10	1157	4.09	2026-02-25	4.99	357815924
paid	Music	24	Tempo - Metronome with Setlist	Frozen Ape Pte. Ltd.	2009-02-12	4893	4.8	2026-07-09	2.99	304731501
paid	Music	25	iStroboSoft	Peterson Tuners	2009-03-31	298	4.28	2023-10-27	9.99	308296029
paid	Music	26	Marvis Pro	Aditya Rajveer	2019-02-14	1278	4.76	2026-09-28	9.99	1447768809
paid	Music	27	Choppa: Live Sampler	Elijah Lucian	2026-03-05	6	4.33	2026-10-02	4.99	6759894845
paid	Music	28	Audio Evolution Mobile Studio	Davy Wentzler	2017-01-07	171	4.2	2026-10-02	11.99	1094758623
paid	Music	29	NaviBeat	Nenad Jokic	2026-05-22	22	4.36	2026-10-03	5.99	6763518834
paid	Music	30	Audyssey MultEQ Editor app	D&M Holdings	2017-04-03	206	2.97	2026-08-17	19.99	1210584625
paid	Music	31	Vascular - Tactile Synth	Absolute Management SIA	2026-09-24	1	5	2026-10-03	3.99	6808173190
paid	Music	32	AudioTools, dB, Sound & Audio	Andrew Smith	2009-09-08	5079	4.78	2026-10-01	19.99	325307477
paid	Music	33	AGAIN. Rehearsal Notes	Trevor Lawrence	2026-09-28	0	0	2026-10-02	2.99	6815274096
paid	Music	34	AutoPad — Ambient Pad Loops	Ryan Robinson	2017-09-04	172	4.41	2026-10-01	6.99	1270890718
paid	Music	35	Anytune Pro+: Studio Tools 	Anytune Inc.	2011-12-09	8366	4.87	2026-08-19	14.99	478293637
paid	Music	36	Tunable – Tuner & Metronome	AffinityBlue	2013-03-27	6842	4.81	2021-08-22	7.99	608540795
paid	Music	37	Salsa Rhythm	District One Mobile, LLC	2010-07-06	3425	4.75	2026-09-28	2.99	379868541
paid	Music	38	SonoSequencr	Marcus Pleintinger	2015-04-14	115	4.75	2026-10-01	2.99	967043604
paid	Music	39	Gap Click by Benny Greb	Kick Snare Hat Apps, LLC	2020-06-09	74	4.62	2023-10-23	2.99	1443682940
paid	Music	40	XAir Monitor Mixer	Eric Tetz	2017-09-06	4	3	2026-08-24	4.99	1271279395
paid	Music	41	PadLab - Live Pads	Daniel Albano	2026-02-20	40	4.28	2026-09-15	2.99	6759358968
paid	Music	42	PLICATA	Alessandro Guardascione	2026-10-02	0	0	2026-10-02	7.99	6810792998
paid	Music	43	Lysoniq	Tim Fagan	2025-07-22	82	4.84	2026-09-30	14.99	6746699177
paid	Music	44	WEAR Texture Processor	Field Tone Audio, LLC	2026-09-30	0	0	2026-10-01	2.99	6813480352
paid	Music	45	Vocal Pitch Monitor	Tadao Yamaoka	2014-03-28	43	2.6	2026-09-24	1.99	842218231
paid	Music	46	The Remnant - Drone Synth	Stephan Bolch	2026-09-24	3	5	2026-10-02	5.99	6799469394
paid	Music	47	AudioStretch	Cognosonic Pte Ltd	2012-11-01	228	4.39	2024-10-03	9.99	571863178
paid	Music	48	Reel: 4-Track Recorder	TUGKAN MUTLU	2026-05-05	149	4.86	2026-09-16	14.99	6760545075
paid	Music	49	Super J8 Synth + AUv3	AudioKit Pro	2026-02-12	88	4.93	2026-10-03	8.99	6756800933
paid	Music	50	InTune – Tuning Practice	Half Note Labs	2012-12-14	555	4.67	2021-02-15	0.99	580791793
paid	Music	51	TuneIn Radio: Music & Sports	TuneIn	2009-09-03	57607	4.72	2026-09-21	9.99	319295332
paid	Music	52	AudioShare	Kymatica AB	2012-07-23	851	4.68	2026-09-19	4.99	543859300
paid	Music	53	Tempo Advance - Metronome	Frozen Ape Pte. Ltd.	2010-04-23	720	4.78	2026-07-14	3.99	368169363
paid	Music	54	Practice Farm: Etudes, Any Key	Nicholas Mahon	2026-09-22	3	5	2026-09-28	9.99	6806470752
paid	Music	55	Solo - Fretboard Visualization	Trio Software Ltd	2021-01-01	646	4.76	2026-07-10	17.99	1537057699
paid	Music	56	PlayTally: Apple Music Stats	Mike Clay	2020-10-08	381	4.55	2026-09-25	2.99	1513271356
paid	Music	57	SonoPhone for Sonos	Stefan Hansel Solutions UG (haftungsbeschraenkt)	2014-02-18	234	4.42	2025-11-24	3.99	815251931
paid	Music	58	Time Guru Metronome	Avi Bortnick	2011-03-17	452	4.54	2026-09-20	2.99	421929034
paid	Music	59	Senda Radio	christopher sanchez	2014-12-02	23	4.96	2026-10-02	0.99	944960952
paid	Music	60	AUM - Audio Mixer	Kymatica AB	2016-02-24	534	4.73	2025-11-23	24.99	1055636344
paid	Music	61	liveBPM - Beat Detector	Daniel Bach	2012-08-31	119	4.1	2017-05-09	3.99	554766778
paid	Music	62	OnPitch - Vocal Pitch Monitor	Alena Kucharenka	2017-03-11	519	4.48	2026-07-07	3.99	1212118228
paid	Music	63	Grooves: Song Speed Changer	Open Planet Software	2013-01-23	95	3.73	2026-05-27	4.99	592398757
paid	Music	64	ScoreCloud Express	DoReMIR Music Research AB	2012-10-31	257	1.97	2018-06-19	2.99	566535238
paid	Music	65	Fields - Audio Recorder	AudioThing Ltd.	2026-06-12	15	4.73	2026-09-07	9.99	6761787638
paid	Music	66	ABDCTN	LASZLO DOBROVOLSZKI	2026-10-01	1	5	2026-10-02	4.99	6807870665
paid	Music	67	VirtualDJ Remote	Atomix Productions America Inc.	2010-12-15	125	2.51	2026-09-07	9.99	407160120
paid	Music	68	Cubasis 3 - DAW & Music Studio	Steinberg Media Technologies GmbH	2019-12-18	3505	4.61	2026-09-04	49.99	1207839273
paid	Music	69	Super 606 Drums - Drum Machine	AudioKit Pro	2026-08-25	166	4.95	2026-10-03	4.99	6794137719
paid	Music	70	TwistedWave Audio Editor	TwistedWave Software Ltd.	2010-11-08	982	4.84	2026-09-23	9.99	401438496
paid	Music	71	TETSUO	Anthony Moran	2026-09-30	1	5	2026-09-30	9.99	6786673685
paid	Music	72	KORG Gadget 3	KORG INC.	2014-01-23	2929	4.77	2026-09-30	19.99	791077159
paid	Music	73	TouchOSC	Hexler LLC	2021-06-06	235	4.58	2026-09-27	19.99	1569996730
paid	Music	74	Spectra - Music Visualizer	Spectre Software Inc.	2020-04-02	1536	4.56	2024-11-02	1.99	1505140281
paid	Music	75	HALion Sonic Play: Workstation	Steinberg Media Technologies GmbH	2026-08-03	74	4.84	2026-08-04	19.99	6762268475
paid	Music	76	OtherDesertCities	Audio Damage, Inc.	2021-09-28	59	4.78	2026-07-28	4.99	1577986447
paid	Music	77	Braindance - Glitch Effects	fourtrack.fm LLC	2026-09-12	4	5	2026-09-26	4.99	6786817928
paid	Music	78	Maxzero	ERNEST JR JAEN-GUARDIA	2026-10-02	0	0	2026-10-03	9.99	6787266767
paid	Music	79	Tuner by Piascore	Piascore, Inc.	2013-04-23	1449	4.77	2024-08-12	4.99	635644097
paid	Music	80	Loopy HD: Looper	A Tasty Pixel	2011-10-06	1402	4.77	2022-12-01	4.99	467923185
paid	Music	81	Time Trainer Metronome	Justin Guitar	2012-03-14	73	4.44	2018-01-12	1.99	502491350
paid	Music	82	Minimoog Model D Synthesizer	Moog Music Inc.	2018-03-26	3040	4.84	2026-06-08	29.99	1339418001
paid	Music	83	Amen Break Generator (Revived)	Aleksandra Wienclawska	2023-10-02	121	4.64	2025-02-10	3.99	6467719500
paid	Music	84	WatchCloud: SoundCloud Player	Ryan Forsyth	2023-09-19	35	3.77	2026-09-17	3.99	6466678799
paid	Music	85	Quartet 1	UK Music Apps Ltd	2022-09-23	143	4.68	2026-09-16	19.99	1623038041
paid	Music	86	Handy Guitar Lab for MS-70CDR+	ZOOM Corporation	2024-04-22	8	2.88	2024-04-22	0.99	6476902290
paid	Music	87	EpicenterDSP Player	ABRAHAM ISAIAS GARCIA BARRAGAN	2026-07-06	8	4.88	2026-08-23	9.99	6785658490
paid	Music	88	KORG Module Pro	KORG INC.	2014-11-27	1228	4.63	2026-09-30	19.99	932191687
paid	Music	89	bismark bs-16i	bismark LLC	2010-08-31	125	3.84	2026-09-15	7.99	388149926
paid	Music	90	CloudBeats: Cloud Music Player	Roman Burda	2012-11-04	3428	4.7	2025-04-03	9.99	573192227
paid	Music	91	WatchAudio	Atlum Limited	2023-10-12	213	4.56	2026-09-27	1.99	6446786448
paid	Music	92	X Air Controller	Nicholas Arduini	2018-05-26	66	2.47	2019-09-03	4.99	1382755469
paid	Music	93	Bass Tuner BT1 Pro	Bijoy Thangaraj	2018-09-08	104	4.86	2025-02-17	4.99	1433908873
paid	Music	94	CymaScope Cymatics Visualizer	Cymascope Foundation Ltd	2025-07-22	11	3.91	2026-07-08	12.99	6739616148
paid	Music	95	Octave RTA	ONYX Apps	2012-10-20	153	4.41	2018-11-19	9.99	569156857
paid	Music	96	FIELD KIT Playback Engine	Field Tone Audio, LLC	2026-09-22	4	4.5	2026-10-03	9.99	6810484807
paid	Music	97	Flip Sampler	Suture Sound Inc.	2020-12-01	326	4.21	2026-07-10	11.99	1486629619
paid	Music	98	Bloom	Opal Limited	2008-10-07	99	4.81	2023-09-19	3.99	292792586
paid	Music	99	WBTRK	LASZLO DOBROVOLSZKI	2026-06-23	6	5	2026-10-02	8.99	6779159104
paid	Lifestyle	1	Spirit Talker ®	Spotted Ghosts	2020-10-30	709	2.75	2025-02-26	4.99	1536762482
paid	Lifestyle	2	Stylebook	left brain / right brain, LLC	2009-10-28	8835	4.68	2025-06-15	4.99	335709058
paid	Lifestyle	3	Cloud Baby Monitor	VIGI Limited	2011-06-27	18012	4.78	2026-07-16	6.99	432791399
paid	Lifestyle	4	ملكة: للباحثين عن شريك الحياة	SHAKHSIYYAH AL-QAID FOR ESTABLISHMENT TRADING	2024-01-03	210	3.96	2026-08-03	0.29	6473904105
paid	Lifestyle	5	Universalis	Universalis Publishing	2019-01-31	9570	4.91	2026-09-07	9.99	284942719
paid	Lifestyle	6	Board Game Stats	Eerko Vissering	2014-07-05	452	4.87	2026-09-22	5.99	892542000
paid	Lifestyle	7	12 Steps Companion	Dean Huff	2008-11-13	143	4.47	2026-10-01	2.99	295775656
paid	Lifestyle	8	Ravit - Ravelry on the hop	Enhancient	2017-07-18	5976	4.83	2026-07-24	6.99	1234214894
paid	Lifestyle	9	LeafSpy Pro	James Pollock	2015-03-19	115	3.54	2026-04-30	19.99	967376861
paid	Lifestyle	10	Ourcana	Isaac Aronson	2026-03-22	37	4.43	2026-10-02	0.99	6760326454
paid	Lifestyle	11	Baby Led Weaning Recipes	Natalie Peall	2016-05-17	42	3.4	2026-01-25	3.99	1114320457
paid	Lifestyle	12	DigiKeeps	Jenneca Moore	2026-09-30	5	5	2026-10-02	2.99	6814573648
paid	Lifestyle	13	B-hyve Pro	Hydro Rain Inc.	2017-02-22	8562	4.7	2026-09-23	9.99	1199551273
paid	Lifestyle	14	Baby Monitor 3G	TappyTaps s.r.o.	2012-01-17	2166	4.7	2026-09-15	7.99	490077681
paid	Lifestyle	15	Falling Fruit	Falling Fruit	2010-07-05	116	2.43	2026-09-29	0.99	380859409
paid	Lifestyle	16	The Secret To Money	Creste LLC	2016-09-08	6693	4.83	2026-03-02	4.99	1115022026
paid	Lifestyle	17	S:G LiDAR - Infrared Laser Cam	Spotted Ghosts	2023-07-24	17	2.18	2023-08-02	2.99	6448686968
paid	Lifestyle	18	10th Step	12 Step Apps LLC	2014-07-25	3119	4.75	2020-01-06	2.99	899778010
paid	Lifestyle	19	Paranormal Spirit Music Box	Spotted Ghosts	2022-12-01	30	3.7	2023-07-03	3.99	6444776382
paid	Lifestyle	20	SSTV Slow Scan TV	Black Cat Systems	2010-08-27	149	3.96	2017-01-10	3.99	387910013
paid	Lifestyle	21	Battery Health - For Tesla	TezLabApp	2026-05-06	41	4.56	2026-09-08	3.49	6764105268
paid	Lifestyle	22	Bible Lock Screens + Devos	Ryan Maher	2011-01-12	69	4.57	2023-05-19	1.99	414174774
paid	Lifestyle	23	Orchid Album	Andrew Nicolle	2014-06-03	182	4.61	2025-01-27	7.99	879893773
paid	Lifestyle	24	MiniPets Finder	Malwina Kochman	2025-08-17	9	2.22	2026-02-01	7.99	6748924582
paid	Lifestyle	25	Time Nomad Astrology Charts	SEQFX PTY LTD	2016-03-24	2743	4.77	2026-10-02	8.99	1092841332
paid	Lifestyle	26	ClimaVinea	VIAVINEA	2015-07-02	397	4.88	2024-08-19	39.99	1003788343
paid	Lifestyle	27	Flush Toilet Finder Pro	JRustonApps B.V.	2015-02-10	174	4.47	2026-09-10	1.99	960457446
paid	Lifestyle	28	The Secret Daily Teachings	Creste LLC	2009-10-28	1311	4.8	2026-05-21	4.99	333263435
paid	Lifestyle	29	Moonlight Phases, Susan Miller	Susan Miller Omni Media Inc.	2022-06-11	69	4.49	2026-08-22	9.99	1571233700
paid	Lifestyle	30	The Catechism	RethinkMe LTD	2024-06-06	38	4.92	2026-04-07	4.99	6478526459
paid	Lifestyle	31	HOGSCAN	Brewmium, LLC	2017-04-06	20	3.2	2026-06-17	0.99	974831296
paid	Lifestyle	32	HomeCare for HomeKit	Anthonin Cocagne	2025-06-27	123	4.76	2026-07-30	9.99	6747270794
paid	Lifestyle	33	Chakra Tuner Jonathan Goldman	Healing Sounds	2012-05-23	62	3.55	2023-10-13	2.99	521979246
paid	Lifestyle	34	QuiltPaper	NNN Software	2016-12-22	28	3.21	2024-06-20	0.99	1139385294
paid	Lifestyle	35	Alana Fairchild’s 11:11 ORACLE	Oceanhouse Media	2019-06-16	182	4.64	2019-07-29	5.99	1456945812
paid	Lifestyle	36	Vapeulizor: Vapor Chamber	William D'angelo	2025-10-04	0	0	2025-10-04	1.99	6753295189
paid	Lifestyle	37	Baby Words Recorder	christoph joshua BOLL	2025-01-21	0	0	2025-01-21	0.99	6740470218
paid	Lifestyle	38	Mosquito Alarm: Wake Up Clock	Moca LLC	2026-06-07	0	0	2026-09-21	0.99	6773625525
paid	Lifestyle	39	Drift Ballistics	Geoff Mesenbrink	2026-05-01	0	0	2026-08-10	0.99	6763441122
paid	Lifestyle	40	CopperKnob	Neil Crutchlow	2016-05-12	13	3.15	2026-08-02	3.99	1112916047
paid	Lifestyle	41	Gore Sword Mobile	祖海 孙	2026-03-28	17	4.12	2026-03-28	2.99	6758511880
paid	Lifestyle	42	Daily Prayer PC(USA)	Presbyterian Church (U.S.A), A Corporation	2012-11-01	17	4.06	2026-09-02	2.99	568520697
paid	Lifestyle	43	HRV4Biofeedback	A.S.M.A. B.V.	2020-06-02	29	3.41	2026-09-08	9.99	1504638613
paid	Lifestyle	44	Kehot Tehillim	Chabad.org Jewish Apps	2023-02-25	23	4.13	2025-04-25	4.99	6444841623
paid	Lifestyle	45	MahWins: Mahjong Game Tracker	John Haas	2026-06-02	14	5	2026-09-16	2.99	6761798566
paid	Lifestyle	46	Joe & Charlie Big Book Alcoholics Anonymous	Tushar Bhagat	2014-08-03	403	4.85	2015-01-10	5.99	902251318
paid	Lifestyle	47	Sex Offenders Search iPhone	LogSat LLC	2010-06-02	9	2	2017-12-05	1.99	373005430
paid	Lifestyle	48	INKHUNTER PRO Tattoos try on	InkHunter	2018-03-29	2622	4.77	2020-03-10	0.99	1365164709
paid	Lifestyle	49	BrowBox Grid	Browbox Beauty Inc	2019-05-08	12	2.92	2019-05-09	3.99	1438030076
paid	Lifestyle	50	Home+ 6	Matthias Hochgatterer	2015-07-15	1008	4.45	2025-12-15	14.99	995994352
paid	Lifestyle	51	iMicroscope - Magnifying Glass	elklab UG	2012-11-14	619	4.24	2023-09-21	3.99	577434784
paid	Lifestyle	52	HomePad - Smart Home Dashboard	Quentin Van Eylen	2025-08-27	31	4.55	2026-09-11	8.99	6749515480
paid	Lifestyle	53	Auday - All-Day Watch Recorder	航江 郭	2026-10-01	0	0	2026-10-02	9.99	6814210373
paid	Lifestyle	54	Step Out! Smart Alarm Clock	WeHelp	2013-08-11	6100	4.05	2019-12-10	1.99	673120263
paid	Lifestyle	55	No BS Feelings Finder	ReMembered Technology, LLC	2026-09-24	0	0	2026-09-24	3.99	6786110939
paid	Lifestyle	56	SSTV Signal Desk	方宇 周	2025-10-28	0	0	2026-09-27	2.99	6754263308
paid	Lifestyle	57	IS MY GUN CLEAN	Galshan Digital LLC	2021-03-16	4	3	2022-12-10	0.99	1555968540
paid	Lifestyle	58	Cross Stitch Saga	Irina Kopylova	2018-10-27	58	4.33	2026-08-03	15.00	1440279996
paid	Lifestyle	59	Kwikset -  Smart Lock on Watch	J C L TRAVELS INC	2025-09-03	13	2.92	2026-09-25	0.99	6751854353
paid	Lifestyle	60	Breviarium Meum	Giovanni Manelli	2011-05-26	63	4.83	2023-06-27	0.99	438927135
paid	Lifestyle	61	Salatuk - صلاتك	Masarat App	2013-09-02	1013	4.29	2026-10-02	2.99	686077611
paid	Lifestyle	62	life-fixer	YOURDO LIMITED	2026-08-24	0	0	2026-09-26	0.99	6768579867
paid	Lifestyle	63	My Quilt Buddy	My Quilt Buddy	2020-07-20	1	5	2023-03-21	0.99	1479347925
paid	Lifestyle	64	Plate Vault	Kyle Lutze	2025-06-14	16	4.31	2026-09-15	6.99	6746414007
paid	Lifestyle	65	Every Day Spirit® Lock Screens	Mary Davis	2014-04-18	113	4.59	2026-09-03	0.99	862761189
paid	Lifestyle	66	Fliqlo	Yuji Adachi	2014-07-27	2338	4.76	2026-09-12	0.99	900833042
paid	Lifestyle	67	Al-Anon Daily Paths	Neal Wagner	2025-12-17	86	4.92	2026-08-27	4.99	6755981862
paid	Lifestyle	68	LDS Daily Scripture	Benjamin Saupan	2026-03-05	0	0	2026-09-10	1.99	6759892524
paid	Lifestyle	69	How To Catch a Cheating Spouse: Spy Tool Kit 2017	MAJ Apps and Games LLC	2017-07-31	22	2.14	2017-07-31	0.99	1265292126
paid	Lifestyle	70	Siddur – Linear Edition	Chabad.org Jewish Apps	2017-07-25	37	3.62	2025-09-10	5.99	1141735259
paid	Lifestyle	71	Big Day - Event Countdown	whatisid	2008-12-04	58	4.19	2020-11-23	0.99	295759189
paid	Lifestyle	72	Dog Monitor	TappyTaps s.r.o.	2013-08-16	2531	4.75	2025-11-25	6.99	626789870
paid	Lifestyle	73	Halloween Alert Tones - Scary new sounds for your iPhone	Mobgen Apps Inc	2011-10-12	19	4	2015-09-12	0.99	464950949
paid	Lifestyle	74	SAS Survival Guide	Trellisys.net	2010-03-04	69	2.64	2026-03-18	5.99	357811968
paid	Lifestyle	75	Pet Monitor VIGI	VIGI Limited	2016-12-01	2257	4.78	2025-07-09	5.99	1035127285
paid	Lifestyle	76	Cruiseman's Garage - The App	Bob Lepp	2026-08-13	4	4.75	2026-09-28	4.99	6794107437
paid	Lifestyle	77	Ghost Speak	Alan O'Toole	2012-05-21	70	2.89	2026-10-03	1.99	527236914
paid	Lifestyle	78	GedView	David Knight	2009-05-07	29	3.69	2025-06-01	4.99	314845375
paid	Lifestyle	79	iLiturgia	Cascubo Software	2010-04-09	82	4.93	2026-10-03	3.99	366297822
paid	Lifestyle	80	Astro-Cartography	DRO1D LABS LIMITED	2025-11-02	0	0	2026-10-01	12.99	6753882010
paid	Lifestyle	81	Journal Quick	Tanner Berkenstock	2026-04-02	1	5	2026-04-02	1.99	6761502677
paid	Lifestyle	82	White Noise Baby	TMSOFT	2009-12-17	1741	4.78	2026-05-07	0.99	337495029
paid	Lifestyle	83	Thermo Watch for Nest & Ecobee	Marko Radakovic	2016-03-20	408	4.13	2026-07-10	2.99	1086717755
paid	Lifestyle	84	Sound Proof Puppy Training	Amy Smith	2013-09-14	23	3.83	2026-06-26	3.99	700513321
paid	Lifestyle	85	Puddle & Pile	Manser Services	2013-12-02	308	4.12	2018-11-07	3.99	722784846
paid	Lifestyle	86	Pool Water Calculator	Ingenio Productions LLC	2017-06-20	94	4.59	2025-02-10	4.99	1249919347
paid	Lifestyle	87	Sleep trainer - Ferber method	Nisha Kamra	2021-04-08	11	4.45	2024-10-12	2.99	1555062851
paid	Lifestyle	88	Mi Mi - Live video chat & meet	THE BROWN LEAF COMPANY LIMITED	2022-09-12	0	0	2022-09-14	4.99	1642881956
paid	Lifestyle	89	NAVLIGHTS for Boats	Willard Tuten	2014-03-06	2	3	2021-08-06	0.99	829207340
paid	Lifestyle	90	Bible Drill	Georgia Baptist Bible Drill and Speakers, Inc.	2013-10-28	19	3.79	2021-03-09	0.99	706273921
paid	Lifestyle	91	Clue Tracker for Letterboxing	Pearl Crescent	2010-01-06	597	4.74	2026-09-21	6.99	349060603
paid	Lifestyle	92	Ananda - Binaural Beats	Manuel Loigeret	2014-01-03	653	4.63	2026-09-08	2.99	740204574
paid	Lifestyle	93	RosaryPlus Catholic Devotions	Bil Kimes	2012-07-28	12	4.25	2026-06-14	1.99	545133385
paid	Lifestyle	94	Wiccan Moon	Stuart Woolley	2009-08-05	3	3.33	2026-04-02	0.99	325693580
paid	Lifestyle	95	iWeaveIt	Canyon Art, LLC.	2011-12-04	75	4.37	2026-09-25	39.99	482959677
paid	Lifestyle	96	Heal Your Inner Child Meditation by Glenn Harrold	Glenn Harrold Publishing Ltd	2013-06-17	10	5	2016-09-13	4.99	660500293
paid	Lifestyle	97	I-Ching App of Changes	Brian Fitzgerald	2015-02-22	99	4.82	2025-03-22	3.99	959384356
paid	Lifestyle	98	iMoodJournal - Mood Diary	Inexika Inc.	2012-05-10	175	4.44	2025-06-24	2.99	517952128
paid	Lifestyle	99	Color Genie	AskOkey Inc	2024-12-01	41	4.34	2024-12-11	0.99	6737263152
paid	Health & Fitness	1	Streaks	Crunchy Bagel	2015-05-31	27347	4.81	2026-09-27	5.99	963034692
paid	Health & Fitness	2	AutoSleep: Watch Sleep Tracker	Tantsissa	2016-12-19	61743	4.71	2026-09-15	8.99	1164801111
paid	Health & Fitness	3	HeartWatch: Heart Rate Monitor	Tantsissa	2015-12-07	13639	4.68	2026-09-11	8.99	1062745479
paid	Health & Fitness	4	WorkOutDoors	CCS Ltd	2017-07-13	1699	4.69	2026-06-26	8.99	1241909999
paid	Health & Fitness	5	Air & Space Fitness Calculator	Patrick Smith	2021-05-30	120	4.69	2026-06-16	0.99	1569922923
paid	Health & Fitness	6	White Noise	TMSOFT	2019-01-31	46059	4.84	2026-10-03	0.99	289894882
paid	Health & Fitness	7	Seconds Pro Interval Timer	Runloop Ltd	2010-07-13	12092	4.76	2026-09-26	7.99	363978811
paid	Health & Fitness	8	HealthFit	Stephane Lizeray	2017-09-25	903	4.64	2026-09-29	6.99	1202650514
paid	Health & Fitness	9	Blood Type Diet®	D'Adamo Personalized Nutrition®	2010-07-06	197	4.17	2025-08-04	3.99	379485721
paid	Health & Fitness	10	Couch to 5K® - Run training	Active Network, LLC	2011-08-10	4723	4.62	2025-12-24	4.99	448474423
paid	Health & Fitness	11	PepCalc: Peptide Calculator	Awesome Labs LLC	2020-07-22	950	4.79	2026-08-06	9.99	1524577846
paid	Health & Fitness	12	BrainWave: 40 Binaural Series™	Banzai Labs	2009-03-26	11209	4.87	2026-09-20	5.99	307219387
paid	Health & Fitness	13	Watch to 5K－Couch to 5km coach	Spaceman Digital Ltd	2020-06-30	1216	4.86	2026-09-12	4.99	1517914828
paid	Health & Fitness	14	Baby Shusher Sleep Miracle App	Baby Shusher LLC	2011-02-28	391	3.45	2024-07-03	1.99	419606496
paid	Health & Fitness	15	Clock Yourself	Next Step Allied Health	2016-09-06	54	4.69	2023-09-07	2.99	1142095221
paid	Health & Fitness	16	Sleep Machine	SleepSoft LLC	2009-07-19	3005	4.73	2021-02-14	3.99	323061162
paid	Health & Fitness	17	Health Export CSV	Tomas Parizek	2019-09-19	151	4.51	2026-09-24	2.99	1477944755
paid	Health & Fitness	18	Little Bean: Pregnancy Skin	Little Bean App LLC	2021-08-13	1058	4.89	2026-04-26	7.99	1578243186
paid	Health & Fitness	19	Calorie Counter PRO MyNetDiary	MyNetDiary Inc.	2010-02-02	14006	4.77	2026-10-02	3.99	352247139
paid	Health & Fitness	20	Calm Harm – manage self-harm	Stem4	2015-02-20	682	4.41	2025-12-03	1.99	961611581
paid	Health & Fitness	21	Brush · Toothbrush Timer	Modum B.V.	2020-05-07	60	4.55	2023-06-01	0.99	1506403512
paid	Health & Fitness	22	Nomo Widgets	Parker Stech	2025-10-08	167	4.69	2026-06-23	1.99	6753310758
paid	Health & Fitness	23	HRV4Training	A.S.M.A. B.V.	2013-08-14	288	3.61	2026-09-23	9.99	686923970
paid	Health & Fitness	24	Peptide Tracker Calculator	Wild Monkey Labs, LLC	2024-12-23	245	4.91	2026-05-11	4.99	6739737107
paid	Health & Fitness	25	HealthFace	Crunchy Bagel	2016-12-19	547	4.45	2026-09-28	1.99	1176374647
paid	Health & Fitness	26	StepWatcher	Shawn Bierman	2026-10-02	0	0	2026-10-02	0.99	6764361086
paid	Health & Fitness	27	O2 Buddy: Blood Oxygen SpO2	Minorbits LLC	2025-08-29	47	4.57	2026-07-30	0.99	6751239297
paid	Health & Fitness	28	ChoreFit: Track Chore Calories	Stella Tamul	2025-11-24	27	4.48	2026-08-26	2.99	6753065929
paid	Health & Fitness	29	PFA Calculator: Air Force PT	Raymond Rothwell	2026-03-26	22	4.82	2026-08-20	0.99	6761141936
paid	Health & Fitness	30	PowNap	Valentin Haberling	2025-03-21	4	5	2026-05-27	5.99	6743547737
paid	Health & Fitness	31	Brain Tool Kit	Rehab Lab	2020-10-12	6	4.33	2026-09-30	17.99	1532827079
paid	Health & Fitness	32	RunTempo - Runners Metronome	DockMarket LLC	2013-09-24	47	4.13	2026-05-31	4.99	646414918
paid	Health & Fitness	33	Skincare Routine	Mento Apps Ltd	2018-08-17	628	4.56	2026-09-15	3.99	1428570992
paid	Health & Fitness	34	HotLog - Sauna & Cold Plunge	Thomas Dori	2018-11-30	525	4.61	2026-09-22	1.99	1413952733
paid	Health & Fitness	35	80 Bites	PhysicalMind Institute	2010-08-26	38	4.11	2023-08-15	0.99	387635977
paid	Health & Fitness	36	SPO2er: Blood Oxygen on Watch	Kevin Edwards	2025-12-01	9	4.89	2026-01-04	0.99	6755498703
paid	Health & Fitness	37	PushFit Pro	Ben Humphries	2014-01-20	1445	4.68	2026-09-10	3.99	766098740
paid	Health & Fitness	38	SleepTown	SEEKRTECH CO., LTD.	2017-05-02	1469	4.65	2023-11-23	1.99	1210251567
paid	Health & Fitness	39	The Work App	Byron Katie International, Inc	2011-11-11	98	4.26	2023-06-27	0.99	478610069
paid	Health & Fitness	40	Army Ranger Fitness	Calculated Industries	2012-02-06	127	4.91	2021-12-02	1.99	499393565
paid	Health & Fitness	41	DBT Diary Card & Skills Coach	Durham DBT, Inc.	2011-11-14	1182	3.84	2019-10-28	4.99	479013889
paid	Health & Fitness	42	Smokies 900	CHARLES GREGORY GILLUM	2026-04-03	6	5	2026-08-17	4.99	6761485035
paid	Health & Fitness	43	Workout Calendar - Motivation	Andrei Zaharia	2012-01-26	1188	4.78	2023-11-21	0.99	473539105
paid	Health & Fitness	44	Baby Kick Counter Watch	Emrah Korkmaz	2026-02-25	0	0	2026-02-25	3.99	6759578572
paid	Health & Fitness	45	VaYou Biofeedback Meditation	Lukas Filz	2018-12-21	96	4.78	2026-08-25	9.99	1254902346
paid	Health & Fitness	46	Birdsong.fm	Radio.co (UK) Ltd	2012-09-03	38	4.21	2026-08-05	0.99	555668038
paid	Health & Fitness	47	TALK Puberty App	Lori Reichel	2020-07-27	11	5	2021-01-06	2.99	1518896929
paid	Health & Fitness	48	EMOM Workout Timer	Eric Seitz	2026-05-05	0	0	2026-05-05	0.99	6757962567
paid	Health & Fitness	49	Interval Haptic Coach	光 杨	2026-04-15	0	0	2026-06-06	4.99	6762045176
paid	Health & Fitness	50	nomi | a pet for your watch	Andrew Chin	2020-02-17	364	3.7	2026-10-02	1.99	1484764558
paid	Health & Fitness	51	SportVitals: Daily Readiness	Luca Pasut	2026-06-26	14	5	2026-10-03	9.99	6781699989
paid	Health & Fitness	52	GYM RATS	Graham Langford	2026-02-12	0	0	2026-10-02	0.99	6758730545
paid	Health & Fitness	53	Modern Essentials Plus	AromaTools	2018-10-31	13	3.92	2026-04-15	3.99	1391084560
paid	Health & Fitness	54	iSmoothRun	Lake Horizon Ltd	2011-03-18	942	4.36	2024-02-15	4.99	410965399
paid	Health & Fitness	55	Streaks Workout	Crunchy Bagel	2015-10-26	7004	4.76	2026-10-03	4.99	1044950341
paid	Health & Fitness	56	XBX and 5BX	Kristyn Lovell	2020-12-29	3	5	2021-08-07	3.99	1544369502
paid	Health & Fitness	57	Inside Outside Health	Isabella Gartner	2026-09-17	2	5	2026-09-29	2.99	6797022258
paid	Health & Fitness	58	Klench: Kegel Trainer	Autonomee Michal Platek	2026-02-12	21	5	2026-04-30	4.99	6758952613
paid	Health & Fitness	59	Steps Tracker: Watch Pedometer	Drew Westcott	2017-07-03	367	4.57	2026-09-24	1.99	1197485766
paid	Health & Fitness	60	Starting Strength (Legacy)	Shabu Pty Ltd	2015-09-08	2552	4.8	2026-07-09	14.99	1008697836
paid	Health & Fitness	61	Styrka - Gym Tracker	Miki Piispanen	2026-03-31	7	4.43	2026-09-24	0.99	6761281378
paid	Health & Fitness	62	CoreEX	John Kwon	2018-02-21	29	3.41	2024-03-08	9.99	1322189546
paid	Health & Fitness	63	BpExtract - for Hilo	4puretech Ltd	2024-01-21	15	2.07	2026-08-20	9.99	6475634754
paid	Health & Fitness	64	ChiRunning	ChiLiving, Inc.	2013-05-06	13	4.23	2019-11-28	9.99	633529576
paid	Health & Fitness	65	HRV Breathing: Recovery	Oltek AS	2026-07-07	0	0	2026-07-24	4.99	6786357968
paid	Health & Fitness	66	Box Breathe	Denys Triasunov	2018-02-16	506	4.75	2021-01-04	1.99	1347597121
paid	Health & Fitness	67	Pocket Yoga Teacher	Rainfrog, LLC	2011-10-20	682	4.57	2025-12-15	4.99	471786434
paid	Health & Fitness	68	Buddhify: Guided Meditation	CELESTIAN GOLDEN APPS	2014-01-01	6167	4.75	2024-06-12	4.99	687421118
paid	Health & Fitness	69	7 Minute Workout Challenge	Fitness Guide Inc	2013-07-30	5931	4.7	2020-12-11	3.99	680170305
paid	Health & Fitness	70	KidsDoc - from the AAP	Self Care Decisions, LLC	2010-06-14	43	4.67	2025-08-07	1.99	373964536
paid	Health & Fitness	71	Inviting You	Fly Fearless Unlimited LLC	2026-09-30	1	5	2026-09-30	4.99	6812872155
paid	Health & Fitness	72	Mind Monitor	James Clutterbuck	2015-07-01	77	4.19	2026-09-13	14.99	988527143
paid	Health & Fitness	73	Mappa - Watch Maps	Nick Romano	2024-06-20	10	5	2026-10-03	5.99	1666459605
paid	Health & Fitness	74	Rainy Mood	Plain Theory, Inc.	2012-10-08	997	4.7	2018-03-20	2.99	566752651
paid	Health & Fitness	75	My Workout+	My Macros LLC	2014-01-06	871	4.48	2024-04-07	2.99	789343008
paid	Health & Fitness	76	White Noise Pro	TMSOFT	2010-04-01	3045	4.83	2026-10-03	2.99	363936074
paid	Health & Fitness	77	LivingTo100.com	Michael Isman	2013-12-08	2	1	2026-01-21	4.99	768905897
paid	Health & Fitness	78	BiggerKeys: Large Key Typing	Pierre Stanislas	2026-06-13	1	4	2026-06-25	4.99	6778718065
paid	Health & Fitness	79	Valens - Widgets for Health	磊 汪	2023-08-03	27	4.52	2026-08-26	2.99	1582356757
paid	Health & Fitness	80	I'm Done Drinking	Gargoyle Development	2011-08-02	40	4.2	2026-04-12	1.99	452705683
paid	Health & Fitness	81	COGNURO TAP	Cognuro, LLC.	2022-07-19	10	4.1	2026-09-15	14.99	1634985225
paid	Health & Fitness	82	CSIDAssist	Vincent Muller	2024-03-01	9	4.33	2025-10-29	1.99	6477340052
paid	Health & Fitness	83	Correlate - Health Insights	INJAY	2026-01-13	2	4	2026-09-28	4.99	6757488839
paid	Health & Fitness	84	Mr Smooth Pro	Swim Smooth Ltd	2014-02-28	13	4.54	2020-03-13	1.99	824204887
paid	Health & Fitness	85	Crown Fidget	Dannish Ayaz	2025-11-15	0	0	2026-03-01	0.99	6755297230
paid	Health & Fitness	86	Drowse: Sound Machine	Nile Hanov	2026-04-15	0	0	2026-04-15	2.99	6762099085
paid	Health & Fitness	87	Pocket Yoga	Rainfrog, LLC	2010-03-20	5209	4.77	2025-12-15	2.99	347400507
paid	Health & Fitness	88	IC101 Food App	Interstitial Cystitis Network	2026-05-21	1	5	2026-05-22	4.99	6767054122
paid	Health & Fitness	89	Overcoming pain based on EMDR	trauma and pain management services pty ltd	2019-07-29	44	4.2	2025-12-19	5.99	1471107356
paid	Health & Fitness	90	IAM Yoga Nidra™	Kamini Desai	2018-05-26	94	4.87	2022-02-01	3.99	1265932217
paid	Health & Fitness	91	Soccer Plus: Football Tracker	伟伟 李	2021-09-01	8	4.25	2026-09-25	3.99	1577752006
paid	Health & Fitness	92	Clear Fear	Stem4	2018-12-05	128	4.07	2026-03-16	1.99	1437282350
paid	Health & Fitness	93	Sauna & Cold Plunge Tracker	Frank Vincent Petruccelli	2025-01-09	24	4.38	2026-09-28	5.99	6739606616
paid	Health & Fitness	94	Soft Count	Makoto Fukuoka	2026-05-14	0	0	2026-09-30	0.29	6768180849
paid	Health & Fitness	95	Sezzy Timer	Sarah's Day Pty Limited	2019-02-18	100	3.88	2024-07-11	1.99	1442742654
paid	Health & Fitness	96	EoEbooks	Essentials of The Earth LLC	2017-08-11	118	4.69	2026-03-19	7.99	1264769388
paid	Games	1	Minecraft: Play with Friends!	Mojang	2011-11-17	841504	4.51	2026-09-28	6.99	479516143
paid	Games	2	Heads Up!	Warner Bros.	2013-05-02	296847	4.78	2026-09-01	1.99	623592465
paid	Games	3	Geometry Dash	RobTop Games AB	2013-08-13	273926	4.57	2026-01-29	3.99	625334537
paid	Games	4	Bloons TD 6	Ninja Kiwi	2018-06-14	348082	4.86	2026-08-20	6.99	1118115766
paid	Games	5	Plague Inc.	Ndemic Creations	2012-05-25	167395	4.81	2026-09-28	0.99	525818839
paid	Games	6	Red's First Flight	Rovio Entertainment Oyj	2022-03-31	82452	4.77	2023-06-19	0.99	1596736236
paid	Games	7	Kingdom Rush 6: Genesis TD	Ironhide S.A.	2026-09-24	1924	4.82	2026-09-28	6.99	6759664029
paid	Games	8	Stardew Valley	ConcernedApe	2018-10-24	63598	4.81	2026-03-19	4.99	1406710800
paid	Games	9	Balatro	Playstack Ltd	2024-09-26	107237	4.96	2025-06-05	9.99	6502453075
paid	Games	10	MONOPOLY: The Board Game	Marmalade Game Studio	2019-12-04	185478	4.66	2026-09-15	4.99	1477966166
paid	Games	11	Five Nights at Freddy's	CLICKTEAM LLC USA	2014-09-11	23693	4.68	2024-03-07	2.99	912536422
paid	Games	12	Papa's Freezeria To Go!	Flipline Studios	2014-02-26	3155	4.24	2019-01-24	0.99	824305459
paid	Games	13	Scritchy Scratchy	Funday Games ApS	2026-03-18	2688	4.89	2026-10-01	4.89	6758328352
paid	Games	14	Slay the Spire	Balor Games	2020-06-13	3228	4.25	2025-08-05	6.99	1491530147
paid	Games	15	Grand Theft Auto: San Andreas	Rockstar Games	2013-12-12	115565	4.68	2025-05-29	6.99	763692274
paid	Games	16	Terraria	505 Games (US), Inc.	2013-08-28	47711	4.46	2026-09-17	4.99	640364616
paid	Games	17	Incredibox	So Far So Good	2016-03-27	50893	4.89	2025-12-10	4.99	1093131935
paid	Games	18	Five Nights at Freddy's 2	CLICKTEAM LLC USA	2014-11-19	12268	4.64	2023-10-16	2.99	941143328
paid	Games	19	Pou	Zakeh Limited	2012-11-26	3901	4.35	2026-06-06	1.99	575154654
paid	Games	20	Fashion Mall Story	Kairosoft Co.,Ltd	2026-09-30	17	4.65	2026-09-30	6.99	6786246807
paid	Games	21	After Inc.	Ndemic Creations	2024-11-26	16364	4.82	2026-09-30	1.99	1631859420
paid	Games	22	Farming Simulator 26 Mobile	GIANTS Software GmbH	2026-05-19	411	3.91	2026-09-10	7.99	6748056918
paid	Games	23	Wobbly Life	CURVE DIGITAL PUBLISHING LIMITED	2026-08-20	2459	4.75	2026-08-20	8.99	6764310415
paid	Games	24	Lowriders Comeback: Boulevard	Oleh Chernykh	2024-12-06	1249	4.46	2026-06-23	1.99	6714479204
paid	Games	25	Earn to Die 2	Not Doppler	2014-11-20	5601	4.65	2024-05-09	0.29	891194610
paid	Games	26	Bloons TD 5	Ninja Kiwi	2012-11-15	98522	4.82	2026-08-11	2.99	563718995
paid	Games	27	CloverPit	Future Friends Games	2025-12-17	6105	4.89	2026-06-17	6.99	6754894237
paid	Games	28	TABS Pocket Edition	Landfall Games	2025-08-07	859	4.02	2026-04-24	2.49	6743115658
paid	Games	29	Five Nights at Freddy's 4	CLICKTEAM LLC USA	2015-08-03	11760	4.62	2023-10-21	2.99	1023146677
paid	Games	30	Flick Home Run !	infinity pocket	2011-10-14	1436	3.25	2026-09-25	0.29	454086751
paid	Games	31	Papa's Pizzeria To Go!	Flipline Studios	2014-11-13	340	4.24	2019-01-24	0.99	925494667
paid	Games	32	How Many Dudes?	Butterscotch Shenanigans, Inc.	2026-07-30	133	4.62	2026-08-15	9.99	6753077755
paid	Games	33	Vector Classic	Nekki Limited	2012-10-20	2934	4.87	2026-08-11	0.99	562989701
paid	Games	34	Where's My Water?	Disney	2011-09-21	2771	4.35	2023-07-06	1.99	449735650
paid	Games	35	The Past Within	Rusty Lake	2022-11-02	7293	4.87	2024-05-06	2.99	1642601792
paid	Games	36	Arcadia - Watch Games	Raffaele D'Amato	2019-12-18	12388	4.82	2026-09-25	1.99	1479608271
paid	Games	37	Papa's Wingeria To Go!	Flipline Studios	2019-02-23	353	4.44	2019-03-08	1.99	1451873044
paid	Games	38	Papa's Scooperia To Go!	Flipline Studios	2018-08-02	667	4.6	2019-02-02	1.99	1392608717
paid	Games	39	Mini Metro	Dinosaur Polo Club	2015-12-25	31707	4.86	2025-09-15	3.99	837860959
paid	Games	40	True Skate	True Axis	2012-10-18	8970	3.79	2026-09-30	1.99	549105915
paid	Games	41	Backyard Baseball '01	Playground Productions LLC	2025-07-08	682	3.89	2025-09-26	4.99	6740349587
paid	Games	42	Papa's Cupcakeria To Go!	Flipline Studios	2015-09-14	578	3.69	2019-01-24	1.99	1029932207
paid	Games	43	Papa's Burgeria To Go!	Flipline Studios	2013-02-21	421	3.95	2019-01-24	0.99	600626116
paid	Games	44	Purple Place - Classic Games	Semyon Popov	2019-05-17	461	3.64	2023-08-13	1.99	1461751938
paid	Games	45	Papa's Sushiria To Go!	Flipline Studios	2020-04-21	555	4.42	2020-04-21	1.99	1504952058
paid	Games	46	Gothic Classic	THQ Nordic Mobile GmbH	2026-09-24	34	4.76	2026-09-24	10.99	6747479523
paid	Games	47	Animal Crossing: Pocket Camp C	Nintendo Co., Ltd.	2024-12-02	9638	4.8	2026-08-26	19.99	6547834967
paid	Games	48	Ticket to Ride®	Marmalade Game Studio	2023-12-12	11655	4.6	2026-09-23	4.99	6463616555
paid	Games	49	Five Nights at Freddy's 3	CLICKTEAM LLC USA	2015-03-11	7668	4.54	2025-08-30	2.99	973482987
paid	Games	50	60 Seconds! Reatomized	Robot Gentleman sp. z o.o.	2021-05-25	1985	4.78	2023-08-16	1.99	1474716211
paid	Games	51	Servant of the Lake	Rusty Lake	2026-08-13	2140	4.95	2026-09-03	4.99	6748751735
paid	Games	52	Root Board Game	Dire Wolf Digital	2020-09-24	5798	4.88	2026-03-11	3.99	1439262206
paid	Games	53	Papa's Pancakeria To Go!	Flipline Studios	2018-10-29	458	4.46	2019-08-15	1.99	1438245901
paid	Games	54	Papa's Mocharia To Go!	Flipline Studios	2021-03-01	1035	4.6	2021-03-10	1.99	1551207253
paid	Games	55	Slots & Daggers	Future Friends Games	2026-08-17	473	4.85	2026-09-10	3.99	6762803589
paid	Games	56	Hitman Sniper	Deca Live Operations GmbH	2015-06-03	12391	4.76	2026-09-09	1.99	904278510
paid	Games	57	The Binding of Isaac: Rebirth	Nicalis, Inc.	2017-01-09	4230	4.46	2024-01-29	14.99	1069549814
paid	Games	58	RFS - Real Flight Simulator	RORTOS SRL	2019-07-23	23989	4.63	2026-09-15	0.99	1444761746
paid	Games	59	Monument Valley	ustwo games	2014-04-03	16935	4.77	2025-05-08	3.99	728293409
paid	Games	60	Papa's Paleteria To Go!	Flipline Studios	2024-03-06	975	4.69	2024-03-21	1.99	6477835115
paid	Games	61	Ultimate Custom Night	CLICKTEAM LLC USA	2020-04-28	6109	4.63	2025-04-09	2.99	1499849161
paid	Games	62	Papers, Please	3909	2014-12-12	1220	4.72	2023-07-17	4.99	935216956
paid	Games	63	Papa's Cluckeria To Go!	Flipline Studios	2022-02-21	735	4.62	2022-03-14	1.99	1591627945
paid	Games	64	Gambonanza	Stray Fawn Studio	2026-05-01	2817	4.88	2026-09-09	5.99	6747752407
paid	Games	65	RollerCoaster Tycoon® Classic	Atari	2016-12-20	3273	4.24	2025-06-30	5.99	1113736426
paid	Games	66	Five Nights at Freddy's: SL	CLICKTEAM LLC USA	2017-01-03	11256	4.43	2025-08-18	2.99	1189781891
paid	Games	67	Sally Face	Portable Moose LLC	2026-08-16	170	4.92	2026-09-25	9.99	6757541297
paid	Games	68	Taboo	Marmalade Game Studio	2021-11-10	4712	4.88	2026-05-19	1.99	1563932741
paid	Games	69	Grand Theft Auto: Vice City	Rockstar Games	2012-12-06	16785	4.54	2019-05-21	4.99	578448682
paid	Games	70	Dice A Million	countlessnights	2026-09-15	21	4.48	2026-09-15	4.99	6795586467
paid	Games	71	Control Ultimate Edition	Remedy Entertainment PLC	2025-03-26	325	4.03	2026-05-04	4.99	6502953520
paid	Games	72	Shattered Pixel Dungeon	Evan Debenham	2021-08-17	4200	4.89	2026-10-03	4.99	1563121109
paid	Games	73	Poppy Playtime Chapter 1	Mob Entertainment, Inc	2022-03-08	10866	4.41	2022-04-30	2.99	1610947489
paid	Games	74	The Game of Life 2	Marmalade Game Studio	2020-07-15	32557	4.77	2025-10-22	4.99	1512751689
paid	Games	75	Castlevania: SotN	KONAMI	2020-03-03	1808	3.94	2025-02-14	2.99	1435456830
paid	Games	76	SpongeBob SquarePants	THQ Nordic Mobile GmbH	2021-01-21	1497	4.44	2021-12-16	1.99	1523633394
paid	Games	77	Terraforming Mars	Twin Sails Interactive	2019-12-03	7541	4.5	2026-06-09	2.19	1353471030
paid	Games	78	Blackjack & Card Counting Pro	Dealer Bust Time LLC	2010-09-23	10052	4.83	2026-09-11	4.99	388857410
paid	Games	79	Pocket City 2	Codebrew Games Inc.	2023-04-07	803	4.63	2025-02-04	4.99	1533709428
paid	Games	80	Papa's Cheeseria To Go!	Flipline Studios	2019-10-24	421	4.69	2019-10-24	1.99	1477229754
paid	Games	81	MuseDash	peropero	2018-06-14	8405	4.87	2026-09-25	0.49	1361473095
paid	Games	82	Mindustry	Anton Kramskoi	2018-06-08	1019	4.53	2026-09-20	1.99	1385258906
paid	Games	83	Wingspan: The Board Game	Monster Couch	2021-07-20	13006	4.84	2026-10-03	9.99	1459520638
paid	Games	84	Papa's Taco Mia To Go!	Flipline Studios	2017-03-20	305	3.88	2019-01-24	1.99	1207867591
paid	Games	85	Papa's Bakeria To Go!	Flipline Studios	2020-01-16	370	4.57	2020-01-16	1.99	1491196899
paid	Games	86	Red Dead Redemption	Rockstar Games	2025-12-02	340	4.43	2026-03-04	39.99	6746390893
paid	Games	87	FNaF 6: Pizzeria Simulator	CLICKTEAM LLC USA	2019-08-21	4766	4.59	2023-10-27	2.99	1455781522
paid	Games	88	GTA: San Andreas – Definitive	Rockstar Games	2023-12-14	466	3.81	2024-04-08	19.99	6468845068
paid	Games	89	Kingdom Rush 5: Alliance TD	Ironhide S.A.	2024-07-25	13864	4.84	2026-03-16	6.99	1622869542
paid	Games	90	Nubby's Number Factory	MogDogBlog Productions	2026-04-14	338	4.71	2026-04-29	4.99	6746919411
paid	Games	91	My Singing Monsters Composer	Big Blue Bubble	2018-04-28	3573	4.5	2025-07-01	4.99	1353841706
paid	Games	92	The Game of Life	Marmalade Game Studio	2016-07-14	31869	4.52	2019-03-18	4.99	1117405948
paid	Games	93	Kingdom Rush Frontiers TD	Ironhide S.A.	2013-06-06	16415	4.87	2026-02-10	1.99	598581396
paid	Games	94	Dirt Trackin 3	BENNETT RACING SIMULATIONS, LLC	2025-05-15	1430	4.73	2026-09-24	5.99	1609683141
paid	Games	95	Papa's Donuteria To Go!	Flipline Studios	2019-06-06	557	4.61	2019-07-16	1.99	1462324486
paid	Games	96	A Little to the Left: Drawers	Secret Mode	2025-03-06	1581	4.87	2026-03-03	2.99	6738784092
paid	Games	97	Aerofly FS Global	IPACS	2023-12-11	1181	4.34	2026-06-24	3.99	6473001577
paid	Games	98	Alto's Adventure	Snowman	2015-02-19	2162	4.6	2026-01-26	4.99	950812012
paid	Games	99	Baba Is You	Hempuli	2021-06-22	369	4.62	2026-02-10	6.99	1517281887
paid	Finance	1	10bii Financial Calculator	K2 Cashflow, Inc.	2010-10-04	661	4.73	2026-09-30	5.99	360256797
paid	Finance	2	My Currency Converter Pro	JRustonApps B.V.	2015-09-16	2769	4.87	2026-09-15	3.99	1035430719
paid	Finance	3	US Debt Clock .org	Chrono Numeric Labs LLC	2014-10-22	592	4.57	2020-12-14	4.99	929822826
paid	Finance	4	Money Manager (Remove Ads)	Realbyte Inc.	2012-10-03	2929	4.83	2026-09-28	5.99	564730202
paid	Finance	5	HP 12c Financial Calculator	MORAVIA Consulting, spol. s r.o.	2012-03-12	340	4.29	2026-02-03	14.99	503641946
paid	Finance	6	Income OK - income & expenses	Mobion OOO	2015-02-03	1135	4.68	2024-11-27	3.99	961048437
paid	Finance	7	BA Financial Calculator (PRO)	Angel Montana	2019-10-05	483	4.86	2026-08-28	3.99	1481719060
paid	Finance	8	Simple Register	Jennifer Hendrickson	2026-07-15	4	5	2026-09-15	1.99	6789787443
paid	Finance	9	HomeBudget with Sync	Anishu, Inc.	2009-02-26	1256	4.63	2026-05-14	4.99	306257910
paid	Finance	10	FX Replay	Sathit Sukhirun	2026-08-13	2	2	2026-09-27	12.99	6798304311
paid	Finance	11	10BII Calc HD	Ernest Brock	2010-09-20	3760	4.92	2025-11-19	8.99	382452060
paid	Finance	12	EZ Financial Calculators Pro	Bishinew Incorporated	2013-03-14	24	4.58	2026-05-11	6.99	606700873
paid	Finance	13	Money Pro: Personal Finance AR	iBear LLC	2014-10-22	2345	4.21	2026-10-02	0.99	918609651
paid	Finance	14	FDNY Retirement Planner	Daniel Baudille	2026-09-18	1	5	2026-09-18	4.99	6773439791
paid	Finance	15	Currency+ (Currency Converter)	James Spencer	2011-04-01	1666	4.79	2026-09-25	1.99	427714758
paid	Finance	16	Leasematic - Auto/Car Lease & Loan Calculator	Haris Khan	2013-02-16	180	4.3	2014-11-03	1.99	593255005
paid	Finance	17	CalcTape Paper Tape Calculator	schoettler Software GmbH	2012-05-16	117	4.19	2022-06-17	2.99	525997288
paid	Finance	18	HP 12C Platinum Calculator	MORAVIA Consulting, spol. s r.o.	2009-08-29	351	1.62	2026-07-21	16.99	328224790
paid	Finance	19	RECalc Pro	3magic	2008-09-29	385	4.79	2024-02-08	0.99	291821697
paid	Finance	20	SEE Finance 3 Mobile	Scimonoce Software LLC	2025-12-12	10	4.4	2026-09-18	9.99	6755652476
paid	Finance	21	iXpenseIt Pro: Manage Finance	FYI Mobileware, Inc.	2019-02-12	1668	4.7	2026-10-03	4.99	284947174
paid	Finance	22	Easy Spending Budget.	Tekton Technologies (P) Ltd.	2011-09-01	24	4.21	2023-07-23	0.99	459019300
paid	Finance	23	The Checkbook	Four One Four 213, LLC	2023-11-04	983	4.77	2026-08-30	4.99	6468368811
paid	Finance	24	Fuel Monitor Pro	LINKLINKS LTD	2013-02-13	836	4.43	2026-09-01	1.99	600375778
paid	Finance	25	Auto Loan Calculator +	Adam Fahlman	2015-05-24	161	4.66	2024-08-25	2.99	991003466
paid	Finance	26	Debt Manager	MH Riley Ltd	2011-12-08	556	4.58	2026-01-22	0.99	482482660
paid	Finance	27	Forex Strength Meter	QM4 Designs	2011-10-31	62	4.58	2026-06-23	9.99	474439550
paid	Finance	28	myAccountsPro	Christopher Wagner	2020-01-07	51	3.96	2025-10-29	2.99	1482116117
paid	Finance	29	My Actual Balance	VINCENT MARIO ARCARO JR	2026-09-30	1	5	2026-10-03	1.99	6808670299
paid	Finance	30	金十数据专业版-为交易而生	Guangzhou Jinshi Information and Technology Co., Ltd.	2017-05-05	33	4.61	2026-09-30	0.99	1197275827
paid	Finance	31	CryptoWatch - Complication	Andras Solyom	2020-10-18	8	3.88	2022-12-18	0.99	1535080893
paid	Finance	32	Cart AI: Track Grocery Budget	Royal Labs LLC	2025-04-16	142	4.51	2026-09-16	2.99	6742040639
paid	Finance	33	Accounts 3 Checkbook	SVT Software	2022-08-20	3141	4.51	2026-10-01	4.99	1638551535
paid	Finance	34	iCheckBalance	Sonmbol LLC	2010-02-26	26	4.08	2018-03-16	1.99	358639561
paid	Finance	35	Satoshi Alarm	CARLOS JORGES LOPES MARTNS	2026-04-22	0	0	2026-10-03	0.99	6762300091
paid	Finance	36	Timeshare Calculators with AI	David ROTHSCHILD	2019-03-12	0	0	2026-09-24	2.99	1451573793
paid	Finance	37	Easy Calculator	Estune Services Ltd	2012-05-09	1	5	2026-05-07	0.99	496872213
paid	Finance	38	CalcMadeEasy Pro	Lalit Patil	2010-08-26	81	4.54	2025-07-24	1.99	388544752
paid	Finance	39	12Calc	Ernest Brock	2013-12-19	922	4.89	2025-09-01	8.99	780780002
paid	Finance	40	My iExpenses Pro	JP-Software	2011-03-04	2	5	2020-04-13	1.99	421357721
paid	Finance	41	Simple Envelope Budgeting	Frank Herring	2022-10-17	11	3.73	2026-08-24	2.99	6443788334
paid	Finance	42	DayCost 2 - Personal Finance	良峰 侯	2021-05-22	14	4.14	2026-09-09	2.99	1546414338
paid	Finance	43	BalanceTrackr	Ole Morten Tengesdal	2025-04-02	5	5	2026-08-14	0.49	6743946348
paid	Finance	44	WatchCrypto	Hemal Modi	2020-12-14	0	0	2021-05-10	0.99	1544602049
paid	Finance	45	The Stack Up App	TiaMundria Christmas	2025-11-18	0	0	2025-11-19	0.99	6754883931
paid	Finance	46	StockStress: Portfolio Stress	Tsz Chung Chau	2026-06-29	0	0	2026-06-29	1.99	6785175135
paid	Finance	47	Meridian OS	Maxwell McNaull	2026-03-29	1	5	2026-05-09	1.99	6760628352
paid	Finance	48	Rainbow's End Ship's Purse	JERRY WAYNE SIMONEAUX	2026-09-21	0	0	2026-09-26	6.99	6812311860
paid	Finance	49	Silo - Budget & Bills Tracker	Joeren Christopher Lee	2026-09-17	0	0	2026-10-01	1.99	6802341104
paid	Finance	50	Road Trip MPG	Darren Stone	2008-12-03	627	4.9	2026-09-17	6.99	298398207
paid	Finance	51	Currenzy	Raja Vijayaraman	2013-10-31	171	4.78	2026-05-09	1.99	719162125
paid	Finance	52	StockSpy: Real-time Quotes	StockSpy Apps Inc.	2008-12-16	527	4.67	2026-06-28	9.99	299972304
paid	Finance	53	Compoundee	GoodHumans	2008-10-11	128	4.97	2017-02-06	2.99	292775676
paid	Finance	54	Accounts 2 Checkbook	SVT Software	2012-01-27	6663	4.55	2026-10-02	3.99	494333145
paid	Finance	55	Tax Me Pro	Tardent Apps Inc.	2011-02-03	749	4.83	2020-02-08	4.99	417188140
paid	Finance	56	Military Reserve Retirement	Crash Test Dummy Limited, LLC	2013-09-14	144	4.71	2026-08-15	1.99	700227486
paid	Finance	57	AI Stock Monitor	胜前 刘	2024-06-17	3	5	2025-11-18	4.99	6504464316
paid	Finance	58	mySubTracker	岩 王	2026-03-23	0	0	2026-03-23	0.99	6760738143
paid	Finance	59	Control Total	Amauris Antonio Castellanos de la Cruz	2026-09-29	0	0	2026-09-29	0.99	6794187225
paid	Finance	60	iMargin	NLR Pastoral Ltd	2015-07-31	2	1	2018-05-29	1.99	1018627241
paid	Finance	61	Gem - Money tracker	Oz Pinhas	2021-02-15	89	4.76	2026-08-15	0.49	1437054263
paid	Finance	62	Mortgage Calculator Pro	SVT Software	2009-05-08	70	4.3	2026-10-03	1.99	315103123
paid	Finance	63	Quick Checkbook Pro	倩 赵	2013-01-02	996	4.17	2025-11-11	0.99	588959204
paid	Finance	64	Easy Retirement Calculator	Workman Consulting LLC	2011-07-20	5	2.8	2024-03-23	0.99	450248837
paid	Finance	65	Travel Nurse Pay Planner	zhandos uakanov	2026-07-16	0	0	2026-07-16	2.99	6789866295
paid	Finance	66	Economy	Cascade Software Corporation	2009-07-04	160	4.63	2024-09-24	2.99	321504242
paid	Finance	67	Penny Stocks Pro	Qiting Huang	2016-10-08	132	4.7	2026-03-26	9.99	1163350865
paid	Finance	68	WifiMan from DataMan	Johnny Ixe	2015-11-08	72	3.97	2026-08-27	7.99	1054634018
paid	Finance	69	Debt To Income Calculator	Rukshan Marapana	2018-12-06	5	2.8	2023-09-03	2.99	1440421121
paid	Finance	70	Dollar+ ARS USD Converter	Matias Fernandez	2026-02-26	0	0	2026-03-09	0.99	6473115030
paid	Finance	71	Unit Price Comparison	Intemodino Group s.r.o.	2017-06-02	0	0	2026-07-21	3.99	1221859915
paid	Finance	72	ClearToRetire	Raul Heredia	2026-03-24	5	4.8	2026-06-04	2.99	6760211356
paid	Finance	73	Receipt Saver: Scan & Organize	Adi Khader	2024-02-14	1	4	2024-02-19	2.99	6476565859
paid	Finance	74	DivvyTrip	Andrew Cunningham	2025-11-03	3	5	2026-09-15	2.99	6754256039
paid	Finance	75	Checkbook Register: Balance	Alex Gameli Heyman	2026-08-24	0	0	2026-08-24	3.99	6799046545
paid	Finance	76	Savings Scorecard	Grow Nest Egg, LLC	2020-11-27	0	0	2023-10-28	0.99	1533556746
paid	Finance	77	Asenso - Financial Simulator	Samuel Jedidiah Uy	2026-05-01	0	0	2026-08-22	1.99	6764736443
paid	Finance	78	Payee: Watch Your Salary Grow	Furkan Kaynar	2026-05-26	0	0	2026-08-05	1.99	6769202750
paid	Finance	79	Kakeibo: Budget Mindfully	Pablo Munoz Garcia	2026-04-22	0	0	2026-09-01	4.99	6757003812
paid	Finance	80	Home Expense Tracker	elearning4all	2026-08-21	0	0	2026-08-21	4.99	6796136658
paid	Finance	81	STRLogger	bigpantsgroup LLC	2026-09-22	0	0	2026-09-22	4.99	6813648801
paid	Finance	82	Personal Budget Managements	Fatih Dursun	2026-01-29	0	0	2026-07-01	0.99	6758138341
paid	Finance	83	MilitaryRetire	Black Automations	2026-04-13	1	2	2026-09-08	5.99	6761673463
paid	Finance	84	BA II Plus™ Financial Calc	Texas Instruments	2009-09-15	114	2.8	2021-02-03	14.99	329739750
paid	Finance	85	KIS Futures	KIS Futures Inc	2010-07-14	12	3.92	2020-10-04	1.99	381228811
paid	Finance	86	Card Wallet Pro	MaxSoft	2022-04-14	40	4.17	2026-08-20	4.99	1618735103
paid	Finance	87	财富领航	培林 柴	2026-05-30	1	5	2026-10-03	2.99	6771271431
paid	Finance	88	DataMan - Data Usage Widget	Johnny Ixe	2013-01-17	693	4.44	2026-07-29	0.99	592962356
paid	Finance	89	My Weekly Budget Planner-Save	永文 胡	2017-07-04	1	1	2025-09-08	1.99	1255080530
paid	Finance	90	iSpreadsheet™	Savy Soda Pty Ltd	2014-11-04	727	4.31	2024-06-07	2.99	932687167
paid	Finance	91	Bills Monitor Pro	倩 赵	2011-10-05	1699	4.63	2026-08-18	0.99	468993411
paid	Finance	92	Adding Machine 10Key iPhone	Richard Silverman	2010-09-22	131	4.58	2023-12-27	2.99	392883834
paid	Finance	93	Karl's Mortgage Calculator Pro	Karl Jeacle	2017-11-20	10	4.8	2026-07-24	1.99	1299095698
paid	Finance	94	Budgetary - Budget Planner	Michael Murphy	2026-01-16	0	0	2026-03-17	1.99	6757657563
paid	Finance	95	Checkbook Pro	Beesoft Apps	2011-10-05	989	3.66	2018-08-10	9.99	469331073
paid	Finance	96	Financial Calculator	joaquin grech	2009-02-21	6	3.83	2020-03-31	5.99	305709452
paid	Finance	97	One Stock Widget	Darren Oakey	2026-01-06	0	0	2026-02-26	4.99	6757111083
paid	Finance	98	BAFinancePrime	Ernest Brock	2025-09-10	34	4.53	2025-09-10	8.99	6751114519
paid	Finance	99	FinSight - Finance Tools	AKAB Technologies LLC	2026-09-23	1	5	2026-09-23	4.99	6806626825
paid	Entertainment	1	Pocket God	Bolt Creative	2009-01-09	2761	4.3	2015-08-20	0.99	301387274
paid	Entertainment	2	StbEmuTV (Pro)	Junaid Muhammad	2021-04-30	217	2.41	2022-09-18	8.99	1564403188
paid	Entertainment	3	Ghost Science M3	Michael Weber	2018-03-28	2681	4.64	2026-05-28	10.99	1360656789
paid	Entertainment	4	iSTB	Nihal Ahmed	2020-02-14	1759	4.57	2026-10-03	14.99	1497473331
paid	Entertainment	5	Cozmo Robot	Digital Dream Labs LLC	2025-07-17	103	3.59	2025-07-17	2.99	6748243845
paid	Entertainment	6	Plezy: Media Server Client	Edvard Wikhall	2025-10-30	109	4.47	2026-09-30	5.99	6754315964
paid	Entertainment	7	Ye said	Aron Martin Visser	2023-08-28	167	4.8	2026-04-23	0.99	6463562198
paid	Entertainment	8	Stick Nodes Pro - Animator	ForTheLoss Games, Inc	2014-11-06	6623	4.8	2026-09-04	3.99	932128168
paid	Entertainment	9	Folium	Jarrod Norwell	2024-05-31	841	2.39	2026-09-17	2.99	6498623389
paid	Entertainment	10	Tarot!	The Fool's Dog, LLC	2012-07-23	1659	4.88	2020-11-04	3.99	543929148
paid	Entertainment	11	Alien10	Saddiq Rahim	2020-10-13	330	4.27	2021-01-19	1.99	1522425038
paid	Entertainment	12	Blower	Qneo	2009-11-14	1371	4.5	2026-01-07	1.99	335862325
paid	Entertainment	13	Let's create! Pottery HD	Infinite Dreams Inc.	2010-07-16	2762	4.56	2018-11-13	4.99	380090605
paid	Entertainment	14	Spirit Contact Talker	Bello Studios LLC	2021-12-14	4770	4.59	2026-08-10	7.99	1600087840
paid	Entertainment	15	Himnario LLDM	Berea Internacional	2019-05-02	175	4.49	2026-01-07	8.99	1262582984
paid	Entertainment	16	iComics	XD Digital Pty Ltd	2012-09-25	3302	4.77	2026-09-30	0.99	493845493
paid	Entertainment	17	LaCuerda [PRO]	NARROI WEBS SC	2010-12-04	58	4.02	2020-09-29	2.99	406136981
paid	Entertainment	18	GSE SMART IPTV PRO	droidvision	2022-11-14	981	4.27	2022-11-14	2.99	6443923265
paid	Entertainment	19	iFart - Fart Sounds App	iFart, LLC	2008-12-12	746	4.48	2025-12-20	1.99	293760823
paid	Entertainment	20	Seasonia: Season Tracker	Igor Cuiumju	2026-01-31	22	4.5	2026-09-02	4.99	6758340712
paid	Entertainment	21	PeeWee Purpdrank's Soundboard	TARTARUS ENTERTAINMENT LTD.	2025-06-15	457	4.96	2026-03-10	0.99	6747207796
paid	Entertainment	22	KennysGifs	KED, LLC	2025-01-10	163	4.8	2026-09-06	1.99	6738590491
paid	Entertainment	23	Feed and Grow: FISH 2026	磊 罗	2026-03-04	13	3.15	2026-03-17	2.99	6757948828
paid	Entertainment	24	EmergeNYC Sirens & Horns Pro	Rafael Fernandez	2021-06-09	140	4.22	2021-06-20	6.99	1570996001
paid	Entertainment	25	DNA Transform!	Joao Gabriel Menezes	2023-02-15	288	4.15	2024-04-12	2.99	1671475521
paid	Entertainment	26	nPlayer	Newin Inc.	2016-07-20	1908	4.71	2025-02-12	4.99	1116905928
paid	Entertainment	27	iForce	Grigor Rostami	2009-10-20	46	3.67	2017-10-05	2.99	331480970
paid	Entertainment	28	Scourby YouBible	Litchfield Associates Ltd, Inc	2012-05-16	341	3.38	2023-05-24	19.99	524402839
paid	Entertainment	29	Radio - Receiver	appsolute GmbH	2009-04-16	1109	4.73	2025-12-18	3.99	311658127
paid	Entertainment	30	Akinator VIP	Elokence	2011-12-07	3860	4.36	2026-10-01	3.99	484090401
paid	Entertainment	31	Talking Carl	Tayasui.com	2011-03-06	904	4.28	2026-08-01	0.99	417373312
paid	Entertainment	32	Universe Splitter	Aerfish LLC	2009-10-06	1527	4.67	2025-07-22	1.99	329233299
paid	Entertainment	33	My PlayHome Stores	PlayHome Software Ltd	2013-08-22	983	4.47	2026-05-13	2.99	683942610
paid	Entertainment	34	Surume	Dylan Mathurin	2026-05-18	27	3.33	2026-09-13	5.99	6763616488
paid	Entertainment	35	Nighty Night!	Fox and Sheep GmbH	2011-05-06	353	4.67	2021-09-03	3.99	434756152
paid	Entertainment	36	My PlayHome School	PlayHome Software Ltd	2014-11-20	855	4.51	2026-05-13	2.99	922188121
paid	Entertainment	37	The I Ching or Book of Changes	Flat Earth Studio LLC	2011-09-01	168	4.9	2025-08-28	4.99	458905864
paid	Entertainment	38	WatchTube for YouTube	Nathan Jackson	2025-04-09	149	4.13	2026-08-11	2.99	6742526717
paid	Entertainment	39	Sticker Babai: Telugu Stickers	tarun kurapati	2019-10-20	51	3.29	2026-06-01	0.99	1483376397
paid	Entertainment	40	KSPlayer播放器-Tracy	kintan wang	2024-01-14	11	4.27	2026-09-30	0.29	6450770064
paid	Entertainment	41	Spirit Whisper - Ghost Talker	Jorge Gregorio Martin Bello	2024-11-01	172	4.51	2025-09-12	4.99	6737355739
paid	Entertainment	42	Spirit Box Radio	Michael Weber	2024-05-14	57	4.42	2024-05-14	7.99	6496864469
paid	Entertainment	43	The Ultimate Buzzer Pro	Makens Apps, LLC	2011-10-24	1174	4.54	2026-03-16	1.99	473628024
paid	Entertainment	44	Tivimax IPTV Player (Premium)	AFIFA CHAUHDARY	2022-07-06	134	2.97	2026-05-05	19.99	1632953327
paid	Entertainment	45	Dexeon	Breanna Pearson	2026-09-30	2	5	2026-10-03	5.99	6808052768
paid	Entertainment	46	Transform Watch	凯祥 孟	2025-09-05	4	3.25	2026-08-09	2.49	6752024029
paid	Entertainment	47	Layla	Layla Network Pty Ltd	2023-08-09	32	3.88	2026-10-01	19.99	6456886656
paid	Entertainment	48	Silk 2 – Generative Art	Yuri Vishnevsky	2016-02-01	905	4.71	2022-12-13	2.99	1050339928
paid	Entertainment	49	Ecto2 - Be the Ghostbuster Ecto-1 Proton pack	Jeremy Gold	2016-10-11	13	4.23	2016-10-11	2.99	1163666594
paid	Entertainment	50	YACReader - Comic Reader	Luis Ángel San Martín	2013-04-27	2582	4.82	2026-09-24	4.99	635717885
paid	Entertainment	51	FAA A&P Airframe Test Prep	Dauntless Software	2010-08-25	32	4.03	2018-02-16	99.99	381238408
paid	Entertainment	52	RPG Scribe Pathfinder & 3.5	Rlyeh Industry	2016-06-16	589	4.61	2026-09-24	2.99	1121334119
paid	Entertainment	53	Hue Halloween for Philips Hue	iMakeStuff	2013-11-05	52	3.52	2020-10-23	1.99	730148796
paid	Entertainment	54	Shimmer and Shine: Genie Games	Nickelodeon	2017-08-23	76	3.89	2018-06-28	2.99	1205624863
paid	Entertainment	55	Raccoon Sounds	Arsosa Network Inc.	2009-10-19	1	5	2024-11-03	0.99	334565099
paid	Entertainment	56	iSpy Cameras	SKJM, LLC	2009-09-10	536	4.68	2020-12-12	0.99	329506639
paid	Entertainment	57	Custom Alert Tones & Sounds	Mobgen Apps Inc	2011-10-14	496	4.03	2017-10-17	0.99	464955893
paid	Entertainment	58	MCP Mayan Tzolkin	LUCITÀ	2011-06-02	14	4.64	2018-02-14	2.99	439809500
paid	Entertainment	59	Magic Spider - My Pet Boris	Ian Pidgeon	2013-04-09	129	4.64	2018-10-11	2.99	578230583
paid	Entertainment	60	Ghost Radar®: CONNECT	Spud Pickles	2012-05-14	42	3.24	2018-08-22	1.99	525354063
paid	Entertainment	61	IPTV Smart Pro - Live TV	Mehmet Akif Saroglu	2024-03-28	318	4.56	2026-07-26	5.99	6478398981
paid	Entertainment	62	Age of Conquest: Europe	Noble Master LLC	2009-06-16	16	3.38	2022-06-25	3.99	318280645
paid	Entertainment	63	Scroll 'n Roll Text Scrolling	Wendy Bernfeld	2010-09-21	340	4.74	2018-10-31	1.99	392534671
paid	Entertainment	64	zFuse - Video Player	s-joys Co., Ltd.	2015-11-23	223	4.41	2026-09-06	4.99	1009747025
paid	Entertainment	65	Christmas Elf Voice Booth - Elf-ify Your Voice	Rocket Splash Games	2014-11-27	7	1	2014-11-27	0.99	941641061
paid	Entertainment	66	Stickers: Ice Age Buck Wild	Disney	2022-02-09	1	5	2022-02-10	1.99	1600354121
paid	Entertainment	67	Yes or No	Stanislav Svec	2012-08-17	0	0	2023-12-11	0.99	550978485
paid	Entertainment	68	Watch Games-Summon the Dragon	秀平 王	2025-04-05	0	0	2025-11-13	0.69	6744266001
paid	Entertainment	69	漆黑的魅影-UNFATHOMABLE NIGHT	Guangzhou Tianhe District Yongji Network Technology Co., Ltd.	2022-07-05	19	3.89	2025-06-18	3.99	1631986299
paid	Entertainment	70	UnPlay	Changzhou Yizhong Yijia Health Management Co., Ltd.	2023-09-26	18	3.94	2026-09-17	1.99	6450034641
paid	Entertainment	71	Waterfall - The Drinking Game	Oval Software Oy	2016-05-05	166	4.58	2020-02-26	1.99	1107060743
paid	Entertainment	72	DJ Airhorn Sounds	Arsosa Network Inc.	2024-02-13	0	0	2024-11-02	0.99	6476643560
paid	Entertainment	73	Ombi	Jamie Rees	2018-05-18	1423	4.82	2026-04-28	2.99	1335260043
paid	Entertainment	74	Light It Up: Concert Lighter	MAXXSOFTWARE Inc.	2026-09-23	0	0	2026-09-23	0.99	6813988854
paid	Entertainment	75	Vidi · Media Center	Plata o Plomo AB	2024-08-22	89	4.34	2025-09-15	4.99	6648776878
paid	Entertainment	76	Fourth Wing Quotes	Moritz Munch	2026-01-21	2	4.5	2026-01-27	0.99	6757702615
paid	Entertainment	77	Dice Dice Pro	Lukas Lubbe	2022-11-15	385	4.78	2025-08-12	2.99	6444409103
paid	Entertainment	78	Psimulator - DC Game Emulator	ZODTTD LLC	2026-09-02	17	4.82	2026-09-04	4.99	6794365531
paid	Entertainment	79	Ghost Hunter M2	Michael Weber	2010-10-20	1592	4.63	2020-07-02	7.99	398120588
paid	Entertainment	80	Fred TV - Open Source IPTV	Frederic Lachapelle	2025-07-04	7	5	2026-01-15	3.99	6742751800
paid	Entertainment	81	Big Button Box - Sound Effects	Shaved Labs Ltd	2009-12-18	391	4.74	2024-02-22	1.99	346513173
paid	Entertainment	82	ARSpiders.com Spider on Face	Linda Schnetzinger	2020-12-08	475	4.71	2025-10-23	2.99	1534413888
paid	Entertainment	83	Plume!	Dylan Mathurin	2026-06-24	5	5	2026-06-24	0.99	6773577656
paid	Entertainment	84	Machine Party	Vitaliy Koop	2026-09-15	1	2	2026-09-15	2.99	6801110029
paid	Entertainment	85	1 Dollar Piano	Sampath Udayakumara	2019-06-28	9	4.11	2019-06-29	0.99	1469890798
paid	Entertainment	86	Hey Duggee: The Big Badge App	BBC Studios Distribution Ltd.	2015-08-07	44	4.3	2020-11-16	2.99	1019167420
paid	Entertainment	87	Magic Fluids: visual art & fun	Mad Scientist	2018-11-06	578	4.83	2026-09-15	4.99	1437510558
paid	Entertainment	88	H*nest Meditation	Headley for Freelance, Inc.	2016-01-06	156	4.73	2019-10-08	1.99	1059195733
paid	Entertainment	89	Number Puzzle Games 4 Watch	长金 胡	2022-01-02	0	0	2025-08-29	0.99	1602119871
paid	Entertainment	90	Coloring Watch	Sydvesti Oy	2019-07-20	1200	4.3	2026-06-15	4.99	1465582821
paid	Entertainment	91	Channels for HDHomeRun!	Fancy Bits, LLC	2016-07-30	1398	4.47	2026-09-15	9.99	1117689474
paid	Entertainment	92	Omnitrix Simulator Pro	MUHAMMED GUVEN	2025-02-12	10	3.1	2026-07-16	4.99	6741732766
paid	Entertainment	93	Datapad | Aurebesh Translator	Abubakr Elmallah	2023-06-26	104	4.79	2026-08-02	1.99	6450498054
paid	Entertainment	94	Lenormand!	The Fool's Dog, LLC	2014-05-08	156	4.81	2019-09-12	2.99	873095450
paid	Entertainment	95	XLR8	2XL Games, Inc.	2012-04-05	168	1.99	2023-12-23	4.99	506486124
paid	Entertainment	96	MangaNelo - Rock Manga Pro	Tu Huynh	2020-11-16	1194	3.52	2025-07-08	0.99	1540527984
paid	Entertainment	97	Sound Board - Funny Sounds!	Wendy Bernfeld	2010-07-22	524	4.63	2019-10-18	1.99	382494400
paid	Entertainment	98	Soundbox - Custom Soundboard	Gabriel Pires	2020-05-20	185	4.68	2026-05-18	0.99	1512618448
paid	Entertainment	99	Taskmaster The App	Avalon Television	2021-09-22	14	3.71	2025-07-07	1.99	1553774029
paid	Entertainment	100	African American AAeMojis	Quikthinking	2018-12-06	1	5	2024-05-30	1.99	1445563032
paid	Education	1	AnkiMobile Flashcards	Anki Software, LLC	2010-05-26	2346	4.04	2025-09-08	24.99	373493387
paid	Education	2	SkyView®	Terminal Eleven LLC	2010-12-10	7692	4.58	2025-05-02	2.99	404990064
paid	Education	3	Teach Your Monster to Read	Teach Your Monster	2014-07-23	29778	4.47	2026-07-28	8.99	828392046
paid	Education	4	JAM Legio	Jam with Latin	2026-09-24	1	5	2026-10-02	19.99	6797884645
paid	Education	5	Prepware Aviation Maintenance	ASA	2009-11-24	370	3.82	2026-09-15	9.99	338893931
paid	Education	6	Stack the States®	Freecloud Design, Inc.	2010-09-13	2189	4.44	2024-09-25	2.99	381342267
paid	Education	7	HamStudy.org	Signal Stuff	2018-05-10	2634	4.92	2026-07-23	3.99	1371288324
paid	Education	8	Wagotabi: Learn Japanese	WAGOTABI LIMITED	2024-10-02	1536	4.94	2026-08-18	4.99	6474207287
paid	Education	9	PDG PROmote 2026+	ForceReadiness.com	2011-11-22	10201	4.82	2026-01-25	34.99	482303584
paid	Education	10	Private Pilot Test Prep	Sporty's Pilot Shop	2011-01-14	115	4.32	2025-07-03	14.99	414141811
paid	Education	11	CE5 Contact	Sirius Technology Advanced Research	2020-04-05	205	3.64	2026-07-01	9.99	1499236474
paid	Education	12	Prepware Private Pilot	ASA	2009-10-13	137	3.89	2026-09-15	9.99	334278376
paid	Education	13	Endless Alphabet	Originator Inc.	2013-01-24	1420	4.65	2022-08-05	8.99	591626572
paid	Education	14	Peekaboo Barn	BHHC LLC	2008-12-22	27	4.52	2025-06-08	3.99	300590611
paid	Education	15	Elmo Calls	Sesame Workshop (Apps)	2011-12-09	955	4.35	2025-08-21	1.99	467703220
paid	Education	16	608 Practice	After Hours Data Systems LLC	2018-08-13	120	3.92	2026-08-17	12.99	1422450628
paid	Education	17	StaffWars	TMI Media, LLC	2014-02-08	133	4.27	2024-07-12	1.99	810405576
paid	Education	18	GENKI Vocab for 3rd Ed.	The Japan Times Publishing, Ltd.	2020-10-16	108	3.05	2026-05-28	6.99	1531679862
paid	Education	19	Numberblocks: Hide and Seek	Blue-Zoo	2018-12-21	63	3.38	2025-09-05	2.99	1328950963
paid	Education	20	Star Walk 2 Pro: Sky Map Live	Vito Technology Inc.	2014-08-20	67228	4.72	2026-08-10	2.99	892279069
paid	Education	21	Prepware Remote Pilot UAS	ASA	2016-07-20	102	4.22	2026-09-15	4.99	1135991142
paid	Education	22	ABA Wizard	TYSM Technologies, LLC	2017-12-19	3873	4.81	2025-10-08	14.99	1326943979
paid	Education	23	California Firearms Test	AlphaSquare Technologies Inc.	2015-11-04	56	4.3	2020-04-29	1.99	1048775759
paid	Education	24	PROmote - Army Study Guide	ForceReadiness.com	2011-05-07	6151	4.76	2026-06-12	5.99	435352951
paid	Education	25	Spelling Shed	Education Shed Ltd	2017-07-28	520	4.31	2026-09-28	2.99	1264568098
paid	Education	26	PANTHEON - Official	D'Uva Workshop s.r.l.	2020-07-14	26	1.35	2023-09-20	1.99	1523025509
paid	Education	27	TX Real Estate Exam Flashcards	Champions School of Real Estate	2012-07-14	3389	4.78	2026-09-04	2.99	539418490
paid	Education	28	American Mensa Brain Test	Barnstorm Games	2010-09-16	341	4.18	2017-10-17	1.99	387692731
paid	Education	29	Jumpmaster PRO Study Guide	ForceReadiness.com	2011-11-01	287	4.72	2025-07-21	4.99	476837843
paid	Education	30	Stack the States® 2	Freecloud Design, Inc.	2016-03-09	1144	4.5	2024-09-25	2.99	1080767538
paid	Education	31	Monkey Preschool Lunchbox	THUP Games	2009-08-31	324	4.06	2026-04-04	1.99	328205875
paid	Education	32	LEGO® DUPLO® DOCTOR	StoryToys Limited	2024-05-09	3667	4.08	2025-10-17	4.99	6477299620
paid	Education	33	PhET Simulations	University of Colorado Boulder	2016-10-05	48	4.52	2024-10-10	0.99	1134126831
paid	Education	34	Lineman's Reference - XFMR LAB	Digital Apprentice LLC	2021-09-12	365	4.65	2026-09-01	19.99	1583878194
paid	Education	35	Stack the Countries®	Freecloud Design, Inc.	2011-02-15	1031	4.57	2025-11-01	2.99	407838198
paid	Education	36	Wild Kratts Rescue Run	PBS KIDS	2017-12-22	192	3.85	2023-08-11	2.99	1315748103
paid	Education	37	CCM Quiz App	Commission for Case Manager Certification	2021-02-18	0	0	2026-02-27	19.99	1552945142
paid	Education	38	Phonograms by SEI	Spalding Education International	2014-12-02	232	1.81	2022-01-29	3.99	934525008
paid	Education	39	TouchChat HD- AAC w/ WordPower	Prentke Romich Company	2011-01-05	131	3.9	2026-05-27	149.99	412351574
paid	Education	40	Daniel Tiger’s Play at Home	PBS KIDS	2012-08-30	342	3.33	2025-03-06	2.99	553211336
paid	Education	41	L2L Bible Bowl	Christian Technology Solutions LLC	2026-08-20	1	5	2026-09-02	2.99	6789640121
paid	Education	42	ASA's Sailing Challenge	American Sailing Association	2016-07-30	2945	4.8	2023-01-09	3.99	1109489005
paid	Education	43	BabySitMe	Rochelle Sadd	2019-08-21	144	3.93	2021-08-13	3.99	1475406264
paid	Education	44	JustinGuitar Note Trainer	Justin Guitar	2026-06-16	4	4.5	2026-08-31	4.99	6761114951
paid	Education	45	EIB & ESB Digital Handbook	Robert LeGrand	2023-06-20	4	1.75	2026-09-08	3.99	6449977458
paid	Education	46	Shroomify - Mushroom ID USA	Simon Grogan	2019-12-21	2081	4.66	2026-09-30	5.99	1490594715
paid	Education	47	GENKI Kanji for 3rd Ed.	The Japan Times Publishing, Ltd.	2021-03-03	21	2.71	2026-05-28	6.99	1551595310
paid	Education	48	EIB Expert Infantry Badge	Polemics Applications LLC	2016-03-13	1	5	2025-05-04	0.99	1090776811
paid	Education	49	Math Fact Master	TicTapTech, LLC	2011-02-17	502	4.05	2024-01-24	0.99	419411014
paid	Education	50	iScore5 AP Human Geography	iScore5app, LLC	2026-01-22	11	4.27	2026-01-22	4.99	6755342612
paid	Education	51	Search With Google	Rija Iqbal	2023-02-21	8	1.5	2024-11-19	1.99	1672840409
paid	Education	52	Foundations Memory Work C3	Classical Conversations	2012-02-15	172	3.56	2023-08-01	9.99	501527692
paid	Education	53	GENKI Conjugation Cards	The Japan Times Publishing, Ltd.	2015-03-17	21	2.67	2026-05-28	6.99	975482646
paid	Education	54	TLC Practice exam 2.0	Los Gatos Taxi Innovators	2023-05-26	2612	4.67	2026-07-02	29.99	6447449111
paid	Education	55	Long Default	EVGUENI ALEXANDROVICH NEIMAN	2026-10-02	0	0	2026-10-03	0.29	6814327856
paid	Education	56	Sesame Street Alphabet Kitchen	Sesame Workshop (Apps)	2015-11-25	201	3.87	2025-06-12	3.49	1039971485
paid	Education	57	Label Pics	Andrew Kasper	2017-09-04	6	3.67	2026-03-03	1.99	1272541874
paid	Education	58	StarMap 3D+ Plus	Sanville Software	2010-01-25	6865	4.83	2026-01-02	2.99	351986992
paid	Education	59	Sounds of Speech	The University of Iowa Research Foundation	2014-01-02	46	2.28	2024-08-06	3.99	780656219
paid	Education	60	Blaze & the Monster Machines	Nickelodeon	2015-01-14	65	3.74	2018-03-06	3.99	907210971
paid	Education	61	Toca Hair Salon 2	Toca Boca AB	2012-12-13	952	4.05	2023-08-28	3.99	569632660
paid	Education	62	Little Builders for Kids	Fox and Sheep GmbH	2014-05-21	3099	4.39	2026-08-21	3.99	875242534
paid	Education	63	ASL Dictionary Sign Language	Software Studios LLC	2013-12-17	2013	4.73	2026-09-30	7.99	682472857
paid	Education	64	Dont Miss A Beat Cath Lab	Propper Consulting LLC	2026-03-13	105	4.89	2026-10-03	8.99	6759580185
paid	Education	65	Elmo Loves ABCs	Sesame Workshop (Apps)	2011-04-04	142	4.08	2025-04-25	4.99	426747278
paid	Education	66	9/11 Memorial Audio Guide	National September 11 Memorial & Museum	2020-11-02	14	3.36	2022-08-01	7.99	1536419545
paid	Education	67	Aviation Mechanic O&P	ASA	2024-08-28	5	2	2025-09-22	9.99	6670143456
paid	Education	68	Dont Miss The His EP Review	Propper Consulting LLC	2026-04-09	18	4.89	2026-08-19	8.99	6761080771
paid	Education	69	Prepware Commercial Pilot	ASA	2009-11-24	35	2.8	2026-09-15	9.99	338889475
paid	Education	70	Laminitis	VIZAR	2024-08-24	6	5	2026-09-08	5.99	470531169
paid	Education	71	Little Fox Animal Doctor	Fox and Sheep GmbH	2015-11-25	4054	4.56	2026-08-03	3.99	1036517151
paid	Education	72	AFOQT Study	Jeremiah Fries	2026-08-03	0	0	2026-09-10	9.99	6794733182
paid	Education	73	Flashcards Deluxe	OrangeOrApple.com	2009-03-26	338	4.51	2026-09-16	4.99	307840670
paid	Education	74	Flashnote Derby	Luke Bartolomeo	2011-08-03	123	3.87	2026-06-07	4.99	453126527
paid	Education	75	ITIL® 4 Foundation Exam Prep	Zindiak Limited	2020-04-10	34	3.88	2020-04-10	4.99	1507155404
paid	Education	76	Animals for Kids, full game	CLEVERBIT LTD	2013-09-19	541	4.29	2023-12-27	3.99	697855047
paid	Education	77	Star Rover - Stargazing Guide	寒飞 易	2010-08-19	414	4.74	2024-05-16	1.99	386628906
paid	Education	78	Instrument Pilot Test Prep	Sporty's Pilot Shop	2011-05-17	16	3.06	2025-07-03	14.99	437392025
paid	Education	79	CCM Glossary App	Commission for Case Manager Certification	2018-12-06	38	2.68	2026-03-02	2.99	1445456374
paid	Education	80	Salt Shack Minerals	Benjamin Secret	2026-06-23	5	5	2026-09-30	19.99	6756032045
paid	Education	81	DroneTone Concertmaster	James Roberts	2022-12-19	11	3.82	2024-10-07	4.99	1660461516
paid	Education	82	Prepware Instrument Pilot	ASA	2009-11-24	45	2.58	2026-09-15	9.99	338887882
paid	Education	83	Cozmic Zoom	Patrick Godeau	2014-12-18	67	3.66	2019-04-09	0.99	945633106
paid	Education	84	Metamorphabet: Amazing ABC's	Vectorpark	2015-02-12	317	4.65	2024-12-13	5.99	858010121
paid	Education	85	FloraQuest: Carolinas, Georgia	High Country Apps, LLC	2024-03-02	16	5	2026-09-08	19.99	1552447057
paid	Education	86	Cookie Calls	Sesame Workshop (Apps)	2012-12-05	184	4.29	2025-08-21	1.99	578982065
paid	Education	87	Flashcard Hero	Kitestack Software	2014-04-09	883	4.79	2025-08-27	4.99	650812005
paid	Education	88	Team Shake	Rhine-o Enterprises LLC	2010-10-09	1570	4.85	2021-11-16	1.99	390812953
paid	Education	89	Greek For All - Vocab	Stanislav Kondrat	2016-04-29	181	4.76	2026-04-23	8.99	1108223124
paid	Education	90	Dinosaur Chess: Learn to Play!	Universis Technology	2010-12-01	38	3.79	2016-09-16	4.99	405842432
paid	Education	91	Cahokia AR Tour	Cahokia Mounds Museum Society	2021-11-29	417	4.23	2025-12-02	4.99	1569837431
paid	Education	92	Abraham Hicks VortexAttraction	Marc Mollicone	2010-12-23	131	4.31	2020-10-01	14.99	411500177
paid	Education	93	GraphNCalc83	Ernest Brock	2014-05-18	4037	4.88	2025-11-22	12.99	744882019
paid	Education	94	Spanish Verb Conjugator Pro	Ian Tipton	2010-10-18	296	4.87	2026-10-02	2.99	398093106
paid	Education	95	Starfall Numbers	Starfall Education Foundation	2013-11-12	35	3.23	2026-04-29	4.99	736244016
paid	Education	96	Dora ABCs Vol 3: Reading	Nickelodeon	2011-10-21	12	4	2018-05-16	1.99	465173747
paid	Education	97	Trans4motor R	Kitt Peak, Inc.	2025-12-10	9	4.56	2026-02-09	7.99	6739180076
paid	Education	98	Explore Daniel's Neighborhood	PBS KIDS	2015-08-27	325	3.9	2025-10-24	2.99	1027419374
paid	Books	1	Bound - Audiobook Player	Deadpan, LLC	2015-12-16	2015	4.61	2025-02-25	4.99	1041727137
paid	Books	2	Twenty-Four Hours a Day	BookMobile	2010-08-30	28692	4.93	2026-03-02	7.99	389029534
paid	Books	3	MotoJitsu	Gregory Widmar	2021-01-30	95	4.85	2026-07-25	9.99	1549608440
paid	Books	4	BookBuddy Pro: Book Tracker	Kimico, Ltd.	2010-10-09	5983	4.84	2026-09-30	9.99	395149950
paid	Books	5	Cepher	Cepher Publishing LLC	2016-05-19	334	4.13	2026-04-03	21.99	1111754263
paid	Books	6	Littlest Pet Shop: Pet Style	PlayDate Digital	2015-10-14	24	2.71	2016-04-22	2.99	1017354785
paid	Books	7	Mr. Potato Head: School Rush	PlayDate Digital	2016-04-06	345	4.55	2026-05-05	3.99	1065623382
paid	Books	8	The Monster at the End...	Sesame Workshop (Apps)	2010-12-21	199	4.56	2023-02-20	4.99	409467802
paid	Books	9	Sephardic Siddur	Shlomo Brothers LLC	2016-09-10	26	4.65	2022-09-13	4.99	1146814685
paid	Books	10	The Cantina Archive	JAMES ANTHONY BOOKER	2025-05-09	54	4.57	2026-09-24	3.99	6745520515
paid	Books	11	Teach Monster: Reading for Fun	Teach Your Monster	2021-09-27	13658	4.55	2025-06-16	7.99	1512939054
paid	Books	12	Siddur – Annotated Edition	Chabad.org Jewish Apps	2014-01-04	45	4.11	2025-09-11	5.99	731295538
paid	Books	13	AA Big Book App	Dean Huff	2015-12-18	0	0	2026-07-02	0.99	1067750892
paid	Books	14	القاعدة النورانية	Furqan Group for Education& IT	2014-04-29	6924	4.78	2017-09-21	5.99	841875549
paid	Books	15	Mirror Study Bible	Stefan du Toit	2018-12-29	500	4.78	2026-08-20	29.99	1447612543
paid	Books	16	More Language of Letting Go	BookMobile	2013-08-04	817	4.91	2026-02-16	8.99	662254410
paid	Books	17	AR Book Scanner	Robert Gannard	2022-06-26	6	4	2022-07-18	0.99	1631434309
paid	Books	18	Feelings Buried Alive	Chad Truman	2016-02-12	30	2.9	2023-02-08	4.99	1075875617
paid	Books	19	KO Reader	James Carrell II	2026-04-16	3	3.67	2026-04-16	3.99	6761862109
paid	Books	20	Nighty Night Forest	Fox and Sheep GmbH	2017-11-21	1390	4.43	2026-08-10	3.99	1300717402
paid	Books	21	eBook Search Pro - Book Finder	Inkstone Software, Inc.	2012-07-01	493	4.66	2023-09-27	0.99	531204555
paid	Books	22	Bluefire Reader	Bluefire Productions	2010-10-09	4099	4.6	2026-07-27	4.99	394275498
paid	Books	23	Cov Ntseeg Yexus Phoo Nkauj	Hmong District of the C&MA	2015-10-03	6	3.83	2021-03-26	1.99	911031782
paid	Books	24	Woolly Mammoth In Trouble	Oceanhouse Media	2011-10-05	27	4.85	2026-02-03	1.99	467398577
paid	Books	25	Shelfly – Cozy Reading Tracker	Zeynep Beyza INCIK	2026-02-23	0	0	2026-04-21	0.99	6759379795
paid	Books	26	ArtScroll Smart Siddur סדור	ArtScroll Mesorah Publications	2015-07-21	102	3.27	2025-08-04	9.99	988119206
paid	Books	27	Siddur – Classic Edition	Chabad.org Jewish Apps	2014-01-04	24	4	2025-09-10	5.99	731295415
paid	Books	28	AA Big Book Audio (Unofficial)	Big Book Apps, LLC	2015-08-20	63	3.56	2019-05-22	4.99	1027517556
paid	Books	29	Mr. Brown Can Moo! Can You?	Oceanhouse Media	2017-08-16	512	4.49	2025-12-26	3.99	1249496615
paid	Books	30	대한성서공회 모바일성경	Korean Bible Society	2012-05-09	11	1.82	2015-02-23	9.99	524331467
paid	Books	31	TBR Spinner	Brian Barnett	2025-07-31	1	5	2026-07-11	1.99	6748889824
paid	Books	32	Smart Comic Reader	Onne van Dijk	2020-10-28	543	4.86	2026-02-24	2.99	1511175212
paid	Books	33	Birds of Peru	Birds In The Hand, LLC	2016-07-18	86	4.44	2016-11-04	34.99	1088336630
paid	Books	34	Watch Reader - txt file	kim juyoung	2023-04-06	3	5	2026-10-03	3.99	6447301850
paid	Books	35	Tarot & Runes: Wiccan Handbook	Lazy Yards	2010-12-03	57	4.6	2026-05-22	0.99	405918513
paid	Books	36	Food for Thought Meditations	BookMobile	2010-10-21	675	4.87	2026-05-29	7.99	397843942
paid	Books	37	Dr. Seuss's ABC - Read & Learn	Oceanhouse Media	2016-01-12	11212	4.49	2025-12-19	3.99	1011479119
paid	Books	38	Green Eggs and Ham	Oceanhouse Media	2015-08-18	11440	4.51	2025-12-18	3.99	1011476555
paid	Books	39	Weirdwood Manor 2	Wasabi Entertainment Inc.	2026-05-06	1	3	2026-05-13	4.99	1536158018
paid	Books	40	Persian Heritage	Farzad Rashvand	2013-04-24	35	3.6	2021-02-03	4.99	633566198
paid	Books	41	CSHymns	Adesegun Adesegun	2015-06-11	16	2.94	2025-11-29	4.99	1000897885
paid	Books	42	My Little Pony: Cutie Pox	PlayDate Digital	2015-01-29	4	4	2016-03-28	2.99	953151686
paid	Books	43	New Believers Hymn Book (NBHB)	John Ritchie Ltd	2021-12-15	4	4	2026-03-21	4.99	1515157357
paid	Books	44	Polar Bear Horizon	Oceanhouse Media	2012-02-22	18	4.83	2026-02-10	2.99	500243933
paid	Books	45	Steam Train, Dream Train	Oceanhouse Media	2015-02-17	96	4.8	2026-01-31	2.99	943648357
paid	Books	46	聖書 新改訳2017	Word of Life Press Ministries	2017-12-20	4	4.25	2026-09-08	24.99	1321378770
paid	Books	47	Latin-English Bible	Martin Loch	2018-08-02	3	3.67	2021-08-21	2.99	1408930645
paid	Books	48	和合本修訂版聖經 RCUV 聆聽版	IGEARS TECHNOLOGY LTD	2016-02-11	1	3	2026-08-28	13.99	1080905503
paid	Books	49	リトルバスターズ！ＳＳ Vol.01	VisualArts Co.,Ltd.	2012-11-01	1	5	2015-01-23	0.99	571166781
paid	Books	50	Tanakh Pro	Dor Pascal	2024-10-10	0	0	2026-09-23	2.99	6736739283
paid	Books	51	SCP Foundation Chinese nn5n	Teeraya Intajuk	2018-08-16	0	0	2026-07-14	4.99	680387369
paid	Books	52	AuraRead - 本地小说听书阅读器	少川 李	2026-05-22	3	5	2026-09-28	14.99	6770079462
paid	Books	53	聖經 - 聖經和合本，筆記，微讀聖經	KUO CHENG-YEN	2026-04-23	0	0	2026-05-15	0.99	6763203276
paid	Books	54	Rowaiat: Arabic Stories	Meshaal Al Mathkour	2026-10-01	0	0	2026-10-01	0.99	6815890800
paid	Books	55	Manga Log App	Shun Isayama	2024-12-02	0	0	2026-08-10	2.99	6738899845
paid	Books	56	StotraNidhi	Krishna Srikanth Manda	2016-04-20	54	4.28	2026-09-08	5.99	981063067
paid	Books	57	MapleRead SE	Maplepop LLC	2014-05-28	131	4.15	2026-09-29	8.99	860169741
paid	Books	58	Free Books - 23,469 Classics For Less Than A Cup Of Coffee. An Extensive Ebooks And Audiobooks Library	Digital Press Publishing	2009-06-19	56	3.07	2015-12-10	0.99	317776727
paid	Books	59	LibriVox Audiobooks – Ad-Free	BookDesign LLC	2013-06-23	1840	4.76	2026-08-13	4.99	662558935
paid	Books	60	TI-84 CE Calculator Manual	Di Venisco UG (haftungsbeschrankt)	2017-01-10	0	0	2026-09-30	7.99	1192750649
paid	Books	61	Audiobooks HQ +	Inkstone Software, Inc.	2012-12-10	2383	4.66	2021-04-25	1.99	573235547
paid	Books	62	BookScanner Book Leveler App	If Then Dev, LLC	2012-12-10	12284	4.78	2026-09-13	49.99	583672052
paid	Books	63	MP3 Audiobook Player Pro	Oleg Brailean	2014-06-28	230	4.09	2026-10-03	7.99	889580711
paid	Books	64	Prehistoric Pals Collection	Oceanhouse Media	2014-04-30	24	4.71	2026-01-23	9.99	867661706
paid	Books	65	Lenguard	Sneaky Crab, Inc.	2025-10-31	31	4.35	2026-10-02	12.99	6747782520
paid	Books	66	Book Eating Dog	GreenWood Technology Limited	2026-09-14	1	5	2026-09-24	0.99	6804378002
paid	Books	67	Dialing God	The Kabbalah Centre International	2009-08-26	41	4.71	2018-02-22	9.99	327389387
paid	Books	68	QuickReader - Speed Reading	Inkstone Software, Inc.	2009-10-15	616	4.54	2019-08-16	4.99	333441801
paid	Books	69	Gutenberg Book Reader	himalaya-soft	2013-07-26	19	3	2026-05-23	2.99	663537858
paid	Books	70	eBook: Think and Grow Rich	Procypher Software Co.	2010-03-15	9	4.67	2020-12-17	4.99	361225439
paid	Books	71	Biblia Reina Valera PRO-no ads	Haven Tran	2022-05-12	7	4.29	2026-09-07	5.99	1623422868
paid	Books	72	SCP Foundation nn5n offline	Teeraya Intajuk	2013-07-23	63	4.16	2026-08-09	4.99	675315890
paid	Books	73	Hop on Pop by Dr. Seuss	Oceanhouse Media	2017-01-10	1223	4.48	2025-12-23	3.99	1092652588
paid	Books	74	The Canterville Ghost	iClassics Productions, S.L.	2017-05-06	53	4.51	2020-09-02	3.99	1193944163
paid	Books	75	Cov Ntseeg Yexus Phau Nkauj	Hmong District of the C&MA	2015-10-03	10	2.8	2021-03-11	1.99	911005630
paid	Books	76	TWP The Listening Room	James Mooney	2026-06-19	0	0	2026-07-07	6.99	6780624685
paid	Books	77	The Last Whale Singer Book	Tobo Inc.	2026-04-23	0	0	2026-04-23	3.99	6743402491
paid	Books	78	iBible - Offline Bibles	天从 何	2026-07-28	0	0	2026-07-28	0.99	6793786056
paid	Books	79	Wicca Spellbook	Lazy Yards	2012-06-10	36	4.28	2026-09-11	0.99	526758956
paid	Books	80	Touchstones	BookMobile	2010-10-21	1639	4.9	2026-02-18	7.99	397846608
paid	Books	81	A Day at a Time Meditations	BookMobile	2010-10-22	933	4.93	2026-02-18	7.99	397833792
paid	Books	82	My Little Pony: Power Ponies	PlayDate Digital	2014-07-17	20	3.9	2023-06-14	2.99	893619699
paid	Books	83	Tao Te Ching Lao Tzu	Bread Labs, LLC	2015-08-10	1909	4.89	2024-04-10	4.99	1026211399
paid	Books	84	CHOMP by Christoph Niemann	Fox and Sheep GmbH	2016-01-27	756	4.68	2018-07-24	3.99	1061132313
paid	Books	85	Amharic Bible 81 Books	Haileslassie Lilay Desalegn	2025-12-05	6	4.33	2026-09-04	2.99	6755670596
paid	Books	86	Santa Biblia Version Reina Valera (con audio)	清芳 张	2009-09-23	66	3.64	2017-05-18	9.99	325486873
paid	Books	87	Oh, the Places You'll Go!	Oceanhouse Media	2016-05-03	1436	4.51	2025-12-22	3.99	1067456521
paid	Books	88	أدعية مفاتيح الجنان	Inhouse Production	2013-02-12	7	5	2020-05-04	1.99	600052352
paid	Books	89	SDA Hymnal Pro	Bujorel Tecu	2014-02-01	17	3.12	2016-12-08	4.99	807177216
paid	Books	90	What Was I Scared Of?	Oceanhouse Media	2017-10-04	378	4.58	2025-12-30	1.99	1249497286
paid	Books	91	The Foot Book - Read & Learn	Oceanhouse Media	2017-11-01	309	4.48	2025-12-23	3.99	1275266549
paid	Books	92	Jubilees, Jasher & Enoch PRO	Haven Tran	2021-12-29	56	4.75	2026-09-07	8.99	1601196449
paid	Books	93	Booklover - eBook Reader	Plastic Software, Inc.	2015-01-06	57	4.6	2026-10-03	3.99	949207089
paid	Books	94	Matthew Henry Study Bible	Cross Link Services B.V.	2013-03-05	99	4.78	2022-08-25	4.99	605274104
paid	Books	95	There's a Wocket in My Pocket!	Oceanhouse Media	2018-04-25	162	4.48	2025-12-30	3.99	1293925992
paid	Books	96	KJV King James Bible PRO	Haven Tran	2018-09-09	26	3.73	2026-09-07	5.99	1435286486
paid	Books	97	Сахих Аль-Бухари	Alwawee	2012-01-27	52	4.88	2020-06-30	1.99	493614362
paid	Books	98	Hymnal Adventist	Seth Adam Mundall	2023-03-21	7	4.43	2026-06-11	7.99	6446034427
paid	Medical	1	Monash FODMAP Diet	Monash University	2012-12-17	2576	4.21	2026-03-12	7.99	586149216
paid	Medical	2	Essential Anatomy 5	3D4Medical from Elsevier	2013-02-14	20608	4.84	2022-01-22	19.99	596684220
paid	Medical	3	Pedi STAT	James M Kempema MD PA	2009-08-28	68	4.51	2026-10-03	7.99	327963391
paid	Medical	4	AutoSnore: Snoring Recorder	Tantsissa	2025-11-02	1340	4.28	2026-09-12	4.99	6746705608
paid	Medical	5	Paramedic Protocol Provider	Acid Remap LLC	2009-07-18	53	3.64	2026-01-23	14.99	323130614
paid	Medical	6	EP Mobile	EP Studios	2012-11-06	4	5	2025-12-09	1.99	574231795
paid	Medical	7	Freya • Surge Timer	The Positive Birth Company Ltd.	2019-02-08	173	4.51	2025-07-18	5.99	1447509164
paid	Medical	8	Nject	Keaton Benning, LLC	2022-04-26	126	3.97	2026-01-13	4.99	1620565745
paid	Medical	9	ASCCP Management Guidelines	American Society for Colposcopy and Cervical Pathology Inc	2020-06-05	8715	4.77	2026-07-15	14.99	1498550832
paid	Medical	10	Bennet Test Full	Aliaksandr Uvarau	2015-02-03	623	4.57	2026-04-21	0.99	961293769
paid	Medical	11	Critical Med: ICU & ACLS Prep	The Barringer Group, LLC	2012-02-28	1148	4.81	2026-09-17	29.99	504065732
paid	Medical	12	Human Anatomy Atlas 2027	Visible Body Apps	2016-07-27	20787	4.85	2026-09-08	24.99	1117998129
paid	Medical	13	EMT PASS (new)	Limmer Creative	2020-03-04	85	3.2	2026-09-15	32.99	1498940102
paid	Medical	14	AnatomyMapp	Books of Discovery	2012-03-19	2127	4.82	2026-05-11	19.99	510119487
paid	Medical	15	Vargo Anesthesia Mega App	Vargo Anesthesia Inc	2014-01-08	177	4.71	2026-09-20	99.99	791467318
paid	Medical	16	Pedi QuikCalc 5	Burlington Pediatrics, PA	2022-08-16	10	4.4	2025-06-26	4.99	1539994807
paid	Medical	17	CodeScribe EMS	William Lawrence	2026-08-04	2	5	2026-09-16	2.99	6794129654
paid	Medical	18	Muscle Trigger Points	Real Bodywork	2010-01-05	552	4.83	2022-10-28	4.99	348867501
paid	Medical	19	Code Blue CPR – ACLS Timer	Michael Mattesco Horta	2023-07-11	37	4.51	2026-04-16	7.99	1640636826
paid	Medical	20	Code Runner Pro: CPR Timer	Angel Vazquez	2017-12-19	55	3.85	2026-04-23	6.99	1318832552
paid	Medical	21	Learn Muscles: Anatomy	Real Bodywork	2010-04-01	439	4.61	2022-12-31	4.99	364894966
paid	Medical	22	EMT Review Plus	Limmer Creative	2010-11-23	46	3.54	2026-09-15	13.99	404658834
paid	Medical	23	ECGsource	ECGsource LLC	2010-06-19	8	3	2018-02-20	0.99	377139093
paid	Medical	24	Paramedic PASS	Limmer Creative	2020-01-28	10	3.1	2026-09-15	37.99	1496171381
paid	Medical	25	Paramedic Review Plus	Limmer Creative	2011-02-18	9	2.33	2026-09-15	13.99	420015381
paid	Medical	26	Chest Tube Simulator	Vaughn NextGen Education LLC	2026-06-24	13	5	2026-09-24	49.99	6776018980
paid	Medical	27	Speech Assistant AAC	Ton Schalke	2016-09-03	103	4.56	2026-09-29	24.99	1139762358
paid	Medical	28	iRadTech	Ballinger and Bruckner, LLP	2009-12-29	53	4.6	2025-03-03	24.99	346126006
paid	Medical	29	The Difficult Airway App	Airway Management Education Center	2011-06-07	22	4.09	2026-01-05	4.99	433176317
paid	Medical	30	Find My Hearing Aid & Devices	Bickster LLC	2020-03-04	1207	4.47	2021-08-08	9.99	1477013648
paid	Medical	31	MD on Call	Messil inc.	2009-10-05	1	5	2026-02-04	9.99	333195169
paid	Medical	32	Voice Test	Zeljen Trpovski	2011-05-24	4	2.75	2018-07-10	1.99	437811882
paid	Medical	33	QuickEM	Dirkes Medical, PLLC	2014-11-07	10	4.6	2026-09-14	9.99	930734530
paid	Medical	34	Pranic Healing® Mobile	IISPFI	2011-10-27	9	4.22	2019-05-16	34.99	471744029
paid	Medical	35	Anatomy 3D - Organs	Real Bodywork	2011-09-21	6	3.83	2015-08-31	1.99	465448838
paid	Medical	36	Ratio S/Z	Marina Sauca	2017-04-20	0	0	2019-02-15	2.99	1207544244
paid	Medical	37	Medicopedia Dictionary Pro	Ayyoub BELGAID	2017-11-03	2	5	2020-10-30	9.99	1306211316
paid	Medical	38	Blood Pressure Logger	Codable Labs Limited	2024-12-19	0	0	2024-12-29	0.99	6739503609
paid	Medical	39	NewIQ™ | Neonatal Blood Gas	Sabrina Sabri	2026-04-06	5	5	2026-04-06	4.99	6756944701
paid	Medical	40	Recognise	noigroup	2016-02-10	28	2.86	2026-04-07	5.99	1081707515
paid	Medical	41	Neuro Toolkit	Kent Ellington	2010-01-20	17	4.65	2026-09-06	6.99	350656519
paid	Medical	42	TCM Clinic Aid	Gary Baranzini	2009-06-05	31	4.55	2026-07-22	18.99	311408394
paid	Medical	43	epTools	Busy Being Born Solutions, LLC	2011-04-12	521	4.82	2026-08-25	19.99	430201878
paid	Medical	44	Squeezy Men	Living With Ltd	2014-11-18	45	4.62	2026-07-03	4.99	929618748
paid	Medical	45	Baby Tracker Pro - Newborn Log	Nighp Software LLC	2014-05-02	2470	4.78	2026-09-10	4.99	845657206
paid	Medical	46	The Clinical Problem Solvers	THE CLINICAL PROBLEM SOLVERS INC.	2019-07-29	204	4.77	2020-07-22	14.99	1469480431
paid	Medical	47	Voice Analyst: Pitch & Volume	Speechtools Ltd	2014-04-30	380	4.63	2026-09-17	17.99	732245213
paid	Medical	48	Dexteria - Fine Motor Skills	BinaryLabs, Inc.	2011-03-08	36	3.44	2026-06-06	6.99	420464455
paid	Medical	49	Journal Club: Medicine	Peripheral Brain, LLC	2012-04-24	166	4.27	2019-08-13	6.99	512153051
paid	Medical	50	Xray Vault: Rad Tech Guide	GINO VALENTIE FERNANDEZ	2026-08-12	2	5	2026-08-22	4.99	6784745491
paid	Medical	51	Pill Identifier - Pro	FRIENDSAPP LISTING	2023-09-28	7	2.14	2025-02-06	3.99	1632611066
paid	Medical	52	Blood Pressure Companion Pro	倩 赵	2011-08-03	1248	4.53	2026-07-21	0.99	453210774
paid	Medical	53	Recognise Knee	noigroup	2016-02-23	5	3.6	2026-04-07	5.99	1082943360
paid	Medical	54	Instant ECG - Mastery of EKG	iAnesthesia LLC	2009-01-06	525	4.06	2019-08-27	5.99	301270080
paid	Medical	55	RCIS Study Guide	Jared Lapointe	2018-04-10	458	4.73	2020-12-30	9.99	1358421632
paid	Medical	56	All In One Ophthalmology	Amir Hakimi	2018-02-05	11	4.64	2021-11-23	0.99	1344628072
paid	Medical	57	OCMedic	Christopher Sigler	2025-04-07	8	5	2026-10-02	4.99	6743985316
paid	Medical	58	Pedi STAT EMS	James M Kempema MD PA	2021-12-13	3	5	2026-05-26	2.99	1595805495
paid	Medical	59	Squeezy	Living With Ltd	2014-10-14	248	4.78	2026-07-03	4.99	700740791
paid	Medical	60	Infection Control Pocketbook	Hipposoft, LLC	2012-05-15	21	4.43	2017-12-04	0.99	525719546
paid	Medical	61	Equine Emergency Vet Care App	Justin Long LLC	2025-12-29	12	4.67	2026-05-26	29.99	6754246334
paid	Medical	62	ICU Trials by ClinCalc	ClinCalc LLC	2012-06-16	67	4.79	2026-08-05	4.99	534227095
paid	Medical	63	Perfect OB Wheel	Evan Schoenberg	2008-10-16	3593	4.92	2026-08-11	1.99	293656711
paid	Medical	64	Pediatric Blood Pressure Guide	Gregory Drake Wilson	2017-12-09	16	4.31	2024-06-19	0.99	1321932608
paid	Medical	65	Pill Identifier by Drugs.com	Drugs.com	2010-10-21	142	3.44	2026-04-09	0.99	398305495
paid	Medical	66	RxFlip	ClinCalc LLC	2025-02-23	3	4	2025-03-05	4.99	6742325477
paid	Medical	67	Yoga Nidra - Deep Relaxation	Elizabeth Papadakis	2011-04-19	605	4.79	2020-01-03	3.99	430531216
paid	Medical	68	ER Bay Finder	Bryan Ruef	2021-12-02	13	4.38	2021-12-03	4.99	1597856351
paid	Medical	69	AEMT PASS	Limmer Creative	2016-12-01	29	2.45	2026-09-15	21.99	1165406702
paid	Medical	70	SNHD Protocols	samscheller.com	2011-08-10	13	3.54	2026-08-11	4.99	455484052
paid	Medical	71	Muscles & Kinesiology	Visible Body Apps	2012-02-28	2627	4.84	2022-09-22	24.99	504001448
paid	Medical	72	VeinSeek Pro	VeinSeek LLC	2016-11-17	28	2.46	2023-11-16	6.99	1174536386
paid	Medical	73	The NeuroICU Board Review	Usatine & Erickson Media LLC	2018-10-22	2	5	2024-02-06	99.99	1437856729
paid	Medical	74	NEJM Image Challenge	The New England Journal of Medicine	2010-12-06	9	4.78	2020-05-06	9.99	403219522
paid	Medical	75	EasyDrops IV Drip Calculator	Michael Mattesco Horta	2024-05-30	6	4.33	2025-07-15	0.99	6503354146
paid	Medical	76	iBP Blood Pressure	Leading Edge Apps LLC	2009-03-02	2562	4.81	2019-03-17	0.99	306526794
paid	Medical	77	MDILog Remote	Occupational Research & Assessment, Inc.	2023-04-05	1	5	2026-07-18	1.99	1668858423
paid	Medical	78	Radiology Core: Physics Plus	Lieu Duong	2017-04-11	50	2.92	2024-03-26	9.99	1225040758
paid	Medical	79	SimMon	Castle Andersen ApS	2010-04-01	13	4.46	2026-03-24	22.99	364731597
paid	Medical	80	Blood Pressure Importer	Thomas Mason	2026-03-29	0	0	2026-05-22	3.99	6758891186
paid	Medical	81	Med Mnemonics	Evan Schoenberg	2009-09-01	43	4.51	2016-06-28	1.99	328711340
paid	Medical	82	Recognise Foot	noigroup	2016-02-23	21	3.05	2026-06-03	5.99	1082939619
paid	Medical	83	VetPDA Calcs	University of California, Davis	2010-03-15	16	4.88	2021-08-17	4.99	356519283
paid	Medical	84	DSM-5-TR® Diagnostic Criteria	American Psychiatric Association	2023-05-03	11	3	2026-02-04	75.00	6444126162
paid	Medical	85	MediMath Medical Calculator	Evan Schoenberg	2019-02-12	41	4.49	2020-01-30	0.99	289039914
paid	Medical	86	Human Anatomy Study Guide	Ryan Bittorf	2023-03-21	0	0	2026-05-05	9.99	6446468748
paid	Medical	87	Visual Anatomy	Education Mobile	2012-04-21	566	4.74	2026-01-19	2.99	519530925
paid	Medical	88	Histo!	John Ash	2019-06-05	29	4.97	2024-09-03	9.99	1128927858
paid	Medical	89	Pocket Eye Exam	Danger Russ LLC	2011-06-03	5	3.6	2017-10-17	1.99	438835010
paid	Medical	90	My Pain Diary & Symptom Tracker: Gold Edition	Damon Lynn	2016-08-12	290	3.55	2017-03-20	4.99	1123452738
paid	Medical	91	Snoopy Dog Heartbeat - CHF App	FCP Ltd	2022-03-01	33	4.27	2022-10-03	7.99	1599548877
paid	Medical	92	ECG Reader	Muhammet Bilgi	2018-06-25	75	1.17	2018-06-25	0.99	1389860262
paid	Medical	93	Cardiac Trials	Justin Sharim	2019-09-17	50	4.58	2022-11-20	4.99	1474475565
paid	Medical	94	Snellen test	Oleg Drobyshev	2020-05-25	0	0	2024-09-27	0.99	1514134289
paid	Medical	95	Anatomy Recall: 3D Human Body	Ruben Reut	2026-08-31	0	0	2026-10-03	5.99	6804860511
paid	Medical	96	My VA Benefits	Scott Foster	2014-02-18	5	2.6	2025-01-03	4.99	813422884
paid	Medical	97	MCS Emergency Guides	ICCAC - International Consortium of Circulatory Assist Clinicians	2022-07-05	3	5	2022-07-05	1.99	1632821727
paid	Medical	98	ShotTrackr: GLP-1 & Peptide	Blaine Cobban	2025-12-03	21	4.48	2026-09-28	3.99	6754299363
paid	Medical	99	Lose Weight with AJ	Universal Relaxation Ltd	2009-01-03	21	4.33	2023-10-23	2.99	301069615
paid	Food & Drink	1	Paprika Recipe Manager 3	Hindsight Labs LLC	2017-11-15	53948	4.9	2026-07-16	4.99	1303222868
paid	Food & Drink	2	Bevnap: Cocktail Recipes	Lemel Software, LLC	2026-02-19	35	4.71	2026-10-01	4.99	6744274650
paid	Food & Drink	3	Love, Manuela	Passion For Baking AS	2020-04-22	177	4.31	2026-05-27	12.99	1505065609
paid	Food & Drink	4	Mealie - Recipe & Meal Planner	RanduSoft SRL	2026-04-25	15	4.73	2026-09-23	0.99	6762080217
paid	Food & Drink	5	Santa Fe Margarita Trail	City of Santa Fe	2018-01-22	147	4.8	2026-09-14	2.99	1237416826
paid	Food & Drink	6	Bartender's Choice Vol.3	Fancy Free LLC	2026-03-22	6	4	2026-04-11	8.99	6760676992
paid	Food & Drink	7	FitMenCook - Healthy Recipes	Nibble Apps Ltd	2015-05-12	15643	4.91	2026-04-25	3.99	980368562
paid	Food & Drink	8	Cocktail Party: Drink Recipes	Cooper Bold Interactive	2014-12-09	217	4.53	2026-09-25	3.99	928904094
paid	Food & Drink	9	Oh She Glows	Glo Bakery Corporation	2016-04-10	12305	4.87	2026-04-10	2.99	1079607960
paid	Food & Drink	10	Flavortown	Grid Sixty Software	2009-05-13	1	5	2026-10-02	0.99	314057291
paid	Food & Drink	11	Jambalaya Calculator	Krillobyte LLC	2025-10-02	6	5	2026-07-08	4.99	6751805188
paid	Food & Drink	12	My Fussy Eater	Ciara Mullan	2018-01-30	6	4.17	2026-08-27	4.99	1340469417
paid	Food & Drink	13	Vinocell – Wine cellar manager	VinoDev	2012-06-05	1843	4.64	2026-09-30	9.99	521577043
paid	Food & Drink	14	Substitutions	Gormaya	2010-05-20	29	3.45	2019-11-16	1.99	372387251
paid	Food & Drink	15	The Spicery	Lexicarte LLC	2021-10-06	7	4	2021-11-03	2.99	1572384853
paid	Food & Drink	16	Wine Vintages: Expert Ratings	VinoMobile	2009-08-22	22	4.59	2026-07-17	3.99	327068055
paid	Food & Drink	17	The Recipe Box To Go	Kathleen Tafel	2012-01-12	1153	4.47	2026-06-30	0.99	474274646
paid	Food & Drink	18	Foraging with the "Wildman"	Steve Brill	2011-04-15	22	3.95	2023-06-10	9.99	431504588
paid	Food & Drink	19	FODMAP Coach - Diet Foods	Apps4World	2023-05-01	3	4.33	2026-04-27	7.99	6448680829
paid	Food & Drink	20	Diners & Drive-Ins Unofficial	GoLocalApps	2012-01-18	1419	4.59	2026-01-07	1.99	490359782
paid	Food & Drink	21	Beachbum Berry’s Total Tiki	Doudoroff LLC	2014-04-15	144	4.91	2022-07-24	24.99	835148977
paid	Food & Drink	22	Gluten Free Philly	Gluten Free Philly	2013-11-20	9	3.78	2019-06-04	2.99	751617884
paid	Food & Drink	23	calcolapizza	Davide Roffo	2020-06-08	0	0	2020-06-08	0.99	1517275637
paid	Food & Drink	24	Barbecue Timer	Jonathan Judelson	2022-08-01	0	0	2026-02-19	0.99	1637374087
paid	Food & Drink	25	Microbakery Pro	Brian Vess	2026-05-26	0	0	2026-05-27	4.99	6772439045
paid	Food & Drink	26	Nightcap Cocktails	Jesse Goldstein	2026-03-12	2	5	2026-06-03	4.99	6759627438
paid	Food & Drink	27	NearEats: Restaurant Finder	Robert Jensen	2025-10-28	0	0	2026-09-17	1.99	6754101006
paid	Food & Drink	28	Freshkeeper-Companion	Patricia Luttrell	2026-10-01	0	0	2026-10-02	1.99	6803698969
paid	Food & Drink	29	Rum Runner - Spirits Ledger	Timothy Lantz	2026-08-20	1	5	2026-09-06	3.99	6794365566
paid	Food & Drink	30	Wine Maps	Jonathan Lord	2012-08-27	110	4.6	2024-12-16	0.99	552821843
paid	Food & Drink	31	SlushIQ: Slushie Recipes	Michael Sturgis	2025-08-17	39	4.92	2026-07-30	1.99	6749187530
paid	Food & Drink	32	iBartender Cocktail Recipes	Kevin Kozan	2019-02-12	4	4	2025-09-01	0.99	286574416
paid	Food & Drink	33	Cicerone Trainer Pro	Bastien Landry	2025-03-16	0	0	2025-03-17	3.99	6743049647
paid	Food & Drink	34	BeerSmith Mobile Home Brewing	BeerSmith LLC	2013-05-06	32	3.12	2020-10-11	4.99	640670118
paid	Food & Drink	35	Kitchen Calculator PRO	Juan Baurin	2009-06-07	189	4.17	2026-06-20	2.99	316131048
paid	Food & Drink	36	Tip Calculator % Pro	Skol Games LLC	2012-06-19	886	4.82	2022-03-26	11.99	534950419
paid	Food & Drink	37	Oystour	4Foodies, LLC	2014-09-09	58	3.78	2020-02-19	0.99	913207378
paid	Food & Drink	38	Essential Cocktails	Jacket Industries, LLC	2021-09-18	56	4.57	2021-11-19	4.99	1534791373
paid	Food & Drink	39	Easy Cooking Timer	Geoff Hackworth	2012-04-21	17	4.29	2023-02-22	1.99	492224774
paid	Food & Drink	40	myWhiskies	Scott Freedlun	2024-02-20	15	4.4	2026-09-08	1.99	1663920662
paid	Food & Drink	41	Cakeulator	Rastislav Novotny	2020-05-30	3	1	2026-03-20	0.99	1507315044
paid	Food & Drink	42	My Bourbon Collection: Vault	Anthony Hill	2025-05-12	1	5	2026-07-17	1.99	6745380859
paid	Food & Drink	43	21 Age Pro ID Scanner	Anass Damri	2025-07-03	2	5	2026-02-12	5.99	6748041592
paid	Food & Drink	44	Sonoma Food Wine Farms	ERIC DOUGLAS WHITE	2026-04-08	1	5	2026-08-01	4.99	6761626016
paid	Food & Drink	45	Regal Pantry	Regal Pantry	2026-09-17	0	0	2026-09-17	4.99	6809808541
paid	Food & Drink	46	Is This Chicken Done?	Alicia Rosenbaum	2026-04-24	1	5	2026-04-24	1.99	6763407109
paid	Food & Drink	47	Kitchen Compass: Budget Meals	DANIEL HARVEY	2026-08-25	0	0	2026-08-25	1.99	6799146505
paid	Food & Drink	48	Taister	Giora Schein	2026-06-20	0	0	2026-10-02	0.99	6772446292
paid	Food & Drink	49	Food Lover’s Guide to Paris	Food Lovers & Co. Inc	2012-04-17	24	3.42	2022-03-08	4.99	516159934
paid	Food & Drink	50	Enogea Barolo docg Map	Alessandro Masnaghetti Editore	2011-11-11	3	2.33	2020-04-11	8.99	477957929
paid	Food & Drink	51	Martin’s Index of Cocktails	Doudoroff LLC	2014-07-23	30	4.67	2022-07-24	12.99	896769380
paid	Food & Drink	52	Roman: budget weight loss	Roman Kuryanov	2018-08-14	13	5	2026-01-20	0.39	1423585518
paid	Food & Drink	53	My Kitchen Calculator	Mobotronics LLC	2021-06-20	9	4.67	2023-08-27	1.99	1552350111
paid	Food & Drink	54	Just Spices	Jessica Sturm	2025-12-19	2	5	2026-02-04	3.99	6756284032
paid	Food & Drink	55	Paleo Recipe Pro	Impossible X LLC	2016-01-04	14	3.5	2026-01-18	2.99	1046961120
paid	Food & Drink	56	Shaken and Stirred	Doudoroff LLC	2016-01-05	9	4	2022-07-25	9.99	1059554421
paid	Food & Drink	57	DoughCalc	Martin Bieti	2013-02-16	11	4.27	2017-03-31	0.99	601823119
paid	Food & Drink	58	Baking Converter	Scott Fyfe	2014-03-28	3	1	2021-07-03	0.99	844299567
paid	Food & Drink	59	Collection (Whiskey/Tequila)	Douglas Renfro	2025-03-02	0	0	2025-07-21	1.99	6741482956
paid	Food & Drink	60	MyMealTicket	Gary Mason	2026-04-07	1	5	2026-04-07	4.99	6761014421
paid	Food & Drink	61	Japan Eats	Aleksandr Murashkin	2025-10-08	0	0	2026-07-06	0.99	6753601596
paid	Food & Drink	62	ChiliPal	Agostino Calisi	2025-09-30	0	0	2026-05-08	2.99	6752913516
paid	Food & Drink	63	What's for Dinner? Randomizer	Bradison Belcher	2026-09-28	0	0	2026-09-28	1.99	6812027747
paid	Food & Drink	64	Fresh Milled Pantry	ELIZABETH JOY OOSTENDARP	2026-07-14	1	5	2026-08-25	9.99	6787322095
paid	Food & Drink	65	Keto Barcode Scan	Roberto Salvador	2026-01-21	0	0	2026-09-15	5.99	6757723290
paid	Food & Drink	66	Caveman Feast - Paleo Recipes	Nibble Apps Ltd	2013-07-23	396	4.71	2018-09-25	2.99	672175251
paid	Food & Drink	67	Find Craft Beer	Micro Integration Services, Inc.	2009-11-19	639	4.61	2025-01-10	0.99	340206461
paid	Food & Drink	68	Green Kitchen	Green Kitchen Stories	2011-10-12	255	4.82	2018-12-19	3.99	466252999
paid	Food & Drink	69	Jason Vale’s 7-Day Juice Diet	Juice Master	2011-01-04	18	4.17	2022-12-11	6.99	410599593
paid	Food & Drink	70	Jason Vale’s Super Juice Me!	Juice Master	2014-04-26	67	4.24	2022-12-11	9.99	864979091
paid	Food & Drink	71	Fromage	Steve Welch	2008-12-04	17	3.59	2023-02-02	3.99	298883838
paid	Food & Drink	72	Daily Blends Recipes	Simple Green Smoothies, LLC	2017-08-16	1679	4.77	2020-12-30	4.99	1245063271
paid	Food & Drink	73	Green Smoothies by Young & Raw	Nibble Apps Ltd	2014-04-28	423	4.68	2017-10-05	4.99	856044755
paid	Food & Drink	74	Nutrients - Nutrition Facts	Pomegranate Apps LLC	2010-10-27	832	4.25	2023-06-26	4.99	396836856
paid	Food & Drink	75	Ratio	Ruhlman Enterprises, Inc.	2009-12-15	16	4.31	2017-05-08	4.99	345119718
paid	Food & Drink	76	Kitchen Calculator	Juan Baurin	2009-01-19	20	3.65	2026-06-20	1.99	301676912
paid	Food & Drink	77	Smart Chef - Cooking Helper	Rantek Inc.	2009-06-17	5	3.8	2025-01-21	2.99	319592815
paid	Food & Drink	78	AeroPress Timer	Beloved Robot, LLC	2013-03-07	115	3.77	2019-02-08	4.99	602496538
paid	Food & Drink	79	实用家常菜谱大全	Xiaofei Tang	2009-05-13	4	5	2020-08-12	0.99	315514944
paid	Food & Drink	80	Serving Sizer recipe converter	Creative Algorithms	2009-11-09	28	4.18	2014-11-20	0.99	337461410
paid	Food & Drink	81	PDT Cocktails	Doudoroff LLC	2015-03-11	38	4.47	2022-07-25	9.99	968492836
paid	Food & Drink	82	Sous Vide °Celsius	Jonas Frei	2011-02-15	342	4.72	2020-09-22	4.99	419217101
paid	Food & Drink	83	Food Additives 2	IGRASS PTY LTD	2019-02-01	9	3.56	2023-08-23	2.99	287917148
paid	Food & Drink	84	Jason Vale’s 5-Day Juice Diet	Juice Master	2013-03-19	11	4.64	2022-12-11	4.99	617996793
paid	Food & Drink	85	Get Juiced	Burleigh Creative	2014-10-16	24	4.46	2025-05-13	2.99	909977383
paid	Food & Drink	86	The Great Coffee App	Baglan Dosmagambetov	2012-09-23	190	4.67	2020-10-23	2.99	534220544
paid	Food & Drink	87	Jason Vale’s 3-Day Juice Diet	Juice Master	2012-11-01	5	3.8	2022-12-11	2.99	568868720
paid	Food & Drink	88	Healthy Desserts - by Green Kitchen	Green Kitchen Stories	2013-02-26	76	4.78	2015-10-31	2.99	593857388
paid	Food & Drink	89	BigTipper™	PureBlend Software	2019-02-12	136	4.9	2026-05-18	1.99	284447372
paid	Food & Drink	90	Rawtarian's Raw Recipes	Brightflock	2012-11-02	7	4.43	2019-11-09	2.99	570972794
paid	Food & Drink	91	Modern Classics	Doudoroff LLC	2016-02-01	21	4.14	2022-07-25	9.99	1074462147
paid	Food & Drink	92	Salt & Pepper	Bleecker Street Solutions	2014-01-08	116	4.72	2026-03-14	9.99	689697950
paid	Food & Drink	93	Pocket Coffee Master	Mark David	2011-03-27	0	0	2026-09-15	0.99	418365881
paid	Food & Drink	94	Jason Vale’s Super Blend Me!	Juice Master	2017-12-19	11	3.36	2022-12-11	6.99	1327302623
paid	Food & Drink	95	Lebanese Recipes	LebGuide.com	2010-12-02	12	4.67	2026-07-25	1.99	405852650
paid	Food & Drink	96	Baby Led Kitchen	fluffyegg	2018-08-25	103	4.7	2026-08-25	3.99	1433931519
paid	Food & Drink	97	Italian Food Decoder	Agorite	2013-06-24	59	4.93	2026-08-27	5.99	661926224
paid	Food & Drink	98	FODMAPLAB: Low FODMAP Diet App	Friebe Mobile	2015-06-10	7	2.29	2024-07-18	2.99	1000237249
paid	Food & Drink	99	Jason Vale’s 5:2 Juice Diet	Juice Master	2015-02-03	6	3.5	2022-12-11	3.99	956485871
paid	Food & Drink	100	Measuring Cup & Kitchen Scale	Klaas Kremer	2017-01-16	1	5	2023-12-13	1.99	1191655471
paid	Shopping	1	FSD Hunter	David Hugenberg	2024-11-07	79	4.46	2026-09-30	9.99	6737280679
paid	Shopping	2	Baby's Heartbeat Backup	My Baby's Heartbeat Bear	2016-06-15	1	1	2026-04-23	0.99	1122585593
paid	Shopping	3	Store Watcher	株式会社Cavemen.jp	2017-05-11	0	0	2026-09-29	0.49	1227633347
paid	Shopping	4	The Christmas List	Erik Eggleston	2009-11-24	5124	4.82	2026-09-29	2.99	340779800
paid	Shopping	5	Buycott - Barcode Scanner & QR Bar Code Scanner	Buycott Inc.	2013-01-31	2412	4.48	2018-02-22	1.99	585933440
paid	Shopping	6	Smart Closet - Your Stylist	Rabbit Tech Inc	2017-01-26	4344	4.42	2025-11-10	2.99	1198057728
paid	Shopping	7	Emoticons Keyboard Pro - Adult Emoji for Texting	建钧 黎	2016-07-15	4464	3.84	2016-09-15	3.99	1133867070
paid	Shopping	8	Adult Emojis Icons Pro - Naughty Emoji Faces Stickers Keyboard Emoticons for Texting	丽银 黄	2016-09-10	4547	3.79	2016-09-10	3.99	1146997581
paid	Shopping	9	Catsup: Grocery List	And a Dinosaur	2026-09-24	1	5	2026-10-01	3.99	6814905939
paid	Shopping	10	Unit Choice	Makoto Fukuoka	2026-04-20	0	0	2026-08-08	0.29	6762347699
paid	Shopping	11	Buy or Wait Calculator	Makoto Fukuoka	2026-09-02	0	0	2026-09-02	0.29	6804757287
paid	Shopping	12	Microphone Mixer - Full Version	思慧 余	2017-05-14	4	5	2017-05-14	7.99	1233988242
paid	Shopping	13	Buy Price Calculator	Makoto Fukuoka	2026-09-02	0	0	2026-09-03	0.29	6804756267
paid	Shopping	14	Howmuch-AI	Mohamed Zaki	2026-02-25	1	5	2026-02-26	0.99	6759187984
paid	Shopping	15	BHC Couture Studio	Todd Renard	2026-06-03	0	0	2026-07-03	0.99	6773373943
paid	Shopping	16	Thrift Store Finder Pro	Steve Cline	2026-05-22	0	0	2026-05-22	3.99	6770573664
paid	Shopping	17	In The Basket	Karl Cridland	2025-06-25	0	0	2025-06-25	0.49	6747713001
paid	Shopping	18	Penny Finder	Ringtones LLC	2017-06-22	533	2.69	2025-10-27	2.99	1247306177
paid	Shopping	19	Покупки! (Список покупок) - Ваш помощник в магазинах	Dmitry Shabanov	2013-12-21	2	4.5	2015-11-26	0.99	744347890
paid	Shopping	20	TechApp for Mercedes	Vladimir Susoykin	2015-05-16	4	2.75	2021-05-05	2.99	991121401
paid	Shopping	21	Try Me On	Brian McCoy	2026-01-09	2	5	2026-01-09	2.99	6757370892
paid	Shopping	22	Return Your Stuff	RYAN BARTLEY	2026-09-29	0	0	2026-09-30	1.99	6817113757
paid	Shopping	23	Emoji 3 PRO - Color Messages - New Emojis Emojis Sticker for SMS, Facebook, Twitter	Emoji Apps GmbH	2012-04-25	15	3.2	2016-08-09	0.99	520376062
paid	Shopping	24	QR Reader for iPhone (Premium)	TapMedia Ltd	2011-04-07	208	4.41	2018-02-22	2.99	429671513
paid	Shopping	25	SMS Smileys	JA Applications Ltd	2011-03-14	30	3.5	2015-10-21	0.99	424477181
paid	Shopping	26	Meme Maker	Rocket Splash Games	2011-11-10	13	2.08	2018-10-26	0.99	477962899
paid	Shopping	27	Talking Emoji Pro for Texting	智敏 黎	2017-03-21	2047	4.11	2023-01-20	3.99	1216244658
paid	Shopping	28	Jotalicious	Erik Eggleston	2013-11-06	153	4.43	2023-08-27	0.99	713576895
paid	Shopping	29	Unofficial Minifigure Catalog	minifigure.org	2011-12-15	17	3.41	2018-04-19	4.99	486578707
paid	Shopping	30	FashWire	The Wires Platforms, Inc.	2018-05-22	110	4.85	2025-11-26	2.99	1212940345
paid	Shopping	31	Texture Packs & Creator for Minecraft PC: MCPedia	MAJ Apps and Games LLC	2015-09-20	295	1.65	2017-01-09	0.99	1039012558
paid	Shopping	32	My Cards Pro - Wallet	Raffaele Di Marzo	2013-09-10	60	4.43	2020-10-25	8.99	673277275
paid	Shopping	33	Image Resizer Pro - image crop	kitaek kim	2016-05-11	6	4.33	2017-11-28	0.99	1112548288
paid	Shopping	34	Minifigures Scan & Track	Nicolo Campagnoli	2022-12-23	69	4.61	2026-08-22	2.99	1661136258
paid	Shopping	35	3D Emoji Characters Stickers	6S MOBILE	2013-09-11	2	4	2021-05-14	2.99	689709826
paid	Shopping	36	Pressed Coins 4 WDW	Hollis Ambrose	2016-10-05	2	3	2025-12-23	1.99	1139573600
paid	Shopping	37	BMW App!	Rauza Tleuova	2017-09-04	12	3	2017-09-04	4.99	1233379232
paid	Shopping	38	QR Code Pro: scan, generate	Touch 4 Feel	2012-08-21	61	4.13	2026-08-28	2.99	550827263
paid	Shopping	39	Green Code-Receive SMS online	Shenzhen Qisi Network Technology Co., Ltd.	2020-08-14	32	2.91	2024-01-08	0.99	1517644500
paid	Shopping	40	Mercedes-Benz Car Parts	Ruslan Balkarov	2016-03-11	7	1	2022-07-25	2.99	1090750061
paid	Shopping	41	Toyota App!	Rauza Tleuova	2017-09-05	15	2.87	2017-09-05	4.99	1233384588
paid	Shopping	42	Easy Shopping List	Geoff Hackworth	2011-09-15	18	4.67	2022-09-14	0.99	463855587
paid	Shopping	43	GlossWire	The Wires Platforms, Inc.	2021-02-02	26	5	2024-12-12	2.99	1548793732
paid	Shopping	44	My Inventory – Home Tracker	Tatsuhiko Koyama	2018-04-03	71	4.27	2026-08-20	2.99	1362509132
paid	Shopping	45	Pressed Coins 4 DLR	Hollis Ambrose	2018-01-31	1	5	2026-08-12	1.99	1330313789
paid	Shopping	46	Gift Card Balance +	Aifen Sun	2019-04-15	1	1	2022-01-31	2.99	1459783411
paid	Shopping	47	Car parts for Ford	Ruslan Balkarov	2016-05-24	5	1.8	2018-05-09	2.99	1116481358
paid	Shopping	48	Car Parts for Nissan, Infinity	Ruslan Balkarov	2016-09-09	1	1	2020-01-07	1.99	1146258047
paid	Shopping	49	Toyota, Lexus Car Parts	Ruslan Balkarov	2017-03-08	1	1	2020-01-07	2.99	1212475501
paid	Shopping	50	Autoparts for Toyota	Andrey Ivanchenko	2014-04-10	1	1	2017-11-13	2.99	854549152
paid	Shopping	51	Hyundai Car Parts - ETK Parts Diagrams	Ruslan Balkarov	2016-10-08	6	2	2017-05-15	2.99	1163118660
paid	Shopping	52	SwissCal	inz	2023-04-23	0	0	2026-08-17	0.99	6448163211
paid	Shopping	53	Autoparts for Land Rover	Andrey Ivanchenko	2014-07-18	1	1	2017-12-20	2.99	897116784
paid	Shopping	54	Easy Price Compare	Geoff Hackworth	2013-01-05	6	4	2022-09-14	0.99	585235293
paid	Shopping	55	TechApp for Ford	Vladimir Susoykin	2015-06-06	0	0	2021-05-23	2.99	1000138147
paid	Shopping	56	Ideofit Glasses & sunglasses	LWTS TECHNOLOGIES LIMITED	2022-02-15	17	2.76	2022-05-05	0.99	1608038451
paid	Shopping	57	Funko.POP Collector By Tryvin	Mostafa Ashour	2015-10-03	3	1.67	2017-05-25	4.99	1036789722
paid	Shopping	58	VAG service - Audi, Porsche, Seat, Skoda, VW.	Vladimir Susoykin	2014-09-22	2	1	2016-12-04	2.99	918411051
paid	Shopping	59	Cross It Off – Shopping & Todo	Bryan Wu	2017-11-29	20	4.2	2023-07-19	0.99	1114967534
paid	Shopping	60	Car Parts for Mercedes-Benz	Ruslan Balkarov	2017-06-16	1	1	2018-06-16	2.99	1248010735
paid	Shopping	61	TVfit	Simon Lam (CA)	2021-04-26	12	2.83	2023-08-30	0.99	1561689617
paid	Shopping	62	TechApp for BMW	Vladimir Susoykin	2015-05-11	0	0	2021-03-23	2.99	988681696
paid	Shopping	63	Car Parts for Chrysler - ETK Spare Parts Diagrams	Ruslan Balkarov	2017-01-24	1	1	2017-06-11	3.99	1197894871
paid	Shopping	64	TipUS	inz	2026-01-26	0	0	2026-01-27	0.39	6758221133
paid	Shopping	65	Kode QR	Marco Tini	2015-09-10	129	3.78	2026-04-26	3.99	1035557188
paid	Shopping	66	Sale Price + Tax Calculator	Jacob Hazelgrove	2018-05-10	4	5	2024-04-30	0.99	1200879391
paid	Shopping	67	uCard - Wallet	Maxim Rebitsky	2021-04-13	0	0	2022-01-10	0.99	1555897727
paid	Shopping	68	Receipt Elite	Jonathan Judelson	2022-10-13	2	5	2026-08-01	0.99	6443821393
paid	Shopping	69	TechApp for Volkswagen	Vladimir Susoykin	2015-06-11	0	0	2021-04-09	2.99	1002164923
paid	Shopping	70	VAT Calculator	Piet Jonas	2008-11-13	1	5	2025-03-29	0.99	295952485
paid	Shopping	71	Coupon Generator PRO	Valerii Kot	2018-06-09	5	3.4	2026-04-10	1.99	1364544755
paid	Shopping	72	Shopping Calculator with Tax	Ajay Gorasiya	2021-06-11	0	0	2024-08-01	1.99	1571689792
paid	Shopping	73	PawWire	The Wires Platforms, Inc.	2023-12-22	20	4.8	2024-12-12	2.99	6463645301
paid	Shopping	74	Autopedia | Auto guide	Prive Systems LLC.	2014-07-22	2	1	2026-09-25	0.99	895583433
paid	Shopping	75	Villain Society	Clean Vintage, LLC	2016-02-04	5	5	2026-08-07	0.99	1078130661
paid	Shopping	76	TechApp for Audi	Vladimir Susoykin	2015-06-11	0	0	2021-05-10	2.99	1002164392
paid	Shopping	77	Opel App	Rauza Tleuova	2017-08-31	7	4.43	2017-08-31	4.99	1233377284
paid	Shopping	78	Shoppers Lists	Xin Zhou	2012-10-15	0	0	2023-12-17	1.99	567918123
paid	Shopping	79	Card Yard	Fitting & Zidd LLC	2018-09-20	3	5	2025-12-05	0.99	1435497340
paid	Shopping	80	BoomBar	Marvin Reid	2019-01-05	0	0	2026-09-22	0.99	1446201476
paid	Shopping	81	Watch Keeper - Collectors Box	Soforreal Web LLC	2014-06-14	0	0	2026-06-04	2.99	886981254
paid	Shopping	82	Listapp	Marco Tini	2018-03-07	1	4	2026-04-08	1.99	1355503620
paid	Shopping	83	PreO - The Preorder Manager	Peter Allday	2022-06-22	0	0	2023-09-11	1.99	1630729282
paid	Shopping	84	Everypay	Marco Tini	2015-11-30	3	3.67	2026-01-07	1.99	1054646951
paid	Shopping	85	Deal Hunter: AI Price & Deals	Michal Strba	2026-03-13	1	1	2026-09-15	1.99	6760399719
paid	Shopping	86	PriceScout: Lowest Price	Karan Kohli	2026-07-14	1	5	2026-07-14	0.99	6787823212
paid	Shopping	87	Ukraine Help	Andrii Buchkivskyi	2017-08-14	0	0	2022-03-16	0.99	1271322725
paid	Shopping	88	Airrends - Shopping List	Elemental Tools GmbH	2019-02-15	2	4.5	2026-07-07	4.99	1364361242
paid	Shopping	89	Warehouse Watcher Gold Tracker	ArticuLearn LLC	2026-04-06	0	0	2026-09-14	4.99	6760680389
paid	Shopping	90	Pocket Shopping List	Jim Haungs	2020-10-06	1	5	2023-09-24	2.99	1515541044
paid	Shopping	91	Gem Genius AI	Trisphere Apps LLC	2024-08-15	2	3	2026-07-27	0.99	6636492811
paid	Shopping	92	Refranyer Català	Marc Canet	2014-04-08	0	0	2025-12-01	0.99	844106338
paid	Shopping	93	ZkBa - 提供海量活动线报、优惠资讯	树铎 许	2019-07-31	6	3.17	2022-06-16	1.99	1473328266
paid	Shopping	94	Impulse Market	Christopher Elliott	2026-06-16	0	0	2026-09-16	9.99	6779297608
paid	Shopping	95	包包小屋	Hangzhou Fat Bean Information Technology Co., Ltd	2025-11-17	0	0	2026-07-21	2.99	6754934177
paid	Shopping	96	Store card Loyalty Card Wallet	CODE CREATION STUDIO (PTY) LTD	2025-12-30	6	2.83	2026-09-24	7.99	6755833470
paid	Shopping	97	Jot Shopping List	Jonathan Gillman	2021-12-22	0	0	2026-02-02	1.79	1599992031
paid	Shopping	98	AliFansBazar	Omer Ahmed	2021-10-19	2	4	2021-10-26	12.99	1589767582
paid	Shopping	99	高吉起名HD起名大师专业版	伟 徐	2012-05-25	1	5	2024-03-12	9.99	527844985
paid	Developer Tools	1	Termix Pro: SSH & SFTP Client	Simon Zvara	2025-03-24	114	4.71	2026-08-01	9.99	6743685377
paid	Developer Tools	2	Resolutioner	Sun Apps, LLC	2021-05-11	947	4.49	2026-10-01	0.99	1563852783
paid	Developer Tools	3	Shell Keyboard	Nguyen Nguyen	2026-09-16	0	0	2026-09-28	0.99	6811290737
paid	Developer Tools	4	Inspect Browser	Parallax Dynamics Inc.	2017-02-09	124	4.25	2026-03-01	6.99	1203594958
paid	Developer Tools	5	iRTSP	Ryan Rudes	2026-07-15	0	0	2026-10-01	3.99	6789029918
paid	Developer Tools	6	Code App	thebaselab Ltd	2020-05-28	302	4.01	2026-09-16	6.99	1512938504
paid	Developer Tools	7	CodexBar Usage Monitor	Franz Hemmer	2026-07-09	3	5	2026-08-24	3.99	6787769891
paid	Developer Tools	8	Python Manual	Hua Yang	2024-02-01	0	0	2024-02-01	0.99	6477147390
paid	Developer Tools	9	Netdata server monitoring	Arjun Komath	2020-09-16	5	4	2025-12-21	2.99	1525322870
paid	Developer Tools	10	Echo - SSH + Mosh Client	Replay Software Limited	2026-02-07	39	3.79	2026-05-15	2.99	6758669847
paid	Developer Tools	11	Simple Server: HTTP Server	Bitsbaker LLC.	2022-10-18	11	4.27	2025-11-29	3.99	6443893597
paid	Developer Tools	12	IDFA	Francesco Varotti	2022-04-28	0	0	2026-07-29	0.99	1609125369
paid	Developer Tools	13	App Icon Extractor	Florian Schimanke	2026-04-11	1	5	2026-04-11	0.99	6761405215
paid	Developer Tools	14	HogLite — PostHog Mobile App	Jack Senyitko	2025-02-28	8	5	2025-06-15	6.79	6742509573
paid	Developer Tools	15	MDC - Markdown Copier	Ryunosuke Shibuya	2026-01-08	0	0	2026-01-13	2.19	6757315226
paid	Developer Tools	16	Custom JS & CSS for Safari	Alfredo Grassau	2026-06-08	1	5	2026-09-30	2.99	6776793703
paid	Developer Tools	17	Coolifer: Coolify Manager	maxence Maireaux	2026-01-13	0	0	2026-08-14	2.99	6757636669
paid	Developer Tools	18	WebPeek — Web Inspector	Zihua Huang	2026-08-18	0	0	2026-08-18	2.99	6796837787
paid	Developer Tools	19	Juno Connect: Jupyter Client	Rational Matter	2018-01-23	633	4.63	2022-09-18	4.99	1315744137
paid	Developer Tools	20	Logger for Shortcuts	Snailed It Development Ltd	2022-03-10	27	4.74	2026-09-01	4.99	1611554653
paid	Developer Tools	21	Packet Sender - UDP/ TCP/ SSL	NagleCode, LLC	2021-03-20	4	4.75	2025-09-08	1.99	1558236648
paid	Developer Tools	22	GitSync.md	Cody Russell Bontecou	2026-02-13	16	4.88	2026-08-27	9.99	6758960270
paid	Developer Tools	23	UDevice - Dev Assistant	Gansu Zhenxian Network Technology Co., Ltd.	2022-02-02	36	4.44	2026-05-20	4.99	1608053878
paid	Developer Tools	24	CodeMan - VSCode	Michael Frey	2026-03-05	7	3.86	2026-09-28	4.99	6759809062
paid	Developer Tools	25	Fetch Me !	Basel AbuTaleb	2024-01-30	0	0	2024-01-30	0.99	6476715621
paid	Developer Tools	26	JSON Navigator	Chase Higgins	2025-01-06	2	5	2025-09-02	0.99	6740144978
paid	Developer Tools	27	Harbour - Docker Manager	Kacper Kaczmarzyk	2024-04-06	11	5	2026-05-03	2.99	1582439659
paid	Developer Tools	28	Tanuki for GitLab	Felix Schindler	2023-03-22	2	4	2026-09-29	0.99	6446419487
paid	Developer Tools	29	Agent Limbo: AI Coding	雨川 甘	2026-09-01	0	0	2026-10-01	4.99	6775851661
paid	Developer Tools	30	SSH Tunnel: VPN & SOCKS5 proxy	Mobibean, LLC	2017-07-24	148	3.97	2026-09-04	9.99	1260223542
paid	Developer Tools	31	Zeitgeist	Dan Eden	2020-12-02	24	4.42	2026-04-02	1.99	1526052028
paid	Developer Tools	32	C Code Develop	铖 邢	2021-01-06	11	5	2026-08-12	0.99	1503486606
paid	Developer Tools	33	Nan - Packet Capture	TxThinking, Inc.	2020-11-06	8	4.5	2025-11-11	34.99	1534485108
paid	Developer Tools	34	SQL Recipes Pro	Fedor Obraztsov	2021-08-08	3	5	2026-09-23	1.99	1580309766
paid	Developer Tools	35	Scan21 – Age ID Check	TelliSIM - Travel eSIM solutions	2025-08-27	3	2.33	2025-08-27	1.99	6751239834
paid	Developer Tools	36	iKeleton OSC	Gwangyu Lee	2023-04-27	3	5	2025-04-23	4.99	6448196217
paid	Developer Tools	37	Sprite Cutter+	256 Arts	2021-04-13	0	0	2025-09-23	0.99	1562779425
paid	Developer Tools	38	Agent Lab: Learn AI Agents	燚 张	2026-08-04	1	5	2026-09-09	1.99	6791134289
paid	Developer Tools	39	GrafanaUI	Roman Senchuk	2025-11-07	4	3.5	2026-07-14	1.99	6754510277
paid	Developer Tools	40	CUStats Go - AI Usage Tracker	Luong NGUYEN	2026-01-22	3	5	2026-09-16	8.99	6757679404
paid	Developer Tools	41	DroidShell	Jan Sallads	2026-05-28	0	0	2026-05-29	8.99	6770150116
paid	Developer Tools	42	iPulse - Monitor Your Device	The Iconfactory	2024-03-12	30	4.93	2026-05-08	9.99	6474695786
paid	Developer Tools	43	ESP32 BLE Terminal	Gopi Gadhiya	2021-06-01	3	2.33	2021-06-10	0.99	1567601472
paid	Developer Tools	44	Cookie Inspector for Safari	Alfredo Grassau	2026-05-14	1	5	2026-10-01	2.99	6768802586
paid	Developer Tools	45	Kali Strike	DYLAN JOHNS	2026-04-14	3	3.67	2026-04-14	3.99	6762069031
paid	Developer Tools	46	OSINT Trace Suite	DYLAN JOHNS	2026-04-16	3	2	2026-04-16	2.99	6762105412
paid	Developer Tools	47	Runlow: AI Usage Meter	LEON NELIO FIGUEIRA	2026-07-28	1	1	2026-10-03	1.99	6790868681
paid	Developer Tools	48	GizmoSQL	Gizmo Data LLC	2026-04-13	2	5	2026-09-30	0.99	6761951280
paid	Developer Tools	49	ClaudeWatch	Alejandro Hernandez Mitre	2026-03-30	0	0	2026-04-04	2.99	6760924403
paid	Developer Tools	50	Markdown2PDF: Convert Markdown	Haplo, LLC	2025-03-17	1	5	2026-06-29	1.99	6743325583
paid	Developer Tools	51	Termux Suite	DYLAN JOHNS	2026-04-14	0	0	2026-04-14	2.99	6762072070
paid	Developer Tools	52	Sentinel IDS	DYLAN JOHNS	2026-06-09	0	0	2026-06-09	2.99	6776110455
paid	Developer Tools	53	Port Discovery	DYLAN JOHNS	2026-07-06	0	0	2026-07-06	2.99	6785706063
paid	Developer Tools	54	gterm: Ghostty SSH	Shanghai Tangzixiang Information Technology Co., Ltd	2026-06-04	0	0	2026-07-11	1.99	6774837597
paid	Developer Tools	55	DNS Client: Lookup & Query	Sergii Kryvoblotskyi	2020-07-29	145	4.55	2026-07-26	0.99	1517487743
paid	Developer Tools	56	iCardVerify - Card Validator	Adel Abdelmaseih	2024-05-09	6	5	2026-09-13	1.99	6501961979
paid	Developer Tools	57	Word to HTML Converter	Khairul Anwar	2024-11-21	0	0	2025-03-18	0.99	6738405868
paid	Developer Tools	58	Smart NFC	Alec O'Connor	2019-09-19	92	4.49	2023-01-25	1.99	1470146079
paid	Developer Tools	59	LadderTouch	Motonari Hibi	2010-10-30	91	4.56	2026-03-04	3.99	386737169
paid	Developer Tools	60	SQLed - SQL Database Manager	Andreas Zimnas	2011-11-15	49	4.1	2026-07-04	1.99	475312085
paid	Developer Tools	61	Continuous .NET C# and F# IDE	Krueger Systems, Inc.	2016-07-06	92	4.22	2025-04-23	12.99	1095213378
paid	Developer Tools	62	OpenTerm	CHENGDU MIAOZHI TECHNOLOGY CO., LTD.	2019-12-15	189	4.21	2025-10-16	4.99	1481149807
paid	Developer Tools	63	websta$-learn html css and js	小文 黄	2014-11-12	67	4.6	2025-09-09	2.99	932296259
paid	Developer Tools	64	Adaptivity (A)	Geoff Hackworth	2015-11-16	92	4.99	2023-02-20	7.99	1054670022
paid	Developer Tools	65	RegEx Lab: Regular Expressions	sovio	2017-07-26	172	4.77	2024-12-06	0.99	1252988123
paid	Developer Tools	66	PPHub For GitHub - Developer	凡程 庞	2017-11-20	77	4.86	2023-10-19	0.99	1314212521
paid	Developer Tools	67	Hexer — Hex File Viewer	Hans Schulein	2019-10-01	26	4.12	2021-05-31	3.99	1468880337
paid	Developer Tools	68	Cookie Editor For Safari	Zamalabs Yazılım ve Bilgi Teknolojileri Limited Şirketi	2023-04-05	17	4.29	2024-10-19	1.99	6446626905
paid	Developer Tools	69	Ruby 2.0-run code,pro	小文 黄	2014-10-16	11	4.27	2025-07-23	2.99	727047729
paid	Developer Tools	70	Source 3	Street Coder LLC	2014-10-08	10	4.3	2022-08-27	0.99	921385542
paid	Developer Tools	71	PasteMe - Pastebin Client	RanduSoft SRL	2017-01-12	16	4.06	2026-09-25	2.99	1191488320
paid	Developer Tools	72	DraftCode for PHP IDE	Solesignal Limited	2013-02-12	89	4.53	2026-08-30	4.99	593757593
paid	Developer Tools	73	MongoLime - manage databases	Mobibean, LLC	2017-08-17	66	4.73	2026-08-17	9.99	1237825358
paid	Developer Tools	74	Kuber - Kubernetes Dashboard	Surge Networks Inc.	2019-05-03	77	4.75	2021-04-08	9.99	1461666739
paid	Developer Tools	75	SecurityKit - Developer Tools	INNOVATIVE DIGITAL TECHNOLOGIES LIMITED	2021-01-14	2	5	2021-01-14	0.99	1548808907
paid	Developer Tools	76	iHTTP Tracker -Network monitor	Phoenix Lab Technology Co., Ltd.	2019-05-21	23	3.91	2022-06-10	3.99	1463315864
paid	Developer Tools	77	Source Code Reader	Alexander Eichhorn	2012-03-25	7	4.86	2024-09-20	1.99	511639148
paid	Developer Tools	78	Text Editor - Document Editor	Supagarn Pattananuchart	2021-05-12	129	4.36	2026-09-13	1.99	1565641091
paid	Developer Tools	79	SSL Checker	Orave Technologies	2018-02-20	56	4.61	2025-02-18	2.99	1347743213
paid	Developer Tools	80	View Source Premier	Andrey Uspanov	2018-08-18	27	4.11	2026-09-19	6.99	1425213172
paid	Developer Tools	81	TinyServer	Christian Lobach	2020-06-07	31	4.58	2025-07-09	3.99	1517211662
paid	Developer Tools	82	Code Recipes Pro	Fedor Obraztsov	2015-12-19	47	4.85	2026-08-31	4.99	1061486140
paid	Developer Tools	83	Scarlet	Steven Troughton-Smith	2021-06-02	293	4.46	2026-03-27	2.99	1532669250
paid	Developer Tools	84	python3$	小文 黄	2013-01-16	23	4.74	2025-09-09	2.99	585637688
paid	Developer Tools	85	My Lisp	Laurent Rodier	2017-11-07	17	4.06	2025-03-09	3.99	1245341806
paid	Developer Tools	86	Node-PAD	Michael Angelo Ruta	2020-10-14	6	4.33	2022-09-13	1.99	1534470128
paid	Developer Tools	87	Code Develop IDE	铖 邢	2021-08-16	5	4.2	2022-04-11	0.99	1564857036
paid	Developer Tools	88	UDIDit	Bite Size Bytes, Inc.	2009-08-15	179	4.12	2024-04-23	1.99	326123820
paid	Developer Tools	89	Haptics - Test Haptic Feedback	Adam Foot	2019-09-19	7	3.29	2026-09-16	0.99	1474606532
paid	Developer Tools	90	BLE Spy	Peter Gasche	2019-08-23	4	4.75	2024-01-04	4.99	1445874104
paid	Developer Tools	91	Nmap Handbook	Basel AbuTaleb	2023-06-28	1	5	2023-06-28	0.99	6450674361
paid	Developer Tools	92	HTMLSource	Hao-Quan Liu	2022-12-24	2	3	2023-06-29	0.99	1661026537
paid	Developer Tools	93	BetterAppIcons	ChakMing Wong	2020-10-02	3	4.67	2026-09-05	1.99	1532627187
paid	Developer Tools	94	YAML Tools	Mohammed Aadhil	2026-02-17	1	5	2026-07-14	0.99	6758571420
paid	Developer Tools	95	Neural Object Detector	BYFLARE TECHNOLOGIES (OPC) PRIVATE LIMITED	2020-04-14	4	5	2022-06-25	2.99	1506388148
paid	Developer Tools	96	Bee - Cookie Editor For Safari	Yury Apollov	2023-01-02	2	3	2023-01-22	0.99	1661684144
paid	Developer Tools	97	SeeLess - C Compiler	Develobile S.p.A.	2019-11-12	10	4.5	2020-04-21	2.99	1481018071
paid	Developer Tools	98	a11yTools - Web Accessibility	PaulJAdam.com	2018-03-14	5	4.2	2025-11-19	9.99	1356241530
paid	Developer Tools	99	Nezha Mobile	Argsment Limited	2024-08-01	32	4.47	2026-04-29	0.99	6596729064
paid	Developer Tools	100	Python Recipes Pro	Fedor Obraztsov	2021-06-21	6	5	2026-09-22	2.99	1572726721
paid	Graphics & Design	1	Procreate Pocket	Savage Interactive Pty Ltd	2014-12-17	12715	3.84	2026-09-20	5.99	916366645
paid	Graphics & Design	2	Wildwood: Follow the Crows	Wild In Art Ltd.	2026-08-06	12	3.17	2026-09-09	1.49	6786316806
paid	Graphics & Design	3	Nomad Sculpt	Hexanomad	2020-08-04	14233	4.82	2025-12-23	19.99	1519508653
paid	Graphics & Design	4	ibis Paint	ibis inc.	2011-06-21	4087	4.72	2026-09-25	15.99	441179131
paid	Graphics & Design	5	Mono Lab	Inner Circle	2026-02-18	22	5	2026-08-27	4.99	6759029184
paid	Graphics & Design	6	WigglyPaint : Draw Cute Pixel	骏骁 马	2025-09-03	40	2.95	2026-08-04	4.99	6747758024
paid	Graphics & Design	7	Callipeg mini: Animation App	Enoben	2024-05-31	18	4.44	2026-04-04	4.99	6502952180
paid	Graphics & Design	8	FaceRef Studio	Namson Digital	2026-09-22	0	0	2026-09-22	4.99	6814333814
paid	Graphics & Design	9	Super Mouth Paint 2000	Ryan Sonderegger	2026-08-04	11	4.18	2026-09-28	2.99	6777160821
paid	Graphics & Design	10	RoughAnimator - animation app	Jacob KAFKA	2015-01-20	2962	4.63	2026-08-25	7.99	954718244
paid	Graphics & Design	11	ChromaMagic	Michele Clamp	2024-03-15	52	4.77	2026-09-25	19.99	6479220262
paid	Graphics & Design	12	Sci-Fi Themes	NSTE, LLC	2023-05-27	55	3.25	2026-04-25	3.99	6449518113
paid	Graphics & Design	13	Camera Lucida™: AR Drawing	Camera Lucida	2010-03-20	1985	4.81	2024-07-06	14.99	362499096
paid	Graphics & Design	14	VizRef Lite	Studio Pixanoh	2020-03-11	38	3.79	2021-06-08	1.99	1502216965
paid	Graphics & Design	15	Quick3DPlan Studio	Microcad Software SL	2022-11-05	0	0	2024-05-10	12.99	6444010798
paid	Graphics & Design	16	Transparent Drawing	Kateryna Levytska	2026-01-15	0	0	2026-01-15	3.99	6757445686
paid	Graphics & Design	17	Color Wheel	Roman Sevastyanov	2019-05-06	1043	4.81	2026-09-29	3.99	1449736609
paid	Graphics & Design	18	Embroidery Grove Companion	Cassie Edgar	2026-08-20	1	5	2026-09-27	9.99	6799726353
paid	Graphics & Design	19	VirtuCamera 2	The Weird Byte SL	2026-04-23	13	3.31	2026-09-18	19.99	6761327593
paid	Graphics & Design	20	Masstone	Chady Kassouf	2026-09-14	0	0	2026-09-28	8.99	6798410457
paid	Graphics & Design	21	Transparent App Icons	Noah Gilmore	2020-09-24	159	3.48	2024-11-05	1.99	1533210346
paid	Graphics & Design	22	TREK: Icons	NSTE, LLC	2023-04-07	12	3.92	2023-05-31	3.99	6446984601
paid	Graphics & Design	23	Voxel Max: 3D Modeling	Adrian Andreca	2020-10-20	40	4.78	2026-09-08	9.99	1442352186
paid	Graphics & Design	24	Brushes	Envoza	2018-11-19	178	4.57	2025-05-22	3.99	1168117279
paid	Graphics & Design	25	Paint - Draw & Sketch	abedalkareem omreyh	2023-05-15	6	4.33	2025-10-06	0.49	6449164281
paid	Graphics & Design	26	Zen Brush 3	PSOFT	2020-09-29	58	4.4	2026-05-14	4.99	1531841731
paid	Graphics & Design	27	Ultimate Card Creator	Staats Customs Inc.	2024-04-01	32	4.19	2025-02-28	3.99	6480251529
paid	Graphics & Design	28	Camera 4 Line Art 3+	darjjeelling	2021-01-22	1	5	2022-01-10	2.99	1549538343
paid	Graphics & Design	29	Color Signs	CREIGHTON DANIEL TYNES	2026-07-13	7	5	2026-07-21	19.99	6788139651
paid	Graphics & Design	30	3DGS Viewer	PETER GROSSERHODE	2026-08-21	0	0	2026-08-21	4.99	6795644932
paid	Graphics & Design	31	Blemish Remover·	TAPUNIVERSE LLC	2025-01-04	1	5	2025-07-23	2.99	6739812260
paid	Graphics & Design	32	Color palette my generator	Cristian Velasco	2025-10-27	0	0	2025-10-27	2.99	6754518083
paid	Graphics & Design	33	Noob Draw AR	Yu-Mao Feng	2026-04-28	1	5	2026-04-28	0.99	6764089232
paid	Graphics & Design	34	Graintouch	IORAMA AB	2025-07-01	24	3.67	2026-01-09	9.99	6740813845
paid	Graphics & Design	35	GradientWallpaper	EIICHI KOMINE	2013-10-31	1	5	2025-03-18	0.49	731511368
paid	Graphics & Design	36	Bantam Tools Draw	BantamTools	2025-08-21	4	4.75	2026-09-08	9.99	6749771530
paid	Graphics & Design	37	Magic Photo - AI Image Editer	锡苗 吴	2023-12-20	6	5	2026-02-06	0.99	6474593002
paid	Graphics & Design	38	Signal Loss	Inner Circle	2026-06-03	5	5	2026-08-14	6.99	6775065853
paid	Graphics & Design	39	Vectorize 2	Synium Software GmbH	2026-07-20	5	4.2	2026-07-21	9.99	6778937373
paid	Graphics & Design	40	Tattoo Print System	TattooLoyal Inc.	2020-10-25	11	3.09	2026-08-05	9.99	1524074329
paid	Graphics & Design	41	Color Theory Studio	Imran Gul	2026-01-07	1	5	2026-03-07	2.99	6756895339
paid	Graphics & Design	42	What Color?	Valgy	2012-01-12	1	5	2026-09-05	4.99	493340607
paid	Graphics & Design	43	Fonts for Stories and Chats	Aleksei Varochko	2021-09-30	17	4.53	2026-01-09	1.99	1587486837
paid	Graphics & Design	44	LineGlow - Get line from pic	哲颖 孙	2024-06-12	4	2.25	2026-09-28	0.99	6503905918
paid	Graphics & Design	45	Tattoo Stencil Lab	Inner Circle	2026-02-03	4	5	2026-02-11	8.99	6758417192
paid	Graphics & Design	46	Make Logo Design for Business	Bushra Parveen	2021-02-15	0	0	2026-02-06	4.99	1542212839
paid	Graphics & Design	47	Focus Line	鑫鑫 陈	2023-04-12	1	5	2025-12-02	0.29	6447179702
paid	Graphics & Design	48	Image Tracer	Claudia Wey	2025-02-06	0	0	2025-02-24	0.99	6741479541
paid	Graphics & Design	49	LocalForge - Stable Diffusion	ADRIAN ALBU	2026-04-21	0	0	2026-08-04	8.99	6762554052
paid	Graphics & Design	50	Slice - Stencil Print	Oscar Gonzalez Manresa	2026-06-29	0	0	2026-09-11	4.99	6781623417
paid	Graphics & Design	51	PicInsight	辉章 何	2024-07-30	0	0	2024-07-30	0.39	6575390480
paid	Graphics & Design	52	Sketch Grid	supple software ltd	2012-11-10	33	4.39	2025-04-18	2.99	573334305
paid	Graphics & Design	53	Explorer for Sketchfab	Sozzled LLC	2024-01-07	7	2.43	2024-03-18	0.99	6472942395
paid	Graphics & Design	54	Glasswright: Stained Glass	MATTHEW TYLER KERKSTRA	2026-08-10	2	3.5	2026-09-19	9.99	6793246586
paid	Graphics & Design	55	BreeZ	维华 孟	2026-05-21	0	0	2026-05-21	4.99	6765794067
paid	Graphics & Design	56	Yuhu Daily Draw	Yuhu	2025-12-10	0	0	2026-03-25	0.99	6754793316
paid	Graphics & Design	57	What Font for Safari	Alfredo Grassau	2023-10-04	1	5	2026-09-30	2.99	6468666357
paid	Graphics & Design	58	Dark Aura - Aurora Dark Themes	Apps4World	2023-12-20	12	4.25	2026-04-27	1.99	6474502720
paid	Graphics & Design	59	Draw Yourself	Lucio Botteri	2020-04-04	4	4.5	2020-04-07	0.99	1503887488
paid	Graphics & Design	60	Percolator: Drippy Mosaics	Tinrocket, LLC	2010-08-09	1145	4.83	2025-02-13	3.99	385454903
paid	Graphics & Design	61	Sketch Club	blackpawn.com	2010-11-23	2606	4.77	2026-10-02	2.99	404414176
paid	Graphics & Design	62	You Doodle Pro - art on the go	Digital Ruby, LLC	2012-10-17	2006	4.78	2026-06-04	5.99	570448397
paid	Graphics & Design	63	Inspire	snowCanoe	2009-05-13	58	4.47	2023-02-28	9.99	315556628
paid	Graphics & Design	64	Asketch	Andrew Kern	2010-05-18	224	4.39	2023-10-11	1.99	371723593
paid	Graphics & Design	65	StitchSketch	Mozusystems, LLC	2012-05-14	403	4.09	2024-03-20	9.99	525117691
paid	Graphics & Design	66	SvgTrace Classic	SvgTrace	2022-12-05	175	4.47	2026-03-27	12.99	6444320997
paid	Graphics & Design	67	Poetics	Soulincode Inc.	2013-07-09	68	4.22	2025-06-15	2.99	543995959
paid	Graphics & Design	68	Object Removal Pro - Eraser Me	煦慧 蒙	2019-03-09	1471	4.71	2023-01-05	5.99	1454088469
paid	Graphics & Design	69	Sprite Creator	Skyler Lauren	2016-04-27	332	4.59	2025-07-25	3.99	1078225966
paid	Graphics & Design	70	Relax For A Minute	Jonah Calvo	2021-08-08	10	4.2	2026-03-16	0.99	1543821598
paid	Graphics & Design	71	Art Model - Pose & morph tool	Tomi Nevalainen	2017-09-04	56	3.23	2026-04-27	4.99	1271805173
paid	Graphics & Design	72	EDGE touch (pixel art tool)	TAKABO SOFT	2009-09-08	11	4.64	2023-01-06	2.99	329021851
paid	Graphics & Design	73	Kitchen Editor 3D: Design App	Sergii Melnyk	2023-10-09	116	3.52	2026-09-26	6.99	6468807438
paid	Graphics & Design	74	culur: Custom Color by Number	CULUR INC.	2021-05-25	144	4.36	2021-12-14	4.99	1568546440
paid	Graphics & Design	75	ArtRage Vitae Mobile Painting	Ambient Design Ltd.	2021-04-11	50	3.7	2023-10-17	4.99	1521959252
paid	Graphics & Design	76	Color Wheel + Osmosi AI	Studio Schematics, LLC	2019-04-11	4	3.75	2025-11-08	9.99	1459219370
paid	Graphics & Design	77	Real Paint mixing tools	AI4res srl	2018-08-25	18	4.17	2026-08-31	12.99	1431308757
paid	Graphics & Design	78	Face Model: 3D Head Reference	Tomi Nevalainen	2017-09-02	23	3.26	2026-04-28	3.99	1277602139
paid	Graphics & Design	79	Qlone 3D Scanner EDU	EyeCue Vision Tech	2019-01-31	43	4.23	2023-02-28	29.99	1450937082
paid	Graphics & Design	80	ColorHints Mosaic	Jim Calvin	2015-05-19	3	3.67	2026-09-26	1.99	988114672
paid	Graphics & Design	81	Procreate	Savage Interactive Pty Ltd	2011-03-16	50685	4.42	2026-09-18	12.99	425073498
paid	Graphics & Design	82	Litur - Color Library	Jiti	2019-11-28	24	4.46	2026-09-28	2.99	1487096693
paid	Graphics & Design	83	Pixel Studio PRO for pixel art	Farida Yarullina	2019-08-19	73	4.52	2026-08-05	12.99	1476932307
paid	Graphics & Design	84	PieChart Maker	Amado Mata	2021-07-06	7	3.43	2025-06-25	0.99	1575265935
paid	Graphics & Design	85	Color Wheel： Palette ColorGear	Yevhenii Kuzmenko	2020-06-11	22	4.64	2025-01-09	2.99	1512679630
paid	Graphics & Design	86	Mister Icon	Michael Legg	2015-04-12	9	3.44	2026-02-23	2.99	980492665
paid	Graphics & Design	87	Valence 3D	Hi-Rez, LLC	2024-03-14	121	4.2	2026-09-29	19.99	6450967410
paid	Graphics & Design	88	VOSC Visual Particle Synth	Duncan Holby	2013-01-23	27	4.52	2025-02-16	4.99	592599278
paid	Graphics & Design	89	Damaged Photo Restore Suite	GENOVA Softworks	2022-02-03	43	4.23	2026-04-29	9.99	1606933392
paid	Graphics & Design	90	Sanzo Color Palettes	Nicolae Gherasim	2020-09-07	30	4.43	2026-08-30	3.99	1527385328
paid	Graphics & Design	91	SymmetryPad - Doodle in Relax	春 李	2017-07-18	16	4.31	2023-10-19	2.99	1256877803
paid	Graphics & Design	92	Sci-Fi Keyboard	NSTE, LLC	2024-10-29	9	3.67	2024-10-29	3.99	6736796753
paid	Graphics & Design	93	Sketch Tree Pro - My Art Pad	guangxie chen	2018-05-14	275	4.23	2025-07-10	7.99	1380326509
paid	Graphics & Design	94	Graffiti Spray Can Art - KING	Svante Segelson	2023-05-11	0	0	2025-10-13	3.99	6446203280
paid	Graphics & Design	95	Quick Draw: AR Tracing	Aaron Jones	2025-06-22	12	4	2026-09-13	0.99	6747405708
paid	Graphics & Design	96	Looom	IORAMA AB	2020-02-28	122	3.84	2023-11-12	9.99	1454153126
paid	Graphics & Design	97	WatchSketch - Drawing	Andras Solyom	2022-12-15	3	3.67	2024-01-01	0.99	1659728454
paid	Graphics & Design	98	Whiteboard Pro by Qrayon	Qrayon, LLC	2022-06-23	131	4.6	2026-09-24	7.99	1630673303
paid	Graphics & Design	99	Color Harmony by Powsty	Wojciech Walczyszyn	2021-10-27	12	4.58	2026-01-02	1.99	1582701490
paid	Graphics & Design	100	Sketch Ideas - Art Prompts	Nicolae Gherasim	2019-06-02	4	4.75	2026-09-28	1.99	1460774857
